#
# A fatal error has been detected by the Java Runtime Environment:
#
#  EXCEPTION_ACCESS_VIOLATION (0xc0000005) at pc=0x00007ffd8444d914, pid=5004, tid=7792
#
# JRE version: Java(TM) SE Runtime Environment (21.0+35) (build 21+35-LTS-2513)
# Java VM: Java HotSpot(TM) 64-Bit Server VM (21+35-LTS-2513, mixed mode, sharing, tiered, compressed oops, compressed class ptrs, g1 gc, windows-amd64)
# Problematic frame:
# V  [jvm.dll+0x43d914]
#
# No core dump will be written. Minidumps are not enabled by default on client versions of Windows
#
# If you would like to submit a bug report, please visit:
#   https://bugreport.java.com/bugreport/crash.jsp
#

---------------  S U M M A R Y ------------

Command Line: -javaagent:C:\Program Files\JetBrains\IntelliJ IDEA 2025.2.1\lib\idea_rt.jar=61374 -Dfile.encoding=UTF-8 -Dsun.stdout.encoding=UTF-8 -Dsun.stderr.encoding=UTF-8 --module-path=C:\Users\aless\.m2\repository\org\openjfx\javafx-graphics\21.0.6\javafx-graphics-21.0.6-win.jar;C:\Users\aless\.m2\repository\com\microsoft\onnxruntime\onnxruntime\1.17.1\onnxruntime-1.17.1.jar;C:\Users\aless\.m2\repository\org\openjfx\javafx-controls\21.0.6\javafx-controls-21.0.6-win.jar;C:\Users\aless\.m2\repository\org\mindrot\jbcrypt\0.4\jbcrypt-0.4.jar;C:\Users\aless\.m2\repository\org\openjfx\javafx-base\21.0.6\javafx-base-21.0.6-win.jar;C:\Users\aless\OneDrive\Documenten\integration1\game\integration_project1_zaroc\integration_project1_zaroc\target\classes;C:\Users\aless\.m2\repository\org\openjfx\javafx-media\21.0.6\javafx-media-21.0.6-win.jar -Djdk.module.main=game.integration_project1_zaroc game.integration_project1_zaroc/game.integration_project1_zaroc.Main Main

Host: AMD Ryzen 7 7435HS                             , 16 cores, 15G,  Windows 11 , 64 bit Build 26100 (10.0.26100.8246)
Time: Wed Apr 22 10:45:11 2026 Romance Summer Time elapsed time: 214.960311 seconds (0d 0h 3m 34s)

---------------  T H R E A D  ---------------

Current thread (0x000001bbc16aaf50):  JavaThread "pool-12-thread-5"        [_thread_in_vm, id=7792, stack(0x0000008548100000,0x0000008548200000) (1024K)]

Stack: [0x0000008548100000,0x0000008548200000],  sp=0x00000085481feb00,  free space=1018k
Native frames: (J=compiled Java code, j=interpreted, Vv=VM code, C=native code)
V  [jvm.dll+0x43d914]
C  0x00007ffe07dd7338

Java frames: (J=compiled Java code, j=interpreted, Vv=VM code)
J 5043  ai.onnxruntime.OrtSession.run(JJJ[Ljava/lang/String;[JJ[Ljava/lang/String;J[Lai/onnxruntime/OnnxValue;[JJ)[Z com.microsoft.onnxruntime@1.17.1 (0 bytes) @ 0x000001bbddad1434 [0x000001bbddad1340+0x00000000000000f4]
J 5173 c2 ai.onnxruntime.OrtSession.run(Ljava/util/Map;Ljava/util/Set;Ljava/util/Map;Lai/onnxruntime/OrtSession$RunOptions;)Lai/onnxruntime/OrtSession$Result; com.microsoft.onnxruntime@1.17.1 (751 bytes) @ 0x000001bbddb44f7c [0x000001bbddb438e0+0x000000000000169c]
J 5180 c2 game.integration_project1_zaroc.model.ai.ZarocNeuralNet.evaluateBoard(Lgame/integration_project1_zaroc/model/gamelogic/Game;Ljava/lang/String;)D game.integration_project1_zaroc (275 bytes) @ 0x000001bbddb317f8 [0x000001bbddb30fa0+0x0000000000000858]
J 5704 c2 game.integration_project1_zaroc.model.ai.ZarocMCTS.rollout(Lgame/integration_project1_zaroc/model/ai/ZarocNode;)D game.integration_project1_zaroc (57 bytes) @ 0x000001bbddacf78c [0x000001bbddacf5a0+0x00000000000001ec]
J 6292 c1 game.integration_project1_zaroc.model.ai.ZarocMCTS.runMctsThread(Lgame/integration_project1_zaroc/model/gamelogic/Game;ILjava/util/List;)Lgame/integration_project1_zaroc/model/ai/ZarocNode; game.integration_project1_zaroc (72 bytes) @ 0x000001bbd6538a04 [0x000001bbd65387e0+0x0000000000000224]
j  game.integration_project1_zaroc.model.ai.ZarocMCTS.lambda$findBestTurn$0(Lgame/integration_project1_zaroc/model/gamelogic/Game;ILjava/util/List;)Lgame/integration_project1_zaroc/model/ai/ZarocNode;+4 game.integration_project1_zaroc
j  game.integration_project1_zaroc.model.ai.ZarocMCTS$$Lambda+0x000001bb812ff000.call()Ljava/lang/Object;+16 game.integration_project1_zaroc
j  java.util.concurrent.FutureTask.run()V+39 java.base@21
J 6117 c1 java.util.concurrent.ThreadPoolExecutor.runWorker(Ljava/util/concurrent/ThreadPoolExecutor$Worker;)V java.base@21 (187 bytes) @ 0x000001bbd65d73bc [0x000001bbd65d69c0+0x00000000000009fc]
j  java.util.concurrent.ThreadPoolExecutor$Worker.run()V+5 java.base@21
j  java.lang.Thread.runWith(Ljava/lang/Object;Ljava/lang/Runnable;)V+5 java.base@21
j  java.lang.Thread.run()V+19 java.base@21
v  ~StubRoutines::call_stub 0x000001bbdd13100d

siginfo: EXCEPTION_ACCESS_VIOLATION (0xc0000005), reading address 0x0000000000000000


Registers:
RAX=0x0000000000000000, RBX=0x000001bbc16aaf50, RCX=0x000001bbc16ab308, RDX=0x0000000000000000
RSP=0x00000085481feb00, RBP=0x0000000000000001, RSI=0x0000000000000000, RDI=0x0000000000000000
R8 =0x0000000000000000, R9 =0x000000000000005e, R10=0x0000000000000045, R11=0x00007ffe30d81501
R12=0x000001bbf33987d0, R13=0x0000000000000001, R14=0x000001bbf3398720, R15=0x0000000000000000
RIP=0x00007ffd8444d914, EFLAGS=0x0000000000010293


Register to memory mapping:

RAX=0x0 is null
RBX=0x000001bbc16aaf50 is a thread
RCX=0x000001bbc16ab308 points into unknown readable memory: 0x00007ffd84bca600 | 00 a6 bc 84 fd 7f 00 00
RDX=0x0 is null
RSP=0x00000085481feb00 is pointing into the stack for thread: 0x000001bbc16aaf50
RBP=0x0000000000000001 is an unknown value
RSI=0x0 is null
RDI=0x0 is null
R8 =0x0 is null
R9 =0x000000000000005e is an unknown value
R10=0x0000000000000045 is an unknown value
R11=0x00007ffe30d81501 VCRUNTIME140.dll
R12=0x000001bbf33987d0 points into unknown readable memory: 0x000001bbfb0f0f20 | 20 0f 0f fb bb 01 00 00
R13=0x0000000000000001 is an unknown value
R14=0x000001bbf3398720 points into unknown readable memory: 0x000001bbfb0f0e10 | 10 0e 0f fb bb 01 00 00
R15=0x0 is null

Top of Stack: (sp=0x00000085481feb00)
0x00000085481feb00:   0000000000000000 000001bbfb0f0f50
0x00000085481feb10:   000001bbc16aaf50 0000000000000000
0x00000085481feb20:   00007ffd88203be0 0000000000000001
0x00000085481feb30:   000001bbc16ab308 00007ffe07dd7338
0x00000085481feb40:   000001bbfb0f0f50 000001bbfb0f0f50
0x00000085481feb50:   0000000000000000 000001bbfb0f0f50
0x00000085481feb60:   0000000000000001 000001bbf3398720
0x00000085481feb70:   0000000000000001 000001bbfb0f0f50
0x00000085481feb80:   000001bbc16aaf50 00000007fff77c60
0x00000085481feb90:   000001bbf3398720 000001bbf33987d0
0x00000085481feba0:   0000000000000001 000001bbfb0f0f50
0x00000085481febb0:   000001bbfb0f0ea0 000001bbfb0f0e90
0x00000085481febc0:   000001bbf3398640 0000000000000000
0x00000085481febd0:   000001bbfb0f0f30 0000000000000000
0x00000085481febe0:   00000007fff77bf0 000001bbc16aaf50
0x00000085481febf0:   00000007fff77c60 000001bbe2c9a000
0x00000085481fec00:   0000000000000000 00007ffd8834c228
0x00000085481fec10:   00000007fff77c78 000001bbddad14cf
0x00000085481fec20:   00000085481fecc0 000001bb8000e8d8
0x00000085481fec30:   00007ffd88203be0 000001bbfaf2b3d0
0x00000085481fec40:   00007ffd8834c228 00000085481feca8
0x00000085481fec50:   00000085481fecb0 0000000000000001
0x00000085481fec60:   00000085481fecd8 0000000000000001
0x00000085481fec70:   00000085481fece8 00000085481fecf0
0x00000085481fec80:   0000000000000000 00000007048001b8
0x00000085481fec90:   ffffffffffffffff 000001bbdd9b8c6f
0x00000085481feca0:   0000000704800188 00000007ffe50418
0x00000085481fecb0:   00000007ffe50430 0000000704a00610
0x00000085481fecc0:   00000007fff77c40 000001bbddb44f7c
0x00000085481fecd0:   0000000000000001 00000007ffe50448
0x00000085481fece0:   0000000000000001 00000007ffe50460
0x00000085481fecf0:   00000007ffe50478 0000000000000000 

Instructions: (pc=0x00007ffd8444d914)
0x00007ffd8444d814:   08 48 8b 47 18 48 89 41 18 48 8b 4f 08 48 8b 47
0x00007ffd8444d824:   20 48 89 41 20 48 8d 8b 98 03 00 00 e8 9b 92 ed
0x00007ffd8444d834:   ff 90 48 8b c6 48 8b 74 24 58 c7 83 4c 04 00 00
0x00007ffd8444d844:   04 00 00 00 48 8b 5c 24 50 48 83 c4 40 5f c3 cc
0x00007ffd8444d854:   cc cc cc cc cc cc cc cc cc cc cc cc 40 53 55 57
0x00007ffd8444d864:   48 83 ec 20 8b 81 b8 00 00 00 48 8d 99 48 fc ff
0x00007ffd8444d874:   ff 48 89 74 24 40 05 53 21 ff ff 4c 89 7c 24 50
0x00007ffd8444d884:   49 8b f0 48 8b fa 83 f8 01 77 08 48 8b cb e8 69
0x00007ffd8444d894:   e1 fa ff 80 3d 13 2c 7e 00 00 c7 83 4c 04 00 00
0x00007ffd8444d8a4:   06 00 00 00 75 06 e8 21 c1 27 00 90 48 8b 83 50
0x00007ffd8444d8b4:   04 00 00 a8 01 74 0d 45 33 c0 b2 01 48 8b cb e8
0x00007ffd8444d8c4:   68 bd 2e 00 8b 83 48 04 00 00 a8 0c 74 08 48 8b
0x00007ffd8444d8d4:   cb e8 d6 f6 fa ff 48 8b c7 c7 83 4c 04 00 00 06
0x00007ffd8444d8e4:   00 00 00 83 e0 03 48 83 f8 01 75 0f 48 8d 4f ff
0x00007ffd8444d8f4:   ff 15 a6 a0 77 00 48 8b f8 eb 18 48 83 f8 02 75
0x00007ffd8444d904:   0f 48 8d 4f fe ff 15 11 17 77 00 48 8b f8 eb 03
0x00007ffd8444d914:   48 8b 3f 80 3d 00 bc 77 00 00 b9 0c 00 00 00 41
0x00007ffd8444d924:   bf 10 00 00 00 41 8b c7 0f 45 c1 48 63 0c 38 85
0x00007ffd8444d934:   c9 75 11 48 85 f6 74 02 88 0e e8 6d 18 01 00 48
0x00007ffd8444d944:   8b e8 eb 51 4c 89 74 24 48 41 b8 01 00 00 00 b2
0x00007ffd8444d954:   09 4c 8b f1 e8 63 10 c8 ff 48 8b e8 48 85 c0 74
0x00007ffd8444d964:   2f 80 3d b2 bb 77 00 00 b9 18 00 00 00 4d 8b c6
0x00007ffd8444d974:   48 8b d5 49 0f 45 cf 33 c0 48 03 cf 48 85 ff 48
0x00007ffd8444d984:   0f 44 c8 e8 64 e7 bc ff 48 85 f6 74 03 c6 06 01
0x00007ffd8444d994:   4c 8b 74 24 48 48 8b bb 98 01 00 00 4c 8b 7c 24
0x00007ffd8444d9a4:   50 48 8b 74 24 40 48 8b 47 10 48 83 38 00 74 08
0x00007ffd8444d9b4:   48 8b cf e8 54 0e f6 ff 48 8b 4f 08 48 8b 47 10
0x00007ffd8444d9c4:   48 89 41 10 48 8b 4f 08 48 8b 47 18 48 89 41 18
0x00007ffd8444d9d4:   48 8b 4f 08 48 8b 47 20 48 89 41 20 48 8d 8b 98
0x00007ffd8444d9e4:   03 00 00 e8 e4 90 ed ff 90 48 8b c5 c7 83 4c 04
0x00007ffd8444d9f4:   00 00 04 00 00 00 48 83 c4 20 5f 5d 5b c3 cc cc
0x00007ffd8444da04:   cc cc cc cc cc cc cc cc cc cc cc cc 40 53 55 57 


Stack slot to memory mapping:

stack at sp + 0 slots: 0x0 is null
stack at sp + 1 slots: 0x000001bbfb0f0f50 points into unknown readable memory: 0x000001bbc1e25320 | 20 53 e2 c1 bb 01 00 00
stack at sp + 2 slots: 0x000001bbc16aaf50 is a thread
stack at sp + 3 slots: 0x0 is null
stack at sp + 4 slots: 0x00007ffd88203be0 points into unknown readable memory: 0x00007ffd87ee7a30 | 30 7a ee 87 fd 7f 00 00
stack at sp + 5 slots: 0x0000000000000001 is an unknown value
stack at sp + 6 slots: 0x000001bbc16ab308 points into unknown readable memory: 0x00007ffd84bca600 | 00 a6 bc 84 fd 7f 00 00
stack at sp + 7 slots: 0x00007ffe07dd7338 points into unknown readable memory: 0x000000f824848948 | 48 89 84 24 f8 00 00 00


Compiled method (n/a)  215075 5043     n 0       ai.onnxruntime.OrtSession::run (native)
 total in heap  [0x000001bbddad1190,0x000001bbddad1820] = 1680
 relocation     [0x000001bbddad12f0,0x000001bbddad1328] = 56
 main code      [0x000001bbddad1340,0x000001bbddad1812] = 1234
 stub code      [0x000001bbddad1812,0x000001bbddad1818] = 6
 oops           [0x000001bbddad1818,0x000001bbddad1820] = 8

[Constant Pool (empty)]

[MachCode]
[Entry Point]
  # {method} {0x000001bbef0be020} 'run' '(JJJ[Ljava/lang/String;[JJ[Ljava/lang/String;J[Lai/onnxruntime/OnnxValue;[JJ)[Z' in 'ai/onnxruntime/OrtSession'
  # this:     rdx:rdx   = 'ai/onnxruntime/OrtSession'
  # parm0:    r8:r8     = long
  # parm1:    r9:r9     = long
  # parm2:    rdi:rdi   = long
  # parm3:    rsi:rsi   = '[Ljava/lang/String;'
  # parm4:    rcx:rcx   = '[J'
  # parm5:    [sp+0xb0]   = long  (sp of caller)
  # parm6:    [sp+0xb8]   = '[Ljava/lang/String;'
  # parm7:    [sp+0xc0]   = long
  # parm8:    [sp+0xc8]   = '[Lai/onnxruntime/OnnxValue;'
  # parm9:    [sp+0xd0]   = '[J'
  # parm10:   [sp+0xd8]   = long
  0x000001bbddad1340: 448b 5208 | 49bb 0000 | 0080 bb01 | 0000 4d03 | d349 3bc2 | 0f84 0600 

  0x000001bbddad1358: ;   {runtime_call ic_miss_stub}
  0x000001bbddad1358: 0000 e921 | d46a ff90 
[Verified Entry Point]
  0x000001bbddad1360: 8984 2400 | 80ff ff55 | 488b ec48 | 81ec a000 | 0000 6690 | 4181 7f20 | 8e00 0000 

  0x000001bbddad137c: ;   {runtime_call StubRoutines (final stubs)}
  0x000001bbddad137c: 7405 e8dd | 3969 ff48 | 8b45 3848 | 8944 2460 | 4883 7d30 | 0048 8d45 | 3048 0f44 | 4530 4889 
  0x000001bbddad139c: 4424 5848 | 837d 2800 | 488d 4528 | 480f 4445 | 2848 8944 | 2450 488b | 4520 4889 | 4424 4848 
  0x000001bbddad13bc: 837d 1800 | 488d 4518 | 480f 4445 | 1848 8944 | 2440 488b | 4510 4889 | 4424 3848 | 898c 2490 
  0x000001bbddad13dc: 0000 0048 | 83f9 0048 | 8d84 2490 | 0000 0048 | 0f44 8424 | 9000 0000 | 4889 4424 | 3048 89b4 
  0x000001bbddad13fc: 2488 0000 | 0048 83fe | 0048 8d84 | 2488 0000 | 0048 0f44 | 8424 8800 | 0000 4889 | 4424 2848 
  0x000001bbddad141c: 897c 2420 | 4889 5424 | 6848 83fa | 0048 8d54 | 2468 480f | 4454 2468 

  0x000001bbddad1434: ;   {internal_word}
  0x000001bbddad1434: c5f8 7749 | ba34 14ad | ddbb 0100 | 004d 8997 | a003 0000 | 4989 a798 

  0x000001bbddad144c: ;   {external_word}
  0x000001bbddad144c: 0300 0049 | ba19 05c3 | 84fd 7f00 | 0041 803a | 000f 844e | 0000 0052 | 4150 4151 

  0x000001bbddad1468: ;   {metadata({method} {0x000001bbef0be020} 'run' '(JJJ[Ljava/lang/String;[JJ[Ljava/lang/String;J[Lai/onnxruntime/OnnxValue;[JJ)[Z' in 'ai/onnxruntime/OrtSession')}
  0x000001bbddad1468: 48ba 18e0 | 0bef bb01 | 0000 498b | cf48 83ec | 2040 f6c4 | 0f0f 8419 | 0000 0048 

  0x000001bbddad1484: ;   {runtime_call}
  0x000001bbddad1484: 83ec 0848 | b880 e873 | 84fd 7f00 | 00ff d048 | 83c4 08e9 | 0c00 0000 

  0x000001bbddad149c: ;   {runtime_call}
  0x000001bbddad149c: 48b8 80e8 | 7384 fd7f | 0000 ffd0 | 4883 c420 | 4159 4158 | 5a49 8d8f | b803 0000 | 41c7 874c 
  0x000001bbddad14bc: 0400 0004 

  0x000001bbddad14c0: ;   {runtime_call}
  0x000001bbddad14c0: 0000 0048 | b8c0 6edd | 07fe 7f00 | 00ff d0c5 | f877 41c7 | 874c 0400 | 0005 0000 | 00f0 8344 
  0x000001bbddad14e0: 24c0 0049 | 3baf 5004 | 0000 0f87 | 0e00 0000 | 4183 bf48 | 0400 0000 | 0f84 2b00 | 0000 c5f8 
  0x000001bbddad1500: 7748 8945 | f849 8bcf | 4c8b e448 | 83ec 2048 

  0x000001bbddad1510: ;   {runtime_call}
  0x000001bbddad1510: 83e4 f048 | b870 bc3f | 84fd 7f00 | 00ff d049 | 8be4 4d33 | e448 8b45 | f841 c787 | 4c04 0000 
  0x000001bbddad1530: 0800 0000 | 4183 bfc8 | 0400 0002 | 0f84 a302 

  0x000001bbddad1540: ;   {external_word}
  0x000001bbddad1540: 0000 49ba | 1905 c384 | fd7f 0000 | 4180 3a00 | 0f84 4c00 | 0000 4889 

  0x000001bbddad1558: ;   {metadata({method} {0x000001bbef0be020} 'run' '(JJJ[Ljava/lang/String;[JJ[Ljava/lang/String;J[Lai/onnxruntime/OnnxValue;[JJ)[Z' in 'ai/onnxruntime/OrtSession')}
  0x000001bbddad1558: 45f8 48ba | 18e0 0bef | bb01 0000 | 498b cf48 | 83ec 2040 | f6c4 0f0f | 8419 0000 | 0048 83ec 
  0x000001bbddad1578: ;   {runtime_call}
  0x000001bbddad1578: 0848 b880 | e873 84fd | 7f00 00ff | d048 83c4 | 08e9 0c00 

  0x000001bbddad158c: ;   {runtime_call}
  0x000001bbddad158c: 0000 48b8 | 80e8 7384 | fd7f 0000 | ffd0 4883 | c420 488b | 45f8 49c7 | 8798 0300 | 0000 0000 
  0x000001bbddad15ac: 0049 c787 | a003 0000 | 0000 0000 | c5f8 7748 | 85c0 0f84 | fe01 0000 | a803 0f85 | 0800 0000 
  0x000001bbddad15cc: 488b 00e9 | ee01 0000 | a801 0f85 | 0900 0000 | 488b 40fe | e9dd 0100 | 0048 8b40 | ff41 807f 
  0x000001bbddad15ec: 4000 0f84 | ce01 0000 | 4883 f800 | 0f84 c401 | 0000 498b | 4f28 4883 | f900 0f84 | 1400 0000 
  0x000001bbddad160c: 4883 e908 | 4989 4f28 | 4903 4f38 | 4889 01e9 | a201 0000 | 4881 ecd0 | 0000 0048 | 8904 2448 
  0x000001bbddad162c: 894c 2408 | 4889 5424 | 1048 8974 | 2418 4889 | 7c24 204c | 8944 2428 | 4c89 4c24 | 304c 8954 
  0x000001bbddad164c: 2438 4c89 | 5c24 40c5 | fb11 4424 | 50c5 fb11 | 4c24 58c5 | fb11 5424 | 60c5 fb11 | 5c24 68c5 
  0x000001bbddad166c: fb11 6424 | 70c5 fb11 | 6c24 78c5 | fb11 b424 | 8000 0000 | c5fb 11bc | 2488 0000 | 00c5 7b11 
  0x000001bbddad168c: ;   {no_reloc}
  0x000001bbddad168c: 8424 9000 | 0000 c57b | 118c 2498 | 0000 00c5 | 7b11 9424 | a000 0000 | c57b 119c | 24a8 0000 
  0x000001bbddad16ac: 00c5 7b11 | a424 b000 | 0000 c57b | 11ac 24b8 | 0000 00c5 | 7b11 b424 | c000 0000 | c57b 11bc 
  0x000001bbddad16cc: 24c8 0000 | 0049 8bd7 | 488b c848 | 83ec 2040 | f6c4 0f0f | 8419 0000 | 0048 83ec 

  0x000001bbddad16e8: ;   {runtime_call}
  0x000001bbddad16e8: 0848 b880 | 2033 84fd | 7f00 00ff | d048 83c4 | 08e9 0c00 

  0x000001bbddad16fc: ;   {runtime_call}
  0x000001bbddad16fc: 0000 48b8 | 8020 3384 | fd7f 0000 | ffd0 4883 | c420 c57b | 10bc 24c8 | 0000 00c5 | 7b10 b424 
  0x000001bbddad171c: c000 0000 | c57b 10ac | 24b8 0000 | 00c5 7b10 | a424 b000 | 0000 c57b | 109c 24a8 | 0000 00c5 
  0x000001bbddad173c: 7b10 9424 | a000 0000 | c57b 108c | 2498 0000 | 00c5 7b10 | 8424 9000 | 0000 c5fb | 10bc 2488 
  0x000001bbddad175c: 0000 00c5 | fb10 b424 | 8000 0000 | c5fb 106c | 2478 c5fb | 1064 2470 | c5fb 105c | 2468 c5fb 
  0x000001bbddad177c: 1054 2460 | c5fb 104c | 2458 c5fb | 1044 2450 | 4c8b 5c24 | 404c 8b54 | 2438 4c8b | 4c24 304c 
  0x000001bbddad179c: 8b44 2428 | 488b 7c24 | 2048 8b74 | 2418 488b | 5424 1048 | 8b4c 2408 | 488b 0424 | 4881 c4d0 
  0x000001bbddad17bc: 0000 00c5 | f877 498b | 8f28 0400 | 00c7 8100 | 0100 0000 | 0000 00c9 | 4983 7f08 | 000f 8501 
  0x000001bbddad17dc: 0000 00c3 

  0x000001bbddad17e0: ;   {runtime_call StubRoutines (initial stubs)}
  0x000001bbddad17e0: e91b f765 | ffc5 f877 | 4889 45f8 | 4c8b e448 | 83ec 2048 

  0x000001bbddad17f4: ;   {runtime_call}
  0x000001bbddad17f4: 83e4 f048 | b8b0 2074 | 84fd 7f00 | 00ff d049 | 8be4 4d33 | e448 8b45 | f8e9 30fd | ffff f4f4 
  0x000001bbddad1814: f4f4 f4f4 
[/MachCode]


Compiled method (c2)  215088 5173       4       ai.onnxruntime.OrtSession::run (751 bytes)
 total in heap  [0x000001bbddb43310,0x000001bbddb4afa0] = 31888
 relocation     [0x000001bbddb43470,0x000001bbddb438b0] = 1088
 constants      [0x000001bbddb438c0,0x000001bbddb438e0] = 32
 main code      [0x000001bbddb438e0,0x000001bbddb482e8] = 18952
 stub code      [0x000001bbddb482e8,0x000001bbddb48348] = 96
 oops           [0x000001bbddb48348,0x000001bbddb48370] = 40
 metadata       [0x000001bbddb48370,0x000001bbddb485c0] = 592
 scopes data    [0x000001bbddb485c0,0x000001bbddb4a2d8] = 7448
 scopes pcs     [0x000001bbddb4a2d8,0x000001bbddb4ab38] = 2144
 dependencies   [0x000001bbddb4ab38,0x000001bbddb4ab80] = 72
 handler table  [0x000001bbddb4ab80,0x000001bbddb4aec8] = 840
 nul chk table  [0x000001bbddb4aec8,0x000001bbddb4afa0] = 216


[Constant Pool]
             Address          hex4                    hex8      
  0x000001bbddb438c0:   0x00000000      0x3ff0000000000000      
  0x000001bbddb438c4:   0x3ff00000                              
  0x000001bbddb438c8:   0x00000000      0x3fe8000000000000      
  0x000001bbddb438cc:   0x3fe80000                              
  0x000001bbddb438d0:   0xf4f4f4f4      0xf4f4f4f4f4f4f4f4      
  0x000001bbddb438d4:   0xf4f4f4f4                              
  0x000001bbddb438d8:   0xf4f4f4f4      0xf4f4f4f4f4f4f4f4      
  0x000001bbddb438dc:   0xf4f4f4f4                              

[MachCode]
[Entry Point]
  # {method} {0x000001bbef0bd378} 'run' '(Ljava/util/Map;Ljava/util/Set;Ljava/util/Map;Lai/onnxruntime/OrtSession$RunOptions;)Lai/onnxruntime/OrtSession$Result;' in 'ai/onnxruntime/OrtSession'
  # this:     rdx:rdx   = 'ai/onnxruntime/OrtSession'
  # parm0:    r8:r8     = 'java/util/Map'
  # parm1:    r9:r9     = 'java/util/Set'
  # parm2:    rdi:rdi   = 'java/util/Map'
  # parm3:    rsi:rsi   = 'ai/onnxruntime/OrtSession$RunOptions'
  #           [sp+0x110]  (sp of caller)
  0x000001bbddb438e0: ;   {no_reloc}
  0x000001bbddb438e0: 448b 5208 | 49bb 0000 | 0080 bb01 | 0000 4d03 | d349 3bc2 

  0x000001bbddb438f4: ;   {runtime_call ic_miss_stub}
  0x000001bbddb438f4: 0f85 86ae | 63ff 6690 | 0f1f 4000 
[Verified Entry Point]
  0x000001bbddb43900: 8984 2400 | 80ff ff55 | 4881 ec00 | 0100 0090 | 4181 7f20 | 8e00 0000 | 0f85 bd49 | 0000 4889 
  0x000001bbddb43920: 7424 5048 | 8994 24a0 | 0000 0044 | 0fb6 5a0c | 4585 db0f | 85bf 3800 | 0049 8bd8 

  0x000001bbddb4393c: ; implicit exception: dispatches to 0x000001bbddb47f70
  0x000001bbddb4393c: 458b 5808 

  0x000001bbddb43940: ;   {metadata('java/util/HashMap')}
  0x000001bbddb43940: 4181 fba0 | d408 000f | 8573 3500 | 008b 6b14 | 85ed 0f84 | 703a 0000 | 4c8b 5218 | 4c63 c54d 
  0x000001bbddb43960: 3bc2 0f8f | 903a 0000 

  0x000001bbddb43968: ; implicit exception: dispatches to 0x000001bbddb47f88
  0x000001bbddb43968: 458b 5108 

  0x000001bbddb4396c: ;   {metadata('java/util/LinkedHashSet')}
  0x000001bbddb4396c: 4181 fa60 | 9b0f 000f | 857b 3500 | 0049 8bf1 | 448b 5e0c 

  0x000001bbddb43980: ; implicit exception: dispatches to 0x000001bbddb47fa0
  0x000001bbddb43980: 478b 54dc | 1444 8b4f 

  0x000001bbddb43988: ;   {metadata('java/util/Collections$EmptyMap')}
  0x000001bbddb43988: 0841 81f9 | 30ac 1d00 | 0f85 9235 | 0000 4585 | d20f 8485 | 3a00 004c | 8b5a 204d | 63ca 4d3b 
  0x000001bbddb439a8: cb0f 8f99 | 3a00 004c | 63dd 81fd | 0000 0400 | 0f87 aa34 | 0000 4d8b | cb48 89bc | 24b0 0000 
  0x000001bbddb439c8: 0081 fd00 | 0004 000f | 8795 2c00 | 004d 8b97 | b801 0000 | 4a8d 0c8d | 1700 0000 | 488b f948 
  0x000001bbddb439e8: 83e7 f84d | 8bca 4c03 | cf4d 3b8f | c801 0000 | 0f83 6c2c | 0000 4d89 | 8fb8 0100 | 0049 8bfa 
  0x000001bbddb43a08: 4883 c710 | 49c7 0201 | 0000 0041 | 0f18 8100 

  0x000001bbddb43a18: ;   {metadata('java/lang/String'[])}
  0x000001bbddb43a18: 0100 0041 | c742 0878 | ec00 0041 | 896a 0c41 | 0f18 8140 | 0100 0041 | 0f18 8180 | 0100 0048 
  0x000001bbddb43a38: c1e9 0348 | 83c1 fe48 | 33c0 4883 | f908 7f10 | 48ff c978 | 4f48 8904 | cf48 ffc9 | 7df7 eb44 
  0x000001bbddb43a58: c5fd efc0 | e90d 0000 | 00c5 fe7f | 07c5 fe7f | 4720 4883 | c740 4883 | e908 7ded | 4883 c104 
  0x000001bbddb43a78: 7c0c c5fe | 7f07 4883 | c720 4883 | e904 4883 | c104 7e10 | 48ff c9c5 | f9d6 0748 | 83c7 0848 
  0x000001bbddb43a98: ffc9 7df3 | 4c89 9424 | b800 0000 | 81fd 0000 | 0200 0f87 | c033 0000 | 81fd 0000 | 0200 0f87 
  0x000001bbddb43ab8: 182c 0000 | 4d8b 97b8 | 0100 004f | 8d44 da10 | 4d3b 87c8 | 0100 000f | 83ff 2b00 | 004d 8987 
  0x000001bbddb43ad8: b801 0000 | 410f 1880 | 0001 0000 | 49c7 0201 | 0000 0041 | 0f18 8040 

  0x000001bbddb43af0: ;   {metadata({type array long})}
  0x000001bbddb43af0: 0100 0041 | c742 0880 | 2a00 0041 | 896a 0c41 | 0f18 8080 | 0100 0049 | 8bfa 4883 | c710 4983 
  0x000001bbddb43b10: c302 49b8 | ffff ffff | ffff ff1f | 4d23 d849 | 83c3 fe49 | 8bcb 4833 | c048 83f9 | 087f 1048 
  0x000001bbddb43b30: ffc9 784f | 4889 04cf | 48ff c97d | f7eb 44c5 | fdef c0e9 | 0d00 0000 | c5fe 7f07 | c5fe 7f47 
  0x000001bbddb43b50: 2048 83c7 | 4048 83e9 | 087d ed48 | 83c1 047c | 0cc5 fe7f | 0748 83c7 | 2048 83e9 | 0448 83c1 
  0x000001bbddb43b70: 047e 1048 | ffc9 c5f9 | d607 4883 | c708 48ff | c97d f34c | 8994 24c0 | 0000 0044 | 8b5b 2845 
  0x000001bbddb43b90: 85db 0f85 | 7836 0000 | 498b bfb8 | 0100 004c | 8bd7 4983 | c210 4d3b | 97c8 0100 | 000f 8347 
  0x000001bbddb43bb0: 2a00 004d | 8997 b801 | 0000 410f | 1882 0001 | 0000 48c7 | 0701 0000 

  0x000001bbddb43bc8: ;   {metadata('java/util/HashMap$EntrySet')}
  0x000001bbddb43bc8: 00c7 4708 | b854 1a00 | 4c8b d349 | c1ea 0344 | 8957 0c41 | 807f 4000 | 0f85 1b22 | 0000 4c8b 
  0x000001bbddb43be8: db4c 8bc7 | 4d33 c34c | 8bd7 49c1 | ea03 4489 | 5328 49c1 | e815 89ac | 24cc 0000 | 004d 85c0 
  0x000001bbddb43c08: 741a 49c1 | eb09 48b9 | 00a0 c9e2 | bb01 0000 | 4903 cb80 | 3902 0f85 | 3123 0000 | 488b cb44 
  0x000001bbddb43c28: 8b53 2445 | 85d2 0f84 | a31d 0000 | 8b5b 1844 | 8b41 1445 | 85c0 0f8e | 8039 0000 | 478b 5cd4 
  0x000001bbddb43c48: 0c45 85db | 0f86 b239 | 0000 458d | 4bff 453b | cb0f 831c | 3400 004b | 8d14 d441 | b9e8 0300 
  0x000001bbddb43c68: 0048 b800 | a0c9 e2bb | 0100 0045 | 33d2 458b | c345 2bc2 | 33ff 453b | da44 0f4c | c741 81f8 
  0x000001bbddb43c88: e803 0000 | 450f 47c1 | 4503 c248 | 89b4 24a8 | 0000 0048 | 8984 24d8 | 0000 0048 | 898c 2498 
  0x000001bbddb43ca8: 0000 0089 | 9c24 8400 | 0000 eb0f | 660f 1f44 | 0000 660f | 1f44 0000 | 448b d341 | 8bfa 468b 
  0x000001bbddb43cc8: ;   {no_reloc}
  0x000001bbddb43cc8: 5492 1044 | 8994 2480 | 0000 0045 | 85d2 7419 | ffc7 4533 | c045 33d2 | 897c 2478 | 4489 9424 
  0x000001bbddb43ce8: c800 0000 | e9aa 1900 | 008d 5f01 | 413b d87c | c74d 8b87 | 5804 0000 | 448b d741 

  0x000001bbddb43d04: ; ImmutableOopMap {rdx=Oop [80]=Oop [128]=NarrowOop [152]=Oop [160]=Oop [168]=Oop [176]=Oop [184]=Oop [192]=Oop }
                      ;*ifnull {reexecute=1 rethrow=0 return_oop=0}
                      ; - (reexecute) java.util.HashMap$HashIterator::<init>@75 (line 1593)
                      ; - java.util.HashMap$EntryIterator::<init>@2 (line 1636)
                      ; - java.util.HashMap$EntrySet::iterator@8 (line 1106)
                      ; - ai.onnxruntime.OrtSession::run@185 (line 350)
                      ;   {poll}
  0x000001bbddb43d04: ffc2 4185 | 0041 3bdb | 0f8d 1640 | 0000 448b | c348 8bb4 | 24a8 0000 | 0048 8b84 | 24d8 0000 
  0x000001bbddb43d24: 0048 8b8c | 2498 0000 | 008b 9c24 | 8400 0000 | 458b d0e9 | 3aff ffff | 8954 2478 | 448b 5c24 
  0x000001bbddb43d44: 7841 ffc3 | 4489 5c24 | 784c 8b94 | 24a0 0000 | 0045 8b52 | 2c44 8b9c | 2480 0000 | 0047 8b44 
  0x000001bbddb43d64: dc10 4489 | 4424 7047 | 8b5c d408 

  0x000001bbddb43d70: ;   {metadata('java/util/LinkedHashSet')}
  0x000001bbddb43d70: 4181 fb60 | 9b0f 000f | 8523 3000 | 0049 c1e2 | 0345 8b52 | 0c47 8b44 | d408 4f8d | 0cd4 448b 
  0x000001bbddb43d90: 5c24 7049 | c1e3 034c | 895c 2438 

  0x000001bbddb43d9c: ;   {metadata('java/util/LinkedHashMap')}
  0x000001bbddb43d9c: 4181 f8e8 | ef0f 000f | 8402 0200 

  0x000001bbddb43da8: ;   {metadata('java/util/HashMap')}
  0x000001bbddb43da8: 0041 81f8 | a0d4 0800 | 0f85 9633 | 0000 458b | 5924 4585 | db0f 8420 | 1a00 0047 | 8b54 dc0c 
  0x000001bbddb43dc8: 4585 d20f | 8643 3900 | 004b 8d2c | dc44 8b5c | 2470 4585 | db0f 8488 | 2500 0045 | 8bc3 478b 
  0x000001bbddb43de8: 44c4 0841 | ffca 4489 | 5424 404b | 8d14 dc49 | ba00 0000 | 80bb 0100 | 004d 03d0 | 4d8b 92e0 
  0x000001bbddb43e08: ;   {metadata({method} {0x000001bb80001190} 'hashCode' '()I' in 'java/lang/Object')}
  0x000001bbddb43e08: 0100 0049 | bb88 1100 | 80bb 0100 | 004d 3bd3 | 0f85 6025 | 0000 4c8b | 124d 8bda | 4983 e303 
  0x000001bbddb43e28: 4983 fb01 | 0f85 4c25 | 0000 49c1 | ea08 418b | c225 ffff | ff7f 85c0 | 0f84 3825 | 0000 448b 
  0x000001bbddb43e48: d041 c1ea | 1044 33d0 | 458b c244 | 2344 2440 | 4489 9424 | 8c00 0000 | 468b 5c85 | 1044 899c 
  0x000001bbddb43e68: 2488 0000 | 0045 85db | 0f84 6d19 | 0000 478b | 54dc 0c4b | 8d2c dc44 | 3b94 248c | 0000 0074 
  0x000001bbddb43e88: 6247 8b5c | dc18 4585 | db0f 844c | 1900 0044 | 8b84 2488 | 0000 0047 | 8b44 c408 

  0x000001bbddb43ea4: ;   {metadata('java/util/HashMap$TreeNode')}
  0x000001bbddb43ea4: 4181 f8c0 | 2e1a 000f | 8507 1900 | 0048 8bd5 | 448b 8424 | 8c00 0000 | 4c8b 4c24 | 3848 8bac 
  0x000001bbddb43ec4: 2498 0000 | 0066 6690 

  0x000001bbddb43ecc: ;   {optimized virtual_call}
  0x000001bbddb43ecc: c5f8 77e8 

  0x000001bbddb43ed0: ; ImmutableOopMap {rbp=Oop [48]=Oop [80]=Oop [124]=NarrowOop [128]=NarrowOop [152]=Oop [160]=Oop [168]=Oop [176]=Oop [184]=Oop [192]=Oop }
                      ;*invokevirtual getTreeNode {reexecute=0 rethrow=0 return_oop=1}
                      ; - java.util.HashMap::getNode@95 (line 582)
                      ; - java.util.HashMap::containsKey@2 (line 602)
                      ; - java.util.HashSet::contains@5 (line 213)
                      ; - ai.onnxruntime.OrtSession::run@225 (line 351)
  0x000001bbddb43ed0: acab 63ff 

  0x000001bbddb43ed4: ;   {other}
  0x000001bbddb43ed4: 0f1f 8400 | c40b 0001 | 4533 d248 | 85c0 410f | 95c2 e9c8 | 0200 0047 | 8b5c dc10 | 448b 4424 
  0x000001bbddb43ef4: 7045 3bd8 | 0f84 a200 | 0000 4585 | c00f 8451 | 3a00 004d | 8bc3 49c1 | e003 448b | 5c24 704b 
  0x000001bbddb43f14: 8d14 dc66 | 6690 c5f8 | 7748 b8ff | ffff ffff 

  0x000001bbddb43f24: ;   {virtual_call}
  0x000001bbddb43f24: ffff ffe8 

  0x000001bbddb43f28: ; ImmutableOopMap {rbp=Oop [48]=Oop [80]=Oop [112]=NarrowOop [124]=NarrowOop [128]=NarrowOop [136]=NarrowOop [152]=Oop [160]=Oop [168]=Oop [176]=Oop [184]=Oop [192]=Oop }
                      ;*invokevirtual equals {reexecute=0 rethrow=0 return_oop=0}
                      ; - java.util.HashMap::getNode@63 (line 578)
                      ; - java.util.HashMap::containsKey@2 (line 602)
                      ; - java.util.HashSet::contains@5 (line 213)
                      ; - ai.onnxruntime.OrtSession::run@225 (line 351)
  0x000001bbddb43f28: 54ae 63ff 

  0x000001bbddb43f2c: ;   {other}
  0x000001bbddb43f2c: 0f1f 8400 | 1c0c 0002 | 85c0 7568 | ba45 ffff | ff48 8bac | 24a0 0000 | 004c 8b54 | 2450 4c89 
  0x000001bbddb43f4c: 5424 4044 | 8b5c 2470 | 4489 5c24 | 6044 8b94 | 2484 0000 | 0044 8954 | 2464 448b | 5c24 7844 
  0x000001bbddb43f6c: 895c 2468 | 448b 5424 | 7c44 8954 | 246c 448b | 9c24 8000 | 0000 4489 | 5c24 7089 | 8424 8400 
  0x000001bbddb43f8c: 0000 6690 

  0x000001bbddb43f90: ;   {runtime_call UncommonTrapBlob}
  0x000001bbddb43f90: c5f8 77e8 

  0x000001bbddb43f94: ; ImmutableOopMap {rbp=Oop [64]=Oop [96]=NarrowOop [108]=NarrowOop [112]=NarrowOop [136]=NarrowOop [152]=Oop [168]=Oop [176]=Oop [184]=Oop [192]=Oop }
                      ;*ifeq {reexecute=1 rethrow=0 return_oop=0}
                      ; - (reexecute) java.util.HashMap::getNode@66 (line 578)
                      ; - java.util.HashMap::containsKey@2 (line 602)
                      ; - java.util.HashSet::contains@5 (line 213)
                      ; - ai.onnxruntime.OrtSession::run@225 (line 351)
  0x000001bbddb43f94: 6806 64ff 

  0x000001bbddb43f98: ;   {other}
  0x000001bbddb43f98: 0f1f 8400 | 880c 0003 | 41ba 0100 | 0000 e908 | 0200 0045 | 8b59 2445 | 85db 0f84 | f801 0000 
  0x000001bbddb43fb8: 478b 44dc | 0c45 85c0 | 0f86 ee31 | 0000 4b8d | 2cdc 448b | 5424 7045 | 85d2 0f84 | fa1d 0000 
  0x000001bbddb43fd8: 478b 54d4 | 0841 ffc8 | 4489 4424 | 4044 8b5c | 2470 4b8d | 14dc 49bb | 0000 0080 | bb01 0000 
  0x000001bbddb43ff8: 4d03 da4d | 8b93 e001 

  0x000001bbddb44000: ;   {metadata({method} {0x000001bb80001190} 'hashCode' '()I' in 'java/lang/Object')}
  0x000001bbddb44000: 0000 49bb | 8811 0080 | bb01 0000 | 4d3b d30f | 85cd 1d00 | 004c 8b12 | 4d8b da49 | 83e3 0349 
  0x000001bbddb44020: 83fb 010f | 85b9 1d00 | 0049 c1ea | 0841 8bc2 | 25ff ffff | 7f85 c00f | 84a5 1d00 | 0044 8bd0 
  0x000001bbddb44040: 41c1 ea10 | 4433 d045 | 8bc2 4423 | 4424 4044 | 8954 2474 | 468b 5c85 | 1044 899c | 24d0 0000 
  0x000001bbddb44060: 0045 85db | 0f84 4601 | 0000 478b | 54dc 0c4b | 8d2c dc44 | 3b54 2474 | 7455 478b | 5cdc 1845 
  0x000001bbddb44080: 85db 0f84 | 2801 0000 | 448b 9424 | d000 0000 | 478b 44d4 

  0x000001bbddb44094: ;   {metadata('java/util/HashMap$TreeNode')}
  0x000001bbddb44094: 0841 81f8 | c02e 1a00 | 0f85 7119 | 0000 488b | d544 8b44 | 2474 4c8b | 4c24 3890 

  0x000001bbddb440b0: ;   {optimized virtual_call}
  0x000001bbddb440b0: c5f8 77e8 

  0x000001bbddb440b4: ; ImmutableOopMap {[48]=Oop [80]=Oop [124]=NarrowOop [128]=NarrowOop [152]=Oop [160]=Oop [168]=Oop [176]=Oop [184]=Oop [192]=Oop }
                      ;*invokevirtual getTreeNode {reexecute=0 rethrow=0 return_oop=1}
                      ; - java.util.HashMap::getNode@95 (line 582)
                      ; - java.util.HashMap::containsKey@2 (line 602)
                      ; - java.util.HashSet::contains@5 (line 213)
                      ; - ai.onnxruntime.OrtSession::run@225 (line 351)
  0x000001bbddb440b4: c8a9 63ff 

  0x000001bbddb440b8: ;   {other}
  0x000001bbddb440b8: 0f1f 8400 | a80d 0004 | 4533 d248 | 85c0 410f | 95c2 e9e4 | 0000 0047 | 8b5c dc10 | 448b 4424 
  0x000001bbddb440d8: 7045 3bd8 | 0f84 aa00 | 0000 4585 | c00f 8409 | 3800 004d | 8bc3 49c1 | e003 448b | 5c24 704b 
  0x000001bbddb440f8: 8d14 dc66 | 6690 c5f8 | 7748 b8ff | ffff ffff 

  0x000001bbddb44108: ;   {virtual_call}
  0x000001bbddb44108: ffff ffe8 

  0x000001bbddb4410c: ; ImmutableOopMap {rbp=Oop [48]=Oop [80]=Oop [112]=NarrowOop [124]=NarrowOop [128]=NarrowOop [152]=Oop [160]=Oop [168]=Oop [176]=Oop [184]=Oop [192]=Oop [208]=NarrowOop }
                      ;*invokevirtual equals {reexecute=0 rethrow=0 return_oop=0}
                      ; - java.util.HashMap::getNode@63 (line 578)
                      ; - java.util.HashMap::containsKey@2 (line 602)
                      ; - java.util.HashSet::contains@5 (line 213)
                      ; - ai.onnxruntime.OrtSession::run@225 (line 351)
  0x000001bbddb4410c: 70ac 63ff 

  0x000001bbddb44110: ;   {other}
  0x000001bbddb44110: 0f1f 8400 | 000e 0005 | 85c0 7570 | ba45 ffff | ff48 8bac | 24a0 0000 | 004c 8b54 | 2450 4c89 
  0x000001bbddb44130: 5424 4044 | 8b5c 2470 | 4489 5c24 | 6044 8b54 | 2474 4489 | 5424 6844 | 8b9c 2484 | 0000 0044 
  0x000001bbddb44150: 895c 246c | 448b 5424 | 7844 8954 | 2470 448b | 5c24 7c44 | 895c 2474 | 448b 9424 | 8000 0000 
  0x000001bbddb44170: 4489 5424 | 7889 4424 | 7c66 6690 

  0x000001bbddb4417c: ;   {runtime_call UncommonTrapBlob}
  0x000001bbddb4417c: c5f8 77e8 

  0x000001bbddb44180: ; ImmutableOopMap {rbp=Oop [64]=Oop [96]=NarrowOop [116]=NarrowOop [120]=NarrowOop [152]=Oop [168]=Oop [176]=Oop [184]=Oop [192]=Oop [208]=NarrowOop }
                      ;*ifeq {reexecute=1 rethrow=0 return_oop=0}
                      ; - (reexecute) java.util.HashMap::getNode@66 (line 578)
                      ; - java.util.HashMap::containsKey@2 (line 602)
                      ; - java.util.HashSet::contains@5 (line 213)
                      ; - ai.onnxruntime.OrtSession::run@225 (line 351)
  0x000001bbddb44180: 7c04 64ff 

  0x000001bbddb44184: ;   {other}
  0x000001bbddb44184: 0f1f 8400 | 740e 0006 | 41ba 0100 | 0000 eb1f | 4d8b 9758 | 0400 0044 

  0x000001bbddb4419c: ; ImmutableOopMap {r8=NarrowOop [48]=Oop [80]=Oop [112]=NarrowOop [124]=NarrowOop [128]=NarrowOop [152]=Oop [160]=Oop [168]=Oop [176]=Oop [184]=Oop [192]=Oop }
                      ;*ifnonnull {reexecute=1 rethrow=0 return_oop=0}
                      ; - (reexecute) java.util.HashMap::getNode@145 (line 587)
                      ; - java.util.HashMap::containsKey@2 (line 602)
                      ; - java.util.HashSet::contains@5 (line 213)
                      ; - ai.onnxruntime.OrtSession::run@225 (line 351)
                      ;   {poll}
  0x000001bbddb4419c: 8b45 1841 | 8502 4585 | c074 094b | 8d2c c4e9 | 6718 0000 | 4533 d245 | 85d2 0f84 | 6c2f 0000 
  0x000001bbddb441bc: 448b 9c24 | 8000 0000 | 478b 54dc | 1047 8b5c 

  0x000001bbddb441cc: ;   {metadata('java/lang/String')}
  0x000001bbddb441cc: d408 4181 | fbd8 e800 | 000f 85b9 | 3b00 004b | 8d1c d444 | 8b94 24c8 | 0000 0044 | 3b94 24cc 
  0x000001bbddb441ec: 0000 000f | 8370 2b00 | 0048 63bc | 24c8 0000 | 004c 8b94 | 24b8 0000 | 0049 8d74 | ba10 4180 
  0x000001bbddb4420c: 7f40 000f | 85dc 1a00 | 004c 8bd3 | 4c8b de4d | 33d3 4c8b | cb49 c1e9 | 0344 890e | 49c1 ea15 
  0x000001bbddb4422c: 4d85 d274 | 1a49 c1eb | 0948 b900 | a0c9 e2bb | 0100 0049 | 03cb 8039 | 020f 85dc | 1a00 0044 
  0x000001bbddb4424c: 8b9c 2480 | 0000 0047 | 8b44 dc14 

  0x000001bbddb44258: ; implicit exception: dispatches to 0x000001bbddb47f0c
  0x000001bbddb44258: 478b 54c4 

  0x000001bbddb4425c: ;   {metadata('ai/onnxruntime/OnnxTensor')}
  0x000001bbddb4425c: 0841 81fa | 509c 2f01 | 0f85 923b | 0000 4d8b | 9758 0400 | 0044 8b9c | 24c8 0000 | 0041 ffc3 
  0x000001bbddb4427c: 4489 9c24 | c800 0000 | 4f8d 1cc4 | 4d8b 5b10 | 4c8b 8424 | c000 0000 | 4d89 5cf8 

  0x000001bbddb44298: ; ImmutableOopMap {r8=Oop [48]=Oop [80]=Oop [124]=NarrowOop [152]=Oop [160]=Oop [168]=Oop [176]=Oop [184]=Oop [192]=Oop }
                      ;*goto {reexecute=1 rethrow=0 return_oop=0}
                      ; - (reexecute) ai.onnxruntime.OrtSession::run@323 (line 359)
                      ;   {poll}
  0x000001bbddb44298: 1041 8502 | 448b 5c24 | 7c45 85db | 0f85 e413 | 0000 488b | b424 a800 | 0000 4c8b | ac24 d800 
  0x000001bbddb442b8: 0000 448b | 460c 478b | 54c4 1441 | 81fa 0000 | 0400 0f87 | a82b 0000 | 4d63 da41 | 81fa 0000 
  0x000001bbddb442d8: 0400 0f87 | 5a24 0000 | 498b 9fb8 | 0100 004a | 8d0c 9d17 | 0000 004c | 8bd9 4983 | e3f8 4c8b 
  0x000001bbddb442f8: cb4d 03cb | 4d3b 8fc8 | 0100 000f | 8331 2400 | 004d 898f | b801 0000 | 410f 1881 | 0001 0000 
  0x000001bbddb44318: 48c7 0301 | 0000 0041 | 0f18 8140 

  0x000001bbddb44324: ;   {metadata('java/lang/String'[])}
  0x000001bbddb44324: 0100 00c7 | 4308 78ec | 0000 4489 | 530c 410f | 1881 8001 | 0000 488b | fb48 83c7 | 1048 c1e9 
  0x000001bbddb44344: 0348 83c1 | fe48 33c0 | 4883 f908 | 7f10 48ff | c978 4f48 | 8904 cf48 | ffc9 7df7 | eb44 c5fd 
  0x000001bbddb44364: efc0 e90d | 0000 00c5 | fe7f 07c5 | fe7f 4720 | 4883 c740 | 4883 e908 | 7ded 4883 | c104 7c0c 
  0x000001bbddb44384: c5fe 7f07 | 4883 c720 | 4883 e904 | 4883 c104 | 7e10 48ff | c9c5 f9d6 | 0748 83c7 | 0848 ffc9 
  0x000001bbddb443a4: 7df3 4889 | 9c24 9800 | 0000 4d63 | ca4a 8d0c | 8d17 0000 | 004c 8bd9 | 4983 e3f8 | 4c89 5c24 
  0x000001bbddb443c4: 4841 81fa | 0000 0400 | 0f87 f123 | 0000 4c89 | 8c24 a800 | 0000 4d8b | 9fb8 0100 | 004d 8bcb 
  0x000001bbddb443e4: 488b 5c24 | 484c 03cb | 4d3b 8fc8 | 0100 000f | 83c2 2300 | 004d 898f | b801 0000 | 410f 1881 
  0x000001bbddb44404: 0001 0000 | 49c7 0301 | 0000 0041 | 0f18 8140 

  0x000001bbddb44414: ;   {metadata('ai/onnxruntime/OnnxValue'[])}
  0x000001bbddb44414: 0100 0041 | c743 08c0 | b32f 0145 | 8953 0c41 | 0f18 8180 | 0100 0049 | 8bfb 4883 | c710 48c1 
  0x000001bbddb44434: e903 4883 | c1fe 4833 | c048 83f9 | 087f 1048 | ffc9 784f | 4889 04cf | 48ff c97d | f7eb 44c5 
  0x000001bbddb44454: fdef c0e9 | 0d00 0000 | c5fe 7f07 | c5fe 7f47 | 2048 83c7 | 4048 83e9 | 087d ed48 | 83c1 047c 
  0x000001bbddb44474: 0cc5 fe7f | 0748 83c7 | 2048 83e9 | 0448 83c1 | 047e 1048 | ffc9 c5f9 | d607 4883 | c708 48ff 
  0x000001bbddb44494: c97d f34c | 899c 24d0 | 0000 0041 | 81fa 0000 | 0200 0f87 | d623 0000 | 4489 9424 | 9000 0000 
  0x000001bbddb444b4: 4d8b b7b8 | 0100 004c | 8b94 24a8 | 0000 004f | 8d5c d610 | 4d3b 9fc8 | 0100 000f | 83a5 2300 
  0x000001bbddb444d4: 004d 899f | b801 0000 | 410f 1883 | 0001 0000 | 49c7 0601 | 0000 0041 | 0f18 8340 

  0x000001bbddb444f0: ;   {metadata({type array long})}
  0x000001bbddb444f0: 0100 0041 | c746 0880 | 2a00 0044 | 8b94 2490 | 0000 0045 | 8956 0c41 | 0f18 8380 | 0100 0049 
  0x000001bbddb44510: 8bfe 4883 | c710 488b | 8c24 a800 | 0000 4833 | c048 83f9 | 087f 1048 | ffc9 784f | 4889 04cf 
  0x000001bbddb44530: 48ff c97d | f7eb 44c5 | fdef c0e9 | 0d00 0000 | c5fe 7f07 | c5fe 7f47 | 2048 83c7 | 4048 83e9 
  0x000001bbddb44550: 087d ed48 | 83c1 047c | 0cc5 fe7f | 0748 83c7 | 2048 83e9 | 0448 83c1 | 047e 1048 | ffc9 c5f9 
  0x000001bbddb44570: d607 4883 | c708 48ff | c97d f347 | 8b54 c408 | 4f8d 0cc4 

  0x000001bbddb44584: ;   {metadata('java/util/LinkedHashMap')}
  0x000001bbddb44584: 4181 fae8 | ef0f 000f | 8523 1400 | 0041 8b69 | 0c45 8b5c 

  0x000001bbddb44598: ;   {metadata('java/util/LinkedHashMap$LinkedKeySet')}
  0x000001bbddb44598: ec08 4181 | fba8 7906 | 010f 85b5 | 3800 0049 | 8d3c ec44 

  0x000001bbddb445ac: ;   {metadata('java/util/LinkedHashMap$LinkedKeySet')}
  0x000001bbddb445ac: 8b5f 0841 | 81fb a879 | 0601 0f85 | a612 0000 | 498b 9fb8 | 0100 004c | 8bd3 4983 | c220 4d3b 
  0x000001bbddb445cc: 97c8 0100 | 000f 830b | 2500 004d | 8997 b801 | 0000 410f | 1882 0001 | 0000 48c7 | 0301 0000 
  0x000001bbddb445ec: ;   {metadata('java/util/LinkedHashMap$LinkedKeyIterator')}
  0x000001bbddb445ec: 00c7 4308 | e87e 0601 | 4489 630c | 4c89 6310 | 4c89 6318 | 448b 5f10 | 4489 5b1c | 0fb6 6f0c 
  0x000001bbddb4460c: 4088 6b10 | 85ed 0f85 | 7030 0000 

  0x000001bbddb44618: ; implicit exception: dispatches to 0x000001bbddb48090
  0x000001bbddb44618: 478b 54dc | 3444 8953 | 144d 8bc2 | 49c1 e003 | 4c8b cb4d | 33c1 49c1 | e815 4d85 | c074 1f45 
  0x000001bbddb44638: 85d2 741a | 49c1 e909 | 48b9 00a0 | c9e2 bb01 | 0000 4903 | c980 3902 | 0f85 8e1c | 0000 4180 
  0x000001bbddb44658: 7f40 000f | 854c 1c00 | 0047 8b5c | dc18 4489 | 5b0c 4489 | 6318 448b 

  0x000001bbddb44670: ;   {metadata('java/util/LinkedHashMap$LinkedKeyIterator')}
  0x000001bbddb44670: 5308 4181 | fae8 7e06 | 010f 85e9 | 2800 0044 | 3b63 140f | 845a 0800 | 0045 33d2 | 448b 431c 
  0x000001bbddb44690: ; implicit exception: dispatches to 0x000001bbddb48018
  0x000001bbddb44690: 478b 5cc4 | 1844 8b4b | 0c45 3bd9 | 0f85 262e | 0000 8b73 | 1485 f60f | 8453 2e00 | 0041 807f 
  0x000001bbddb446b0: 4000 0f85 | f817 0000 | 8973 184d | 8d1c f44c | 8bc3 4d33 | d849 c1eb | 154d 85db | 741a 49c1 
  0x000001bbddb446d0: e809 48b9 | 00a0 c9e2 | bb01 0000 | 4903 c880 | 3902 0f85 | cc19 0000 | 440f b643 | 1045 85c0 
  0x000001bbddb446f0: 0f85 3e2e | 0000 4180 | 7f40 000f | 85e6 1700 | 0045 8b44 | f420 4489 | 4314 4c8b | db4d 8bc8 
  0x000001bbddb44710: 49c1 e103 | 4d33 cb49 | c1e9 154d | 85c9 741f | 4585 c074 | 1a49 c1eb | 0948 b900 | a0c9 e2bb 
  0x000001bbddb44730: 0100 0049 | 03cb 8039 | 020f 8590 | 1a00 0041 | 8b4c f410 

  0x000001bbddb44744: ; implicit exception: dispatches to 0x000001bbddb48030
  0x000001bbddb44744: 458b 5ccc 

  0x000001bbddb44748: ;   {metadata('java/lang/String')}
  0x000001bbddb44748: 0841 81fb | d8e8 0000 | 0f85 0a36 | 0000 4c8b | 9c24 a000 | 0000 458b | 4330 4d8d | 0ccc 478b 
  0x000001bbddb44768: ;   {metadata('java/util/LinkedHashSet')}
  0x000001bbddb44768: 5cc4 0841 | 81fb 609b | 0f00 0f85 | 1c28 0000 | 4f8d 1cc4 | 458b 430c 

  0x000001bbddb44780: ; implicit exception: dispatches to 0x000001bbddb48078
  0x000001bbddb44780: 438b 7cc4 | 0844 8954 | 2458 4889 | 5c24 784c | 8974 2470 | 4c89 6c24 | 3041 8b49 | 1441 0fbe 
  0x000001bbddb447a0: 5910 450f | b651 114c | 898c 2488 | 0000 0041 | 8b41 0c4f | 8d1c c444 | 8bc8 41c1 | e910 4433 
  0x000001bbddb447c0: c848 8bd1 | 48c1 e203 

  0x000001bbddb447c8: ;   {metadata('java/util/LinkedHashMap')}
  0x000001bbddb447c8: 81ff e8ef | 0f00 0f84 | 3b03 0000 

  0x000001bbddb447d4: ;   {metadata('java/util/HashMap')}
  0x000001bbddb447d4: 81ff a0d4 | 0800 0f85 | e42e 0000 | 458b 4324 | 4585 c00f | 84f9 1100 | 0047 8b5c | c40c 4585 
  0x000001bbddb447f4: db0f 86ad | 2f00 004b | 8d2c c441 | ffcb 4489 | 9c24 9400 | 0000 85c0 | 7419 458b | c345 23c1 
  0x000001bbddb44814: 458b d14c | 8b8c 2488 | 0000 0041 | 8bca e925 | 0200 0045 | 85d2 0f85 | 291b 0000 | 85db 0f85 
  0x000001bbddb44834: e623 0000 

  0x000001bbddb44838: ; implicit exception: dispatches to 0x000001bbddb4817c
  0x000001bbddb44838: 418b 54cc | 0c4d 8d14 | cc49 8d7c | cc10 83fa | 020f 8c8f | 1d00 0033 | db83 fa20 | 0f8c 7501 
  0x000001bbddb44858: 0000 4533 | d2c5 d5ef | edc5 cdef | f6c5 c5ef | ffc4 413d 

  0x000001bbddb4486c: ;   {external_word}
  0x000001bbddb4486c: efc0 49b9 | 2048 a584 | fd7f 0000 | 458b 19c4 | c179 6ec3 | c4e2 7d58 | c044 8bca | 4183 e1e0 
  0x000001bbddb4488c: 410f afdb | c421 7a7e | 0c17 c421 | 7a7e 5417 | 08c4 217a | 7e5c 1710 | c421 7a7e | 6417 18c4 
  0x000001bbddb448ac: e255 40e8 | c442 7d31 | c9c4 c155 | fee9 c4e2 | 4d40 f0c4 | 427d 31d2 | c4c1 4dfe | f2c4 e245 
  0x000001bbddb448cc: 40f8 c442 | 7d31 dbc4 | c145 fefb | c462 3d40 | c0c4 427d | 31e4 c441 | 3dfe c441 | 83c2 2045 
  0x000001bbddb448ec: 3bd1 7c9c | 4a8d 3c0f 

  0x000001bbddb448f4: ;   {external_word}
  0x000001bbddb448f4: 412b d149 | b924 48a5 | 84fd 7f00 | 00c4 c17e | 6f09 c4e2 

  0x000001bbddb44908: ;   {external_word}
  0x000001bbddb44908: 5540 e949 | b944 48a5 | 84fd 7f00 | 00c4 c17e | 6f11 c4e2 

  0x000001bbddb4491c: ;   {external_word}
  0x000001bbddb4491c: 4d40 f249 | b964 48a5 | 84fd 7f00 | 00c4 c17e | 6f19 c4e2 

  0x000001bbddb44930: ;   {external_word}
  0x000001bbddb44930: 4540 fb49 | b984 48a5 | 84fd 7f00 | 00c4 c17e | 6f21 c462 | 3d40 c4c4 | 6255 02cd | c443 7d39 
  0x000001bbddb44950: ca01 c441 | 31fe cac4 | 4231 02c9 | c579 6ed3 | c441 31fe | cac5 797e | cbc4 624d | 02de c443 
  0x000001bbddb44970: 7d39 dc01 | c441 21fe | dcc4 4221 | 02db c579 | 6ee3 c441 | 21fe dcc5 | 797e dbc4 | 6245 02cf 
  0x000001bbddb44990: c443 7d39 | ca01 c441 | 31fe cac4 | 4231 02c9 | c579 6ed3 | c441 31fe | cac5 797e | cbc4 423d 
  0x000001bbddb449b0: 02d8 c443 | 7d39 dc01 | c441 21fe | dcc4 4221 | 02db c579 | 6ee3 c441 | 21fe dcc5 | 797e db41 
  0x000001bbddb449d0: ba01 0000 | 0044 3bd2 | 0f8d 2e00 | 0000 41bb | c103 0000 | 410f afdb | 460f b64c | 17ff 458b 
  0x000001bbddb449f0: d941 c1e3 | 0545 2bd9 | 4103 db46 | 0fb6 1c17 | 4103 db41 | 83c2 0244 | 3bd2 7cd2 | 7f12 448b 
  0x000001bbddb44a10: cbc1 e305 | 412b d946 | 0fb6 5c17 | ff41 03db | 85db 0f84 | 0f22 0000 | 4c8b 8c24 | 8800 0000 
  0x000001bbddb44a30: ;   {no_reloc}
  0x000001bbddb44a30: 4189 590c | 448b d341 | c1ea 1044 | 33d3 448b | 8424 9400 | 0000 4523 | c241 8bca | 468b 5c85 
  0x000001bbddb44a50: 1045 85db | 0f84 940f | 0000 478b | 44dc 0c4b | 8d2c dc44 | 3bc1 7450 | 478b 54dc | 1845 85d2 
  0x000001bbddb44a70: 0f84 780f | 0000 478b 

  0x000001bbddb44a78: ;   {metadata('java/util/HashMap$TreeNode')}
  0x000001bbddb44a78: 5cdc 0841 | 81fb c02e | 1a00 0f85 | 5511 0000 | 4c89 4c24 | 3848 8bd5 | 448b c190 

  0x000001bbddb44a94: ;   {optimized virtual_call}
  0x000001bbddb44a94: c5f8 77e8 

  0x000001bbddb44a98: ; ImmutableOopMap {[56]=Oop [80]=Oop [112]=Oop [120]=Oop [152]=Oop [160]=Oop [176]=Oop [184]=Oop [192]=Oop [208]=Oop }
                      ;*invokevirtual getTreeNode {reexecute=0 rethrow=0 return_oop=1}
                      ; - java.util.HashMap::getNode@95 (line 582)
                      ; - java.util.HashMap::containsKey@2 (line 602)
                      ; - java.util.HashSet::contains@5 (line 213)
                      ; - ai.onnxruntime.OrtSession::run@560 (line 376)
  0x000001bbddb44a98: e49f 63ff 

  0x000001bbddb44a9c: ;   {other}
  0x000001bbddb44a9c: 0f1f 8400 | 8c17 0009 | 4533 db48 | 85c0 410f | 95c3 4c8b | 4c24 38e9 | 8f03 0000 | 478b 54dc 
  0x000001bbddb44abc: 104d 8bc2 | 49c1 e003 | 4d3b c174 | 3b44 899c | 248c 0000 | 0089 8c24 | 8800 0000 | 4c89 8c24 
  0x000001bbddb44adc: 8000 0000 | 498b d190 

  0x000001bbddb44ae4: ;   {optimized virtual_call}
  0x000001bbddb44ae4: c5f8 77e8 

  0x000001bbddb44ae8: ; ImmutableOopMap {rbp=Oop [80]=Oop [112]=Oop [120]=Oop [128]=Oop [140]=NarrowOop [152]=Oop [160]=Oop [176]=Oop [184]=Oop [192]=Oop [208]=Oop }
                      ;*invokevirtual equals {reexecute=0 rethrow=0 return_oop=0}
                      ; - java.util.HashMap::getNode@63 (line 578)
                      ; - java.util.HashMap::containsKey@2 (line 602)
                      ; - java.util.HashSet::contains@5 (line 213)
                      ; - ai.onnxruntime.OrtSession::run@560 (line 376)
  0x000001bbddb44ae8: 949f 63ff 

  0x000001bbddb44aec: ;   {other}
  0x000001bbddb44aec: 0f1f 8400 | dc17 000a | 85c0 0f84 | 702f 0000 | 4c8b 8c24 | 8000 0000 | 41bb 0100 | 0000 e938 
  0x000001bbddb44b0c: 0300 0045 | 8b5b 2445 | 85db 0f84 | 2003 0000 | 438b 6cdc | 0c85 ed0f | 8627 2c00 | 00ff cd89 
  0x000001bbddb44b2c: ac24 9400 | 0000 4b8d | 2cdc 4889 | 6c24 3885 | c074 1d8b | ac24 9400 | 0000 4123 | e945 8bd9 
  0x000001bbddb44b4c: 4c8b 8c24 | 8800 0000 | 458b d3e9 | 1a02 0000 | 4585 d20f | 8553 1200 | 0085 db0f | 8581 2000 
  0x000001bbddb44b6c: 0041 8b54 | cc0c 4d8d | 14cc 498d | 7ccc 1083 | fa02 0f8c | 3e1a 0000 | 33db 83fa | 200f 8c6e 
  0x000001bbddb44b8c: 0100 0045 | 33c9 c5d5 | efed c5dd | efe4 c441 | 35ef c9c5 

  0x000001bbddb44ba0: ;   {external_word}
  0x000001bbddb44ba0: c5ef ff49 | bb20 48a5 | 84fd 7f00 | 0045 8b13 | c441 796e | e2c4 427d | 58e4 448b | da41 83e3 
  0x000001bbddb44bc0: e041 0faf | dac4 a17a | 7e14 0fc4 | a17a 7e4c | 0f08 c4a1 | 7a7e 5c0f | 10c4 217a | 7e44 0f18 
  0x000001bbddb44be0: c4c2 5540 | ecc4 e27d | 31d2 c5d5 | feea c4c2 | 5d40 e4c4 | e27d 31c9 | c5dd fee1 | c442 3540 
  0x000001bbddb44c00: ccc4 e27d | 31db c535 | fecb c4c2 | 4540 fcc4 | 427d 31c0 | c4c1 45fe | f841 83c1 | 2045 3bcb 
  0x000001bbddb44c20: 7c9f 4a8d | 3c1f 412b 

  0x000001bbddb44c28: ;   {external_word}
  0x000001bbddb44c28: d349 bb24 | 48a5 84fd | 7f00 00c4 | c17e 6f03 | c4e2 5540 

  0x000001bbddb44c3c: ;   {external_word}
  0x000001bbddb44c3c: e849 bb44 | 48a5 84fd | 7f00 00c4 | 417e 6f1b | c4c2 5d40 

  0x000001bbddb44c50: ;   {external_word}
  0x000001bbddb44c50: e349 bb64 | 48a5 84fd | 7f00 00c4 | 417e 6f13 | c442 3540 

  0x000001bbddb44c64: ;   {external_word}
  0x000001bbddb44c64: ca49 bb84 | 48a5 84fd | 7f00 00c4 | c17e 6f33 | c4e2 4540 | fec4 e255 | 02d5 c4e3 | 7d39 d101 
  0x000001bbddb44c84: c5e9 fed1 | c4e2 6902 | d2c5 f96e | cbc5 e9fe | d1c5 f97e | d3c4 e25d | 02dc c4c3 | 7d39 d801 
  0x000001bbddb44ca4: c4c1 61fe | d8c4 e261 | 02db c579 | 6ec3 c4c1 | 61fe d8c5 | f97e dbc4 | c235 02d1 | c4e3 7d39 
  0x000001bbddb44cc4: d101 c5e9 | fed1 c4e2 | 6902 d2c5 | f96e cbc5 | e9fe d1c5 | f97e d3c4 | e245 02df | c4c3 7d39 
  0x000001bbddb44ce4: d801 c4c1 | 61fe d8c4 | e261 02db | c579 6ec3 | c4c1 61fe | d8c5 f97e | db41 b901 | 0000 0044 
  0x000001bbddb44d04: 3bca 0f8d | 2e00 0000 | 41ba c103 | 0000 410f | afda 460f | b65c 0fff | 458b d341 | c1e2 0545 
  0x000001bbddb44d24: 2bd3 4103 | da46 0fb6 | 140f 4103 | da41 83c1 | 0244 3bca | 7cd2 7f12 | 448b dbc1 | e305 412b 
  0x000001bbddb44d44: db46 0fb6 | 540f ff41 | 03da 85db | 0f84 b11e | 0000 4c8b | 8c24 8800 | 0000 4189 | 590c 448b 
  0x000001bbddb44d64: ;   {no_reloc}
  0x000001bbddb44d64: d341 c1ea | 1044 33d3 | 8bac 2494 | 0000 0041 | 23ea 4c8b | 5c24 3845 | 8b5c ab10 | 4585 db0f 
  0x000001bbddb44d84: 84bb 0000 | 0047 8b44 | dc0c 4b8d | 2cdc 453b | c274 4e43 | 8b4c dc18 | 85c9 0f84 | a000 0000 
  0x000001bbddb44da4: 478b 44dc 

  0x000001bbddb44da8: ;   {metadata('java/util/HashMap$TreeNode')}
  0x000001bbddb44da8: 0841 81f8 | c02e 1a00 | 0f85 d50c | 0000 458b | c24c 894c | 2438 488b | d566 6690 

  0x000001bbddb44dc4: ;   {optimized virtual_call}
  0x000001bbddb44dc4: c5f8 77e8 

  0x000001bbddb44dc8: ; ImmutableOopMap {[56]=Oop [80]=Oop [112]=Oop [120]=Oop [152]=Oop [160]=Oop [176]=Oop [184]=Oop [192]=Oop [208]=Oop }
                      ;*invokevirtual getTreeNode {reexecute=0 rethrow=0 return_oop=1}
                      ; - java.util.HashMap::getNode@95 (line 582)
                      ; - java.util.HashMap::containsKey@2 (line 602)
                      ; - java.util.HashSet::contains@5 (line 213)
                      ; - ai.onnxruntime.OrtSession::run@560 (line 376)
  0x000001bbddb44dc8: b49c 63ff 

  0x000001bbddb44dcc: ;   {other}
  0x000001bbddb44dcc: 0f1f 8400 | bc1a 000b | 4533 db48 | 85c0 410f | 95c3 4c8b | 4c24 38eb | 6243 8b4c | dc10 4c8b 
  0x000001bbddb44dec: c149 c1e0 | 034d 3bc1 | 743e 4489 | 9c24 8c00 | 0000 4489 | 9424 8800 | 0000 4c89 | 8c24 8000 
  0x000001bbddb44e0c: 0000 498b | d166 6690 

  0x000001bbddb44e14: ;   {optimized virtual_call}
  0x000001bbddb44e14: c5f8 77e8 

  0x000001bbddb44e18: ; ImmutableOopMap {rbp=Oop [80]=Oop [112]=Oop [120]=Oop [128]=Oop [140]=NarrowOop [152]=Oop [160]=Oop [176]=Oop [184]=Oop [192]=Oop [208]=Oop }
                      ;*invokevirtual equals {reexecute=0 rethrow=0 return_oop=0}
                      ; - java.util.HashMap::getNode@63 (line 578)
                      ; - java.util.HashMap::containsKey@2 (line 602)
                      ; - java.util.HashSet::contains@5 (line 213)
                      ; - ai.onnxruntime.OrtSession::run@560 (line 376)
  0x000001bbddb44e18: 649c 63ff 

  0x000001bbddb44e1c: ;   {other}
  0x000001bbddb44e1c: 0f1f 8400 | 0c1b 000c | 85c0 0f84 | ec2b 0000 | 4c8b 8c24 | 8000 0000 | 41bb 0100 | 0000 eb0b 
  0x000001bbddb44e3c: 4c8b 8c24 | 8800 0000 | 4533 db45 | 85db 0f84 | 2027 0000 | 448b 5424 | 5844 3b94 | 2490 0000 
  0x000001bbddb44e5c: 000f 831d | 2000 004c | 8b9c 2498 | 0000 004b | 8d6c 9310 | 4180 7f40 | 000f 85a3 | 1000 004d 
  0x000001bbddb44e7c: 8bc1 49c1 | e803 4489 | 4500 41ff | c24c 8bdd | 4d8b c14d | 33c3 49c1 | e815 4d85 | c074 1a49 
  0x000001bbddb44e9c: c1eb 0948 | b900 a0c9 | e2bb 0100 | 0049 03cb | 8039 020f | 858c 1200 | 004d 8b9f 

  0x000001bbddb44eb8: ; ImmutableOopMap {[80]=Oop [112]=Oop [120]=Oop [152]=Oop [160]=Oop [176]=Oop [184]=Oop [192]=Oop [208]=Oop }
                      ;*goto {reexecute=1 rethrow=0 return_oop=0}
                      ; - (reexecute) ai.onnxruntime.OrtSession::run@668 (line 392)
  0x000001bbddb44eb8: 5804 0000 

  0x000001bbddb44ebc: ;   {poll}
  0x000001bbddb44ebc: 4185 0348 | 8b5c 2478 | 443b 6314 | 740f 4c8b | 6c24 304c | 8b74 2470 | e9b3 f7ff | ff4c 8b6c 
  0x000001bbddb44edc: 2430 4c8b | 7424 704c | 8b5c 2450 | 4d85 db0f | 8573 2300 | 004c 8b94 | 24a0 0000 | 0045 8b5a 
  0x000001bbddb44efc: 284b 8b7c | dc10 4c89 | 6c24 384d | 8b4a 104c | 639c 24cc 

  0x000001bbddb44f10: ;   {oop(a 'java/lang/Class'{0x0000000704c23ee8} = 'ai/onnxruntime/OnnxRuntime')}
  0x000001bbddb44f10: 0000 0049 | bae8 3ec2 | 0407 0000 | 004d 8b82 | b000 0000 | 488b 9424 | a000 0000 | 488b b424 
  0x000001bbddb44f30: b800 0000 | 488b 8c24 | c000 0000 | 4c89 1c24 | 4c8b 9424 | 9800 0000 | 4c89 5424 | 084c 8b94 
  0x000001bbddb44f50: 24a8 0000 | 004c 8954 | 2410 4c8b | 9424 d000 | 0000 4c89 | 5424 184c | 8974 2420 | 4533 d24c 
  0x000001bbddb44f70: 8954 2428 

  0x000001bbddb44f74: ;   {optimized virtual_call}
  0x000001bbddb44f74: c5f8 77e8 

  0x000001bbddb44f78: ; ImmutableOopMap {[152]=Oop [208]=Oop }
                      ;*invokespecial run {reexecute=0 rethrow=0 return_oop=1}
                      ; - ai.onnxruntime.OrtSession::run@722 (line 395)
  0x000001bbddb44f78: e4c3 f8ff 

  0x000001bbddb44f7c: ;   {other}
  0x000001bbddb44f7c: 0f1f 8400 | 6c1c 000e | 4889 4424 | 5049 8b87 | b801 0000 | 4c8b d049 | 83c2 204d | 3b97 c801 
  0x000001bbddb44f9c: 0000 0f83 | 9c19 0000 | 4d89 97b8 | 0100 0041 | 0f18 8200 | 0100 0048 | c700 0100 

  0x000001bbddb44fb8: ;   {metadata('ai/onnxruntime/OrtSession$Result')}
  0x000001bbddb44fb8: 0000 c740 | 08b0 b72f | 0144 8960 | 0c4c 8960 | 104c 8960 | 1848 8944 | 2470 4c8b | 5424 5045 
  0x000001bbddb44fd8: 8b52 0c44 | 8b84 2490 | 0000 0045 | 3bc2 0f85 | 8824 0000 | 498b 87b8 | 0100 004c | 8bd0 4983 
  0x000001bbddb44ff8: c240 4d3b | 97c8 0100 | 000f 835a | 1900 004d | 8997 b801 | 0000 410f | 1882 0001 | 0000 48c7 
  0x000001bbddb45018: 0001 0000 

  0x000001bbddb4501c: ;   {metadata('java/util/LinkedHashMap')}
  0x000001bbddb4501c: 00c7 4008 | e8ef 0f00 | 4489 600c | 4c89 6010 | 4c89 6018 | 4c89 6020 | 4c89 6028 | 4c89 6030 
  0x000001bbddb4503c: 4c89 6038 | 448b 9424 | 9000 0000 | c4c1 796e | c2c5 fae6 

  0x000001bbddb45050: ;   {section_word}
  0x000001bbddb45050: c0c5 fb5e | 056f e8ff 

  0x000001bbddb45058: ;   {section_word}
  0x000001bbddb45058: ffc5 fb58 | 055f e8ff | ffc5 7b2c | d841 81fb | 0000 0080 | 0f84 5432 | 0000 4181 | fb01 0000 
  0x000001bbddb45078: 400f 8315 | 2400 00c7 | 4020 0000 | 403f 41ff | cbf3 450f | bdd3 41bb | ffff ffff | c442 2bf7 
  0x000001bbddb45098: db45 85db | 0f8c 2a13 | 0000 4181 | fb00 0000 | 400f 8de1 | 2400 0041 | ffc3 4489 | 581c 4489 
  0x000001bbddb450b8: 602c 4488 | 6030 4c8b | 5424 5049 | c1ea 0344 | 8994 2494 | 0000 004c | 8bd8 4c8b | 5424 704d 
  0x000001bbddb450d8: 8bc2 4d33 | d84c 8bd0 | 49c1 ea03 | 4c8b 4c24 | 7045 8951 | 1049 c1eb | 154d 85db | 741a 49c1 
  0x000001bbddb450f8: e809 48b9 | 00a0 c9e2 | bb01 0000 | 4903 c880 | 3902 0f85 | 530f 0000 | 498b b7b8 | 0100 004c 
  0x000001bbddb45118: 8bd6 4983 | c218 4d3b | 97c8 0100 | 000f 8374 | 1800 004d | 8997 b801 | 0000 410f | 1882 0001 
  0x000001bbddb45138: 0000 48c7 | 0601 0000 

  0x000001bbddb45140: ;   {metadata('java/util/ArrayList')}
  0x000001bbddb45140: 00c7 4608 | 38b6 0b00 | 4489 660c | 4c89 6610 | 448b 9c24 | 9000 0000 | 4181 fb00 | 0004 000f 
  0x000001bbddb45160: 877d 1800 | 004d 8baf | b801 0000 | 4d8b dd48 | 8b5c 2448 | 4c03 db4d | 3b9f c801 | 0000 0f83 
  0x000001bbddb45180: 5e18 0000 | 4d89 9fb8 | 0100 0041 | 0f18 8300 | 0100 0049 | c745 0001 | 0000 0041 | 0f18 8340 
  0x000001bbddb451a0: ;   {metadata('java/lang/Object'[])}
  0x000001bbddb451a0: 0100 0041 | c745 0858 | 1200 0044 | 8b94 2490 | 0000 0045 | 8955 0c41 | 0f18 8380 | 0100 0049 
  0x000001bbddb451c0: 8bfd 4883 | c710 448b | 9c24 9000 | 0000 4585 | db74 2f48 | 8b8c 24d0 | 0000 0048 | 83c1 1048 
  0x000001bbddb451e0: 8bd7 4c8b | 8424 a800 | 0000 c5f8 | 7749 ba00 | 3016 ddbb | 0100 0041 

  0x000001bbddb451f8: ;   {other}
  0x000001bbddb451f8: ffd2 0f1f | 8400 0000 | 0000 448b | 9424 9000 | 0000 4489 | 5610 488b | ee48 c1ed | 0345 85d2 
  0x000001bbddb45218: 0f84 310a | 0000 4181 | fa00 0004 | 000f 8711 | 1800 004d | 8bb7 b801 | 0000 4d8b | de4c 03db 
  0x000001bbddb45238: 4d3b 9fc8 | 0100 000f | 83f7 1700 | 004d 899f | b801 0000 | 410f 1883 | 0001 0000 | 49c7 0601 
  0x000001bbddb45258: 0000 0041 | 0f18 8340 

  0x000001bbddb45260: ;   {metadata('java/lang/Object'[])}
  0x000001bbddb45260: 0100 0041 | c746 0858 | 1200 0045 | 8956 0c41 | 0f18 8380 | 0100 0044 | 8b9c 2490 | 0000 0045 
  0x000001bbddb45280: 85db 742a | 498b d648 | 83c2 1048 | 8bcf 4c8b | 8424 a800 | 0000 c5f8 | 7749 ba00 | 3016 ddbb 
  0x000001bbddb452a0: 0100 0041 

  0x000001bbddb452a4: ;   {other}
  0x000001bbddb452a4: ffd2 0f1f | 8400 0000 | 0000 4180 | 7f40 000f | 85df 0e00 | 004c 8bd6 | 4d8b de49 | c1eb 0344 
  0x000001bbddb452c4: 895e 144d | 8bde 4d33 | da49 c1eb | 154d 85db | 741a 49c1 | ea09 48b9 | 00a0 c9e2 | bb01 0000 
  0x000001bbddb452e4: 4903 ca80 | 3902 0f85 | 6c0f 0000 | 4180 7f40 | 000f 853d | 0b00 004c | 8b54 2470 | 4189 6a14 
  0x000001bbddb45304: 4c8b d64c | 8b5c 2470 | 4d33 d349 | c1ea 154d | 85d2 741a | 49c1 eb09 | 48b9 00a0 | c9e2 bb01 
  0x000001bbddb45324: 0000 4903 | cb80 3902 | 0f85 e00c | 0000 4180 | 7f40 000f | 8537 0b00 | 004c 8b54 | 2470 448b 
  0x000001bbddb45344: 8424 9400 | 0000 4589 | 4218 4c8b | 5424 504c | 8b5c 2470 | 4d33 d349 | c1ea 154d | 85d2 7416 
  0x000001bbddb45364: 49c1 eb09 | 4c8b 4424 | 384d 03c3 | 4180 3802 | 0f85 430c | 0000 448b | 9424 9000 | 0000 4585 
  0x000001bbddb45384: d20f 8edc | 0200 0045 | 85d2 0f84 | 041e 0000 | 448b 9c24 | 9000 0000 | 41ff cb44 | 3b9c 2490 
  0x000001bbddb453a4: ;   {no_reloc}
  0x000001bbddb453a4: 0000 000f | 83eb 1d00 | 0033 ed90 | 4c8b 8c24 | d000 0000 | 418b 4ca9 | 1048 8b84 | 2498 0000 
  0x000001bbddb453c4: 008b 74a8 | 104c 8b54 | 2470 458b | 5a10 478b 

  0x000001bbddb453d4: ;   {metadata('java/util/LinkedHashMap')}
  0x000001bbddb453d4: 54dc 0841 | 81fa e8ef | 0f00 0f85 | 601a 0000 | 4f8d 2cdc | 85f6 0f84 | da09 0000 | 458b 54f4 
  0x000001bbddb453f4: 0c45 85d2 | 740f 458b | c241 c1e8 | 1045 33c2 | e916 0200 | 0045 0fb6 | 54f4 1145 | 85d2 0f85 
  0x000001bbddb45414: d108 0000 | 458b 5cf4 | 1441 807c | f410 000f | 8562 1700 | 0043 8b54 | dc0c 4f8d | 14dc 4b8d 
  0x000001bbddb45434: 7cdc 1083 | fa02 0f8c | c40f 0000 | 33db 83fa | 200f 8c6c | 0100 0045 | 33d2 c441 | 35ef c9c4 
  0x000001bbddb45454: 412d efd2 | c441 25ef | dbc4 411d 

  0x000001bbddb45460: ;   {external_word}
  0x000001bbddb45460: efe4 49b8 | 2048 a584 | fd7f 0000 | 458b 18c4 | c179 6ee3 | c4e2 7d58 | e444 8bc2 | 4183 e0e0 
  0x000001bbddb45480: 410f afdb | c4a1 7a7e | 0417 c4a1 | 7a7e 5c17 | 08c4 a17a | 7e54 1710 | c4a1 7a7e | 4c17 18c4 
  0x000001bbddb454a0: 6235 40cc | c4e2 7d31 | c0c5 35fe | c8c4 622d | 40d4 c4e2 | 7d31 dbc5 | 2dfe d3c4 | 6225 40dc 
  0x000001bbddb454c0: c4e2 7d31 | d2c5 25fe | dac4 621d | 40e4 c4e2 | 7d31 c9c5 | 1dfe e141 | 83c2 2045 | 3bd0 7ca0 
  0x000001bbddb454e0: 4a8d 3c07 

  0x000001bbddb454e4: ;   {external_word}
  0x000001bbddb454e4: 412b d049 | b824 48a5 | 84fd 7f00 | 00c4 c17e | 6f28 c462 

  0x000001bbddb454f8: ;   {external_word}
  0x000001bbddb454f8: 3540 cd49 | b844 48a5 | 84fd 7f00 | 00c4 c17e | 6f30 c462 

  0x000001bbddb4550c: ;   {external_word}
  0x000001bbddb4550c: 2d40 d649 | b864 48a5 | 84fd 7f00 | 00c4 c17e | 6f38 c462 

  0x000001bbddb45520: ;   {external_word}
  0x000001bbddb45520: 2540 df49 | b884 48a5 | 84fd 7f00 | 00c4 417e | 6f00 c442 | 1d40 e0c4 | c235 02c1 | c4e3 7d39 
  0x000001bbddb45540: c301 c5f9 | fec3 c4e2 | 7902 c0c5 | f96e dbc5 | f9fe c3c5 | f97e c3c4 | c22d 02d2 | c4e3 7d39 
  0x000001bbddb45560: d101 c5e9 | fed1 c4e2 | 6902 d2c5 | f96e cbc5 | e9fe d1c5 | f97e d3c4 | c225 02c3 | c4e3 7d39 
  0x000001bbddb45580: c301 c5f9 | fec3 c4e2 | 7902 c0c5 | f96e dbc5 | f9fe c3c5 | f97e c3c4 | c21d 02d4 | c4e3 7d39 
  0x000001bbddb455a0: d101 c5e9 | fed1 c4e2 | 6902 d2c5 | f96e cbc5 | e9fe d1c5 | f97e d341 | ba01 0000 | 0044 3bd2 
  0x000001bbddb455c0: 0f8d 2e00 | 0000 41bb | c103 0000 | 410f afdb | 460f b644 | 17ff 458b | d841 c1e3 | 0545 2bd8 
  0x000001bbddb455e0: 4103 db46 | 0fb6 1c17 | 4103 db41 | 83c2 0244 | 3bd2 7cd2 | 7f12 448b | c3c1 e305 | 412b d846 
  0x000001bbddb45600: 0fb6 5c17 | ff41 03db | 85db 0f84 | d015 0000 | 4189 5cf4 | 0c44 8bc3 | 41c1 e810 | 4433 c348 
  0x000001bbddb45620: ;   {no_reloc}
  0x000001bbddb45620: 8984 2498 | 0000 004c | 898c 24d0 | 0000 004c | 8bce 49c1 | e103 488b | f948 c1e7 | 0349 8bd5 
  0x000001bbddb45640: 33f6 b901 | 0000 0090 

  0x000001bbddb45648: ;   {optimized virtual_call}
  0x000001bbddb45648: c5f8 77e8 

  0x000001bbddb4564c: ; ImmutableOopMap {[112]=Oop [152]=Oop [208]=Oop }
                      ;*invokevirtual putVal {reexecute=0 rethrow=0 return_oop=1}
                      ; - java.util.HashMap::put@9 (line 618)
                      ; - ai.onnxruntime.OrtSession$Result::<init>@124 (line 1588)
                      ; - ai.onnxruntime.OrtSession::run@737 (line 407)
  0x000001bbddb4564c: 306e e1ff 

  0x000001bbddb45650: ;   {other}
  0x000001bbddb45650: 0f1f 8400 | 4023 000f | ffc5 3bac | 2490 0000 | 000f 8c49 | fdff ff4c | 8b54 2470 | 4588 620c 
  0x000001bbddb45670: 488b 4424 | 70c5 f877 | 4881 c400 | 0100 005d 

  0x000001bbddb45680: ;   {poll_return}
  0x000001bbddb45680: 493b a750 | 0400 000f | 8723 2c00 | 00c3 4c8b | 4424 3044 | 899c 2480 | 0000 004c | 8b94 2498 
  0x000001bbddb456a0: 0000 0045 | 8b5a 1844 | 3b9c 2484 | 0000 000f | 852b 1a00 | 0044 8b9c | 2480 0000 | 0047 8b54 
  0x000001bbddb456c0: dc18 4489 | 5424 7c4f | 8d14 dc4c | 8954 2430 | 448b 5c24 | 7c45 85db | 0f85 6fe6 | ffff 4c8b 
  0x000001bbddb456e0: 9424 9800 | 0000 458b | 5224 478b | 4cd4 0c44 | 8b5c 2478 | 453b d90f | 8d50 e6ff | ff45 3bd9 
  0x000001bbddb45700: 0f83 e616 | 0000 458d | 59ff 453b | d90f 83d9 | 1600 008b | 7c24 78ff | c74b 8d0c | d444 8b54 
  0x000001bbddb45720: 2478 468b | 4491 1044 | 8944 247c | 4585 c00f | 850b e6ff | ff8b 5c24 | 78ff c33b | df7d 0689 
  0x000001bbddb45740: 5c24 78eb | d841 3bdb | 0f8d 2a06 | 0000 8bd3 | 448b 5491 | 1044 8954 | 247c 4585 | d20f 85d9 
  0x000001bbddb45760: e5ff ff44 | 8d52 0144 | 8954 2478 | 4c63 d246 | 8b54 9114 | 4489 5424 | 7c45 85d2 

  0x000001bbddb4577c: ;   {no_reloc}
  0x000001bbddb4577c: 0f85 bee5 | ffff 458b | c144 2bc3 | 41ff c833 | ff44 3bdb | 440f 4cc7 | 41ba d007 | 0000 4181 
  0x000001bbddb4579c: f8d0 0700 | 0045 0f47 | c244 03c3 | 8d7a 0241 | 3bf8 0f8d | 4202 0000 | 8bd7 eb98 | 4b8d 2cdc 
  0x000001bbddb457bc: 448b 550c | 443b 9424 | 8c00 0000 | 7421 4d8b | 9758 0400 | 0044 8b45 

  0x000001bbddb457d4: ; ImmutableOopMap {r8=NarrowOop [48]=Oop [80]=Oop [112]=NarrowOop [124]=NarrowOop [128]=NarrowOop [152]=Oop [160]=Oop [168]=Oop [176]=Oop [184]=Oop [192]=Oop }
                      ;*ifnonnull {reexecute=1 rethrow=0 return_oop=0}
                      ; - (reexecute) java.util.HashMap::getNode@145 (line 587)
                      ; - java.util.HashMap::containsKey@2 (line 602)
                      ; - java.util.HashSet::contains@5 (line 213)
                      ; - ai.onnxruntime.OrtSession::run@225 (line 351)
                      ;   {poll}
  0x000001bbddb457d4: 1841 8502 | 4585 c074 | 064b 8d2c | c4eb d945 | 33d2 e9c8 | e9ff ff44 | 8b55 1044 | 8b44 2470 
  0x000001bbddb457f4: 453b d074 | 4b47 8b5c | c408 4d8b | c249 c1e0 | 0344 8b4c | 2470 4f8d 

  0x000001bbddb4580c: ;   {metadata('java/lang/String')}
  0x000001bbddb4580c: 14cc 4181 | fbd8 e800 | 000f 85bc | 0b00 0049 | 8bd2 4c89 | 9424 9000 | 0000 6690 

  0x000001bbddb45828: ;   {optimized virtual_call}
  0x000001bbddb45828: c5f8 77e8 

  0x000001bbddb4582c: ; ImmutableOopMap {rbp=Oop [48]=Oop [80]=Oop [112]=NarrowOop [124]=NarrowOop [128]=NarrowOop [144]=Oop [152]=Oop [160]=Oop [168]=Oop [176]=Oop [184]=Oop [192]=Oop }
                      ;*invokevirtual equals {reexecute=0 rethrow=0 return_oop=0}
                      ; - java.util.HashMap::getNode@128 (line 585)
                      ; - java.util.HashMap::containsKey@2 (line 602)
                      ; - java.util.HashSet::contains@5 (line 213)
                      ; - ai.onnxruntime.OrtSession::run@225 (line 351)
  0x000001bbddb4582c: 5092 63ff 

  0x000001bbddb45830: ;   {other}
  0x000001bbddb45830: 0f1f 8400 | 2025 0011 | 448b c045 | 85c0 0f84 | 2c23 0000 | 41ba 0100 | 0000 e964 | e9ff ff90 
  0x000001bbddb45850: 448d 5d01 | 8b74 2438 | 448b 5424 | 78e9 9600 

  0x000001bbddb45860: ;   {metadata('java/util/HashMap$KeySet')}
  0x000001bbddb45860: 0000 4181 | fb18 401a | 000f 851f | 2000 0049 | 8b9f b801 | 0000 4c8b | d349 83c2 | 204d 3b97 
  0x000001bbddb45880: c801 0000 | 0f83 c413 | 0000 4d89 | 97b8 0100 | 0041 0f18 | 8200 0100 | 0048 c703 | 0100 0000 
  0x000001bbddb458a0: ;   {metadata('java/util/HashMap$KeyIterator')}
  0x000001bbddb458a0: c743 08d0 | 821a 0044 | 8963 0c4c | 8963 104c | 8963 1844 | 8b57 0c44 | 8953 1c43 | 8b74 d424 
  0x000001bbddb458c0: 478b 5cd4 | 1844 895b | 0c85 f60f | 849d edff | ff43 8b6c | d414 85ed | 0f8e d620 | 0000 458b 
  0x000001bbddb458e0: 54f4 0c45 | 85d2 0f86 | f420 0000 | 498d 3cf4 | 41bb 0100 | 0000 33ed | 4489 5b10 | 413b ea0f 
  0x000001bbddb45900: 836b 1e00 | 0041 807f | 4000 0f85 | 100b 0000 | 4889 5c24 | 3089 7424 | 3844 8954 | 2478 8b5c 
  0x000001bbddb45920: af10 4c8b | 5424 3041 | 895a 1448 | 8bf3 48c1 | e603 4c8b | de4d 33da | 49c1 eb15 | 4d85 db74 
  0x000001bbddb45940: 1e85 db74 | 1a49 c1ea | 0948 b900 | a0c9 e2bb | 0100 0049 | 03ca 8039 | 020f 8512 | 0c00 004d 
  0x000001bbddb45960: 8b97 5804 

  0x000001bbddb45964: ; ImmutableOopMap {rbx=NarrowOop rdi=Oop rsi=Oop r14=Oop [48]=Oop [56]=NarrowOop [80]=Oop [152]=Oop [160]=Oop [176]=Oop [184]=Oop [192]=Oop [208]=Oop }
                      ;*ifnull {reexecute=1 rethrow=0 return_oop=0}
                      ; - (reexecute) java.util.HashMap$HashIterator::<init>@75 (line 1593)
                      ; - java.util.HashMap$KeyIterator::<init>@2 (line 1626)
                      ; - java.util.HashMap$KeySet::iterator@8 (line 991)
                      ; - java.util.HashSet::iterator@7 (line 182)
                      ; - ai.onnxruntime.OrtSession::run@525 (line 375)
                      ;   {poll}
  0x000001bbddb45964: 0000 4185 | 0285 db74 | 0a48 8b5c | 2430 e9f7 | ecff ff48 | 8b5c 2430 | 8b6b 103b | 6c24 780f 
  0x000001bbddb45984: 8cc7 feff | ffba 45ff | ffff 4c8b | 5424 504c | 8954 2440 | 4c89 7424 | 6848 895c | 2470 6690 
  0x000001bbddb459a4: ;   {runtime_call UncommonTrapBlob}
  0x000001bbddb459a4: c5f8 77e8 

  0x000001bbddb459a8: ; ImmutableOopMap {[64]=Oop [104]=Oop [112]=Oop [152]=Oop [160]=Oop [176]=Oop [184]=Oop [192]=Oop [208]=Oop }
                      ;*if_icmpge {reexecute=1 rethrow=0 return_oop=0}
                      ; - (reexecute) java.util.HashMap$HashIterator::<init>@54 (line 1593)
                      ; - java.util.HashMap$KeyIterator::<init>@2 (line 1626)
                      ; - java.util.HashMap$KeySet::iterator@8 (line 991)
                      ; - java.util.HashSet::iterator@7 (line 182)
                      ; - ai.onnxruntime.OrtSession::run@525 (line 375)
  0x000001bbddb459a8: 54ec 63ff 

  0x000001bbddb459ac: ;   {other}
  0x000001bbddb459ac: 0f1f 8400 | 9c26 0013 

  0x000001bbddb459b4: ;   {metadata('java/util/HashMap')}
  0x000001bbddb459b4: 4181 faa0 | d408 000f | 85ff 1e00 | 0045 8b59 | 0c45 85db | 0f84 3101 | 0000 4b8d | 3cdc e9d4 
  0x000001bbddb459d4: ebff ff49 | bd00 a0c9 | e2bb 0100 | 00e9 d4e8 | ffff 4c8b | 8c24 8800 | 0000 4533 | dbe9 51f4 
  0x000001bbddb459f4: ffff 4d8b | 8758 0400 

  0x000001bbddb459fc: ; ImmutableOopMap {rcx=Oop [48]=Oop [80]=Oop [124]=NarrowOop [128]=NarrowOop [152]=Oop [160]=Oop [168]=Oop [176]=Oop [184]=Oop [192]=Oop }
                      ;*ifnull {reexecute=1 rethrow=0 return_oop=0}
                      ; - (reexecute) java.util.HashMap$HashIterator::nextNode@95 (line 1609)
                      ; - java.util.HashMap$EntryIterator::next@1 (line 1638)
                      ; - java.util.HashMap$EntryIterator::next@1 (line 1636)
                      ; - ai.onnxruntime.OrtSession::run@204 (line 350)
  0x000001bbddb459fc: 0083 c202 

  0x000001bbddb45a00: ;   {poll}
  0x000001bbddb45a00: 4185 0041 | 3bfb 0f8d | 6e03 0000 | 8bdf e93b | fdff ff4b | 8d2c dc44 | 8b55 0c44 | 3b54 2474 
  0x000001bbddb45a20: 0f85 6ee7 | ffff 448b | 5510 448b | 5c24 7045 | 3bd3 744c | 458b c347 | 8b5c c408 | 4d8b c249 
  0x000001bbddb45a40: c1e0 0344 | 8b54 2470 | 49c1 e203 

  0x000001bbddb45a4c: ;   {metadata('java/lang/String')}
  0x000001bbddb45a4c: 4181 fbd8 | e800 000f | 8544 0900 | 0049 8bd2 | 4c89 9424 | 8800 0000 

  0x000001bbddb45a64: ;   {optimized virtual_call}
  0x000001bbddb45a64: c5f8 77e8 

  0x000001bbddb45a68: ; ImmutableOopMap {rbp=Oop [48]=Oop [80]=Oop [112]=NarrowOop [124]=NarrowOop [128]=NarrowOop [136]=Oop [152]=Oop [160]=Oop [168]=Oop [176]=Oop [184]=Oop [192]=Oop }
                      ;*invokevirtual equals {reexecute=0 rethrow=0 return_oop=0}
                      ; - java.util.HashMap::getNode@128 (line 585)
                      ; - java.util.HashMap::containsKey@2 (line 602)
                      ; - java.util.HashSet::contains@5 (line 213)
                      ; - ai.onnxruntime.OrtSession::run@225 (line 351)
  0x000001bbddb45a68: 1490 63ff 

  0x000001bbddb45a6c: ;   {other}
  0x000001bbddb45a6c: 0f1f 8400 | 5c27 0015 | 448b c845 | 85c9 0f84 | 4020 0000 | 41ba 0100 | 0000 e928 | e7ff ff49 
  0x000001bbddb45a8c: 8d2c cc44 | 8b45 0c45 | 3bc2 741a | 8b4d 1849 | 8b9f 5804 

  0x000001bbddb45aa0: ; ImmutableOopMap {r9=Oop rcx=NarrowOop [80]=Oop [112]=Oop [120]=Oop [152]=Oop [160]=Oop [176]=Oop [184]=Oop [192]=Oop [208]=Oop }
                      ;*ifnonnull {reexecute=1 rethrow=0 return_oop=0}
                      ; - (reexecute) java.util.HashMap::getNode@145 (line 587)
                      ; - java.util.HashMap::containsKey@2 (line 602)
                      ; - java.util.HashSet::contains@5 (line 213)
                      ; - ai.onnxruntime.OrtSession::run@560 (line 376)
                      ;   {poll}
  0x000001bbddb45aa0: 0000 8503 | 85c9 0f84 | 98f3 ffff | 498d 2ccc | ebdd 448b | 5d10 4d8b | c349 c1e0 | 034d 3bc1 
  0x000001bbddb45ac0: 7432 4489 | 5424 5c4c | 898c 2488 | 0000 0049 | 8bd1 6690 

  0x000001bbddb45ad4: ;   {optimized virtual_call}
  0x000001bbddb45ad4: c5f8 77e8 

  0x000001bbddb45ad8: ; ImmutableOopMap {rbp=Oop [80]=Oop [112]=Oop [120]=Oop [136]=Oop [152]=Oop [160]=Oop [176]=Oop [184]=Oop [192]=Oop [208]=Oop }
                      ;*invokevirtual equals {reexecute=0 rethrow=0 return_oop=0}
                      ; - java.util.HashMap::getNode@128 (line 585)
                      ; - java.util.HashMap::containsKey@2 (line 602)
                      ; - java.util.HashSet::contains@5 (line 213)
                      ; - ai.onnxruntime.OrtSession::run@560 (line 376)
  0x000001bbddb45ad8: a48f 63ff 

  0x000001bbddb45adc: ;   {other}
  0x000001bbddb45adc: 0f1f 8400 | cc27 0017 | 85c0 0f84 | e420 0000 | 4c8b 8c24 | 8800 0000 | 41bb 0100 | 0000 e948 
  0x000001bbddb45afc: f3ff ff49 | 8bbf b801 | 0000 4c8b | d749 83c2 | 104d 3b97 | c801 0000 | 0f83 b614 | 0000 4d89 
  0x000001bbddb45b1c: 97b8 0100 | 0041 0f18 | 8200 0100 | 0048 c707 | 0100 0000 

  0x000001bbddb45b30: ;   {metadata('java/util/HashMap$KeySet')}
  0x000001bbddb45b30: c747 0818 | 401a 0044 | 8967 0c4d | 8bd1 49c1 | ea03 4489 | 570c 4180 | 7f40 000f | 85a6 1100 
  0x000001bbddb45b50: 004d 8bd9 | 4c8b d749 | c1ea 0345 | 8951 0c4c | 8bd7 4d33 | d349 c1ea | 154d 85d2 | 0f84 39ea 
  0x000001bbddb45b70: ffff 49c1 | eb09 48b9 | 00a0 c9e2 | bb01 0000 | 4903 cb80 | 3902 0f84 | 1fea ffff | 4d8b 5748 
  0x000001bbddb45b90: 4d8b 5f58 | f083 4424 | c000 8039 | 000f 8408 | eaff ff44 | 8821 4d85 | d275 2049 | 8bd7 c5f8 
  0x000001bbddb45bb0: 7749 ba60 | 2033 84fd | 7f00 0041 

  0x000001bbddb45bbc: ;   {other}
  0x000001bbddb45bbc: ffd2 0f1f | 8400 0000 | 0000 e9e0 | e9ff ff4b | 894c 13f8 | 4983 c2f8 | 4d89 5748 | e9ce e9ff 
  0x000001bbddb45bdc: ff4b 8d2c | d444 8b45 | 0c44 3bc1 | 741b 8b5d | 184d 8b87 

  0x000001bbddb45bf0: ; ImmutableOopMap {r9=Oop rbx=NarrowOop [80]=Oop [112]=Oop [120]=Oop [152]=Oop [160]=Oop [176]=Oop [184]=Oop [192]=Oop [208]=Oop }
                      ;*ifnonnull {reexecute=1 rethrow=0 return_oop=0}
                      ; - (reexecute) java.util.HashMap::getNode@145 (line 587)
                      ; - java.util.HashMap::containsKey@2 (line 602)
                      ; - java.util.HashSet::contains@5 (line 213)
                      ; - ai.onnxruntime.OrtSession::run@560 (line 376)
  0x000001bbddb45bf0: 5804 0000 

  0x000001bbddb45bf4: ;   {poll}
  0x000001bbddb45bf4: 4185 0085 | db0f 84ef | fdff ff49 | 8d2c dceb | dc44 8b5d | 104d 8bc3 | 49c1 e003 | 4d3b c174 
  0x000001bbddb45c14: 2f89 4c24 | 5c4c 898c | 2488 0000 | 0049 8bd1 

  0x000001bbddb45c24: ;   {optimized virtual_call}
  0x000001bbddb45c24: c5f8 77e8 

  0x000001bbddb45c28: ; ImmutableOopMap {rbp=Oop [80]=Oop [112]=Oop [120]=Oop [136]=Oop [152]=Oop [160]=Oop [176]=Oop [184]=Oop [192]=Oop [208]=Oop }
                      ;*invokevirtual equals {reexecute=0 rethrow=0 return_oop=0}
                      ; - java.util.HashMap::getNode@128 (line 585)
                      ; - java.util.HashMap::containsKey@2 (line 602)
                      ; - java.util.HashSet::contains@5 (line 213)
                      ; - ai.onnxruntime.OrtSession::run@560 (line 376)
  0x000001bbddb45c28: 548e 63ff 

  0x000001bbddb45c2c: ;   {other}
  0x000001bbddb45c2c: 0f1f 8400 | 1c29 0019 | 85c0 0f84 | bc1f 0000 | 4c8b 8c24 | 8800 0000 | 41bb 0100 | 0000 e9f8 
  0x000001bbddb45c4c: f1ff ff41 | 807f 4000 | 0f85 d410 

  0x000001bbddb45c58: ;   {oop(a 'java/lang/Object'[0] {0x00000007036e7f60})}
  0x000001bbddb45c58: 0000 c746 | 14ec cf6d | e04c 8bd6 

  0x000001bbddb45c64: ;   {oop(a 'java/lang/Object'[0] {0x00000007036e7f60})}
  0x000001bbddb45c64: 49bb 607f | 6e03 0700 | 0000 4d33 | da49 c1eb | 154d 85db | 0f84 72f6 | ffff 49c1 | ea09 48b9 
  0x000001bbddb45c84: 00a0 c9e2 | bb01 0000 | 4903 ca80 | 3902 0f84 | 58f6 ffff | 4d8b 5748 | 4d8b 5f58 | f083 4424 
  0x000001bbddb45ca4: c000 8039 | 000f 8441 | f6ff ff44 | 8821 4d85 | d275 2049 | 8bd7 c5f8 | 7749 ba60 | 2033 84fd 
  0x000001bbddb45cc4: 7f00 0041 

  0x000001bbddb45cc8: ;   {other}
  0x000001bbddb45cc8: ffd2 0f1f | 8400 0000 | 0000 e919 | f6ff ff4b | 894c 13f8 | 4983 c2f8 | 4d89 5748 | e907 f6ff 
  0x000001bbddb45ce8: ff45 33c0 | e92e f9ff | ff44 8b1e | 4585 db0f | 8418 e5ff | ff4d 8b57 | 2849 8bcb | 48c1 e103 
  0x000001bbddb45d08: 4d85 d20f | 84af 1300 | 004d 8b5f | 384b 894c | 13f8 4983 | c2f8 4d89 | 5728 e9ee | e4ff ff4d 
  0x000001bbddb45d28: 8b57 584d | 8b5f 48f0 | 8344 24c0 | 0080 3900 | 0f84 0de5 | ffff 4488 | 214d 85db | 7520 498b 
  0x000001bbddb45d48: d7c5 f877 | 49ba 6020 | 3384 fd7f | 0000 41ff 

  0x000001bbddb45d58: ;   {other}
  0x000001bbddb45d58: d20f 1f84 | 0000 0000 | 00e9 e5e4 | ffff 4b89 | 4c1a f849 | 83c3 f84d | 895f 48e9 | d3e4 ffff 
  0x000001bbddb45d78: 8bfb 413b | f97d 2790 | 448b 5cb9 | 1044 895c | 247c 4585 | db74 0989 | 7c24 78e9 | a8df ffff 
  0x000001bbddb45d98: 448d 5701 | 453b d17d | 0941 8bfa | ebda 8b7c | 2478 448d | 5701 4489 | 5424 78e9 | 95df ffff 
  0x000001bbddb45db8: 33ed 4533 | d24c 8b8c | 2488 0000 | 00e9 acef | ffff 4533 | c0e9 5df8 | ffff 4533 | c045 33d2 
  0x000001bbddb45dd8: 4489 5424 | 74e9 72e2 | ffff c5f8 | 7748 b8d8 | e800 80bb 

  0x000001bbddb45dec: ;   {virtual_call}
  0x000001bbddb45dec: 0100 00e8 

  0x000001bbddb45df0: ; ImmutableOopMap {rbp=Oop [48]=Oop [56]=Oop [80]=Oop [112]=NarrowOop [124]=NarrowOop [128]=NarrowOop [152]=Oop [160]=Oop [168]=Oop [176]=Oop [184]=Oop [192]=Oop }
                      ;*invokevirtual hashCode {reexecute=0 rethrow=0 return_oop=0}
                      ; - java.util.HashMap::hash@9 (line 338)
                      ; - java.util.HashMap::getNode@23 (line 576)
                      ; - java.util.HashMap::containsKey@2 (line 602)
                      ; - java.util.HashSet::contains@5 (line 213)
                      ; - ai.onnxruntime.OrtSession::run@225 (line 351)
  0x000001bbddb45df0: 6c2b e7ff 

  0x000001bbddb45df4: ;   {other}
  0x000001bbddb45df4: 0f1f 8400 | e42a 001a | e93c e2ff | ff44 8b5b | 2845 85db | 0f84 d8dd | ffff 4d8b | 5728 498b 
  0x000001bbddb45e14: cb48 c1e1 | 034d 85d2 | 0f84 2214 | 0000 4d8b | 5f38 4b89 | 4c13 f849 | 83c2 f84d | 8957 28e9 
  0x000001bbddb45e34: aedd ffff | 4c8b 5424 | 7045 8b52 | 1445 85d2 | 0f84 b1f4 | ffff 4d8b | 5f28 498b | ca48 c1e1 
  0x000001bbddb45e54: 034d 85db | 0f84 4614 | 0000 4d8b | 5738 4b89 | 4c1a f849 | 83c3 f84d | 895f 28e9 | 87f4 ffff 
  0x000001bbddb45e74: 4c8b 5424 | 7045 8b52 | 1845 85d2 | 0f84 b7f4 | ffff 4d8b | 5f28 498b | ca48 c1e1 | 034d 85db 
  0x000001bbddb45e94: 0f84 ea13 | 0000 4d8b | 5738 4b89 | 4c1a f849 | 83c3 f84d | 895f 28e9 | 8df4 ffff | 448b 5b18 
  0x000001bbddb45eb4: 4585 db0f | 84fb e7ff | ff4d 8b47 | 2849 8bcb | 48c1 e103 | 4d85 c00f | 84f3 1300 | 004d 8b5f 
  0x000001bbddb45ed4: 384b 894c | 03f8 4983 | c0f8 4d89 | 4728 e9d1 | e7ff ff44 | 8b5b 1445 | 85db 0f84 

  0x000001bbddb45ef0: ;   {no_reloc}
  0x000001bbddb45ef0: 0de8 ffff | 4d8b 4728 | 498b cb48 | c1e1 034d | 85c0 0f84 | 1814 0000 | 4d8b 5f38 | 4b89 4c03 
  0x000001bbddb45f10: f849 83c0 | f84d 8947 | 28e9 e3e7 | ffff 448b | 5d00 4585 | db0f 8450 | efff ff4d | 8b47 2849 
  0x000001bbddb45f30: 8bcb 48c1 | e103 4d85 | c00f 843d | 1400 004d | 8b5f 384b | 894c 03f8 | 4983 c0f8 | 4d89 4728 
  0x000001bbddb45f50: e926 efff | ff4d 8b57 | 484d 8b5f | 58f0 8344 | 24c0 0080 | 3900 743c | 4488 214d | 85d2 740f 
  0x000001bbddb45f70: 4b89 4c13 | f849 83c2 | f84d 8957 | 48eb 2548 | 897c 2430 | 498b d7c5 | f877 49ba | 6020 3384 
  0x000001bbddb45f90: fd7f 0000 

  0x000001bbddb45f94: ;   {other}
  0x000001bbddb45f94: 41ff d20f | 1f84 0000 | 0000 0048 | 8b7c 2430 | 448b 5f0c | 4585 db0f | 848f 1c00 | 0049 8bdb 
  0x000001bbddb45fb4: 48c1 e303 | e967 dcff | ff4d 8b57 | 484d 8b5f | 58f0 8344 | 24c0 0041 | 8038 000f | 84a5 f3ff 
  0x000001bbddb45fd4: ff45 8820 | 4d85 d275 | 2349 8bc8 | 498b d7c5 | f877 49ba | 6020 3384 | fd7f 0000 

  0x000001bbddb45ff0: ;   {other}
  0x000001bbddb45ff0: 41ff d20f | 1f84 0000 | 0000 00e9 | 7af3 ffff | 4f89 4413 | f849 83c2 | f84d 8957 | 48e9 68f3 
  0x000001bbddb46010: ffff 4d8b | 5748 4d8b | 5f58 f083 | 4424 c000 | 8039 000f | 8409 f3ff | ff44 8821 | 4d85 d275 
  0x000001bbddb46030: 2049 8bd7 | c5f8 7749 | ba60 2033 | 84fd 7f00 | 0041 ffd2 

  0x000001bbddb46044: ;   {other}
  0x000001bbddb46044: 0f1f 8400 | 0000 0000 | e9e1 f2ff | ff4b 894c | 13f8 4983 | c2f8 4d89 | 5748 e9cf | f2ff ff4d 
  0x000001bbddb46064: 8b57 484d | 8b5f 58f0 | 8344 24c0 | 0080 3900 | 0f84 96f0 | ffff 4488 | 214d 85d2 | 7520 498b 
  0x000001bbddb46084: d7c5 f877 | 49ba 6020 | 3384 fd7f | 0000 41ff 

  0x000001bbddb46094: ;   {other}
  0x000001bbddb46094: d20f 1f84 | 0000 0000 | 00e9 6ef0 | ffff 4b89 | 4c13 f849 | 83c2 f84d | 8957 48e9 | 5cf0 ffff 
  0x000001bbddb460b4: 4d8b 5f58 | 4d8b 4748 | f083 4424 | c000 8039 | 000f 841d | e6ff ff44 | 8821 4d85 | c075 5c44 
  0x000001bbddb460d4: 8954 243c | 4889 5c24 | 704c 8974 | 2468 4c8b | 5424 484c | 8954 2458 | 4c89 6c24 | 3049 8bd7 
  0x000001bbddb460f4: c5f8 7749 | ba60 2033 | 84fd 7f00 | 0041 ffd2 

  0x000001bbddb46104: ;   {other}
  0x000001bbddb46104: 0f1f 8400 | 0000 0000 | 4c8b 6c24 | 304c 8b54 | 2458 4c89 | 5424 484c | 8b74 2468 | 488b 5c24 
  0x000001bbddb46124: 7044 8b54 | 243c e9b9 | e5ff ff4b | 894c 03f8 | 4983 c0f8 | 4d89 4748 | e9a7 e5ff | ff4d 8b5f 
  0x000001bbddb46144: 584d 8b47 | 48f0 8344 | 24c0 0080 | 3900 0f84 | 5ded ffff | 4488 214d | 85c0 7526 | 418b fa49 
  0x000001bbddb46164: 8bd7 c5f8 | 7749 ba60 | 2033 84fd | 7f00 0041 

  0x000001bbddb46174: ;   {other}
  0x000001bbddb46174: ffd2 0f1f | 8400 0000 | 0000 448b | d7e9 2fed | ffff 4b89 | 4c03 f849 | 83c0 f84d | 8947 48e9 
  0x000001bbddb46194: 1ded ffff | 448b 5e14 | 4585 db0f | 8414 f1ff | ff4d 8b57 | 2849 8bcb | 48c1 e103 | 4d85 d20f 
  0x000001bbddb461b4: 84ef 1100 | 004d 8b5f | 384b 894c | 13f8 4983 | c2f8 4d89 | 5728 e9ea | f0ff ff4d | 8b5f 584d 
  0x000001bbddb461d4: 8b47 48f0 | 8344 24c0 | 0080 3900 | 0f84 59e5 | ffff 4488 | 214d 85c0 | 755c 4489 | 5424 3c48 
  0x000001bbddb461f4: 895c 2470 | 4c89 7424 | 684c 8b54 | 2448 4c89 | 5424 584c | 896c 2430 | 498b d7c5 | f877 49ba 
  0x000001bbddb46214: 6020 3384 | fd7f 0000 

  0x000001bbddb4621c: ;   {other}
  0x000001bbddb4621c: 41ff d20f | 1f84 0000 | 0000 004c | 8b6c 2430 | 4c8b 5424 | 584c 8954 | 2448 4c8b | 7424 6848 
  0x000001bbddb4623c: 8b5c 2470 | 448b 5424 | 3ce9 f5e4 | ffff 4b89 | 4c03 f849 | 83c0 f84d | 8947 48e9 | e3e4 ffff 
  0x000001bbddb4625c: 4d8b 5748 | 4d8b 5f58 | f083 4424 | c000 8039 | 000f 847d | f0ff ff44 | 8821 4d85 | d275 2049 
  0x000001bbddb4627c: 8bd7 c5f8 | 7749 ba60 | 2033 84fd | 7f00 0041 

  0x000001bbddb4628c: ;   {other}
  0x000001bbddb4628c: ffd2 0f1f | 8400 0000 | 0000 e955 | f0ff ff4b | 894c 13f8 | 4983 c2f8 | 4d89 5748 | e943 f0ff 
  0x000001bbddb462ac: ff44 8b43 | 1845 85c0 | 0f84 a7e3 | ffff 4d8b | 5728 498b | c848 c1e1 | 034d 85d2 | 0f84 7613 
  0x000001bbddb462cc: 0000 4d8b | 4738 4b89 | 4c10 f849 | 83c2 f84d | 8957 28e9 | 7de3 ffff | 4d8b 5758 | 4d8b 4748 
  0x000001bbddb462ec: f083 4424 | c000 8039 | 000f 845b | e3ff ff44 | 8821 4d85 | c075 4444 | 895c 2434 | 4889 5c24 
  0x000001bbddb4630c: 684c 8974 | 2460 4d8b | f549 8bd7 | c5f8 7749 | ba60 2033 | 84fd 7f00 | 0041 ffd2 

  0x000001bbddb46328: ;   {other}
  0x000001bbddb46328: 0f1f 8400 | 0000 0000 | 4d8b ee4c | 8b74 2460 | 488b 5c24 | 6844 8b5c | 2434 e90f | e3ff ff4b 
  0x000001bbddb46348: 894c 02f8 | 4983 c0f8 | 4d89 4748 | e9fd e2ff | ff45 33c0 | 33c9 4c8b | 8c24 8800 | 0000 e9e1 
  0x000001bbddb46368: e6ff ff45 | 33c0 4533 | d244 8994 | 248c 0000 | 00e9 e2da | ffff c5f8 | 7748 b8ff | ffff ffff 
  0x000001bbddb46388: ;   {virtual_call}
  0x000001bbddb46388: ffff ffe8 

  0x000001bbddb4638c: ; ImmutableOopMap {rbp=Oop [48]=Oop [56]=Oop [80]=Oop [112]=NarrowOop [124]=NarrowOop [128]=NarrowOop [152]=Oop [160]=Oop [168]=Oop [176]=Oop [184]=Oop [192]=Oop }
                      ;*invokevirtual hashCode {reexecute=0 rethrow=0 return_oop=0}
                      ; - java.util.HashMap::hash@9 (line 338)
                      ; - java.util.HashMap::getNode@23 (line 576)
                      ; - java.util.HashMap::containsKey@2 (line 602)
                      ; - java.util.HashSet::contains@5 (line 213)
                      ; - ai.onnxruntime.OrtSession::run@225 (line 351)
  0x000001bbddb4638c: f089 63ff 

  0x000001bbddb46390: ;   {other}
  0x000001bbddb46390: 0f1f 8400 | 8030 001b | e9a9 daff | ff49 8bd2 | 4c89 9424 | 8800 0000 | 6690 c5f8 | 7748 b8ff 
  0x000001bbddb463b0: ffff ffff 

  0x000001bbddb463b4: ;   {virtual_call}
  0x000001bbddb463b4: ffff ffe8 

  0x000001bbddb463b8: ; ImmutableOopMap {rbp=Oop [48]=Oop [80]=Oop [112]=NarrowOop [124]=NarrowOop [128]=NarrowOop [136]=Oop [152]=Oop [160]=Oop [168]=Oop [176]=Oop [184]=Oop [192]=Oop }
                      ;*invokevirtual equals {reexecute=0 rethrow=0 return_oop=0}
                      ; - java.util.HashMap::getNode@128 (line 585)
                      ; - java.util.HashMap::containsKey@2 (line 602)
                      ; - java.util.HashSet::contains@5 (line 213)
                      ; - ai.onnxruntime.OrtSession::run@225 (line 351)
  0x000001bbddb463b8: c489 63ff 

  0x000001bbddb463bc: ;   {other}
  0x000001bbddb463bc: 0f1f 8400 | ac30 001c | 448b c8e9 | abf6 ffff | 41bb 0100 | 0000 e9db | ecff ff49 | 8bd2 4c89 
  0x000001bbddb463dc: 9424 9000 | 0000 c5f8 | 7748 b8ff | ffff ffff 

  0x000001bbddb463ec: ;   {virtual_call}
  0x000001bbddb463ec: ffff ffe8 

  0x000001bbddb463f0: ; ImmutableOopMap {rbp=Oop [48]=Oop [80]=Oop [112]=NarrowOop [124]=NarrowOop [128]=NarrowOop [144]=Oop [152]=Oop [160]=Oop [168]=Oop [176]=Oop [184]=Oop [192]=Oop }
                      ;*invokevirtual equals {reexecute=0 rethrow=0 return_oop=0}
                      ; - java.util.HashMap::getNode@128 (line 585)
                      ; - java.util.HashMap::containsKey@2 (line 602)
                      ; - java.util.HashSet::contains@5 (line 213)
                      ; - ai.onnxruntime.OrtSession::run@225 (line 351)
  0x000001bbddb463f0: 8c89 63ff 

  0x000001bbddb463f4: ;   {other}
  0x000001bbddb463f4: 0f1f 8400 | e430 001d | 448b c0e9 | 37f4 ffff | 83fa 0174 | 0733 dbe9 | f8f1 ffff | 85d2 0f86 
  0x000001bbddb46414: 4018 0000 | 0fb6 1fe9 | e8f1 ffff | 448b 4314 | 4585 c00f | 8431 0100 | 004d 8b4f | 2849 8bc8 
  0x000001bbddb46434: 48c1 e103 | 4d85 c90f | 84a7 1300 | 0044 8994 | 2480 0000 | 0089 7424 | 4448 895c | 2478 4c89 
  0x000001bbddb46454: 7424 704c | 8b94 24d0 | 0000 004c | 8954 2468 | 4c8b 5424 | 484c 8954 | 2460 4c8b | 9424 a800 
  0x000001bbddb46474: 0000 4c89 | 5424 584c | 8b94 2498 | 0000 004c | 8954 2448 | 448b 9c24 | 9000 0000 | 4489 5c24 
  0x000001bbddb46494: 404c 896c | 2438 4c8b | 9424 c000 | 0000 4c89 | 5424 304c | 8bb4 24b8 | 0000 0048 | 8bb4 24b0 
  0x000001bbddb464b4: 0000 0044 | 8bac 24cc | 0000 0048 | 8b9c 24a0 | 0000 004d | 8b57 384b | 894c 0af8 | 4983 c1f8 
  0x000001bbddb464d4: 4d89 4f28 | 4889 9c24 | a000 0000 | 4489 ac24 | cc00 0000 | 4889 b424 | b000 0000 

  0x000001bbddb464f0: ;   {no_reloc}
  0x000001bbddb464f0: 4c89 b424 | b800 0000 | 4c8b 5424 | 304c 8994 | 24c0 0000 | 004c 8b6c | 2438 448b | 5c24 4044 
  0x000001bbddb46510: 899c 2490 | 0000 004c | 8b54 2448 | 4c89 9424 | 9800 0000 | 4c8b 5424 | 584c 8994 | 24a8 0000 
  0x000001bbddb46530: 004c 8b54 | 2460 4c89 | 5424 484c | 8b54 2468 | 4c89 9424 | d000 0000 | 4c8b 7424 | 7048 8b5c 
  0x000001bbddb46550: 2478 8b74 | 2444 448b | 9424 8000 | 0000 4889 | 5c24 3089 | 7424 3844 | 8954 2478 | e9ad f3ff 
  0x000001bbddb46570: ff4d 8b57 | 584d 8b5f | 48f0 8344 | 24c0 0080 | 3900 0f84 | d7f3 ffff | 4488 214d | 85db 7520 
  0x000001bbddb46590: 498b d7c5 | f877 49ba | 6020 3384 | fd7f 0000 

  0x000001bbddb465a0: ;   {other}
  0x000001bbddb465a0: 41ff d20f | 1f84 0000 | 0000 00e9 | aff3 ffff | 4b89 4c1a | f849 83c3 | f84d 895f | 48e9 9df3 
  0x000001bbddb465c0: ffff 83fa | 0174 0733 | dbe9 80e7 | ffff 85d2 | 0f86 aa16 | 0000 0fb6 | 1fe9 70e7 | ffff 83fa 
  0x000001bbddb465e0: 0174 0733 | dbe9 36e4 | ffff 85d2 | 0f86 e216 | 0000 0fb6 | 1fe9 26e4 | ffff 4c8b | 9424 c000 
  0x000001bbddb46600: 0000 4c89 | 5424 604c | 8b94 24b8 | 0000 004c | 8954 2458 | 4c8b 9424 | b000 0000 | 4c89 5424 
  0x000001bbddb46620: 4848 8974 | 2440 896c | 2438 4889 | 5c24 3048 | 8bac 24a0 

  0x000001bbddb46634: ;   {metadata('java/util/HashMap$EntrySet')}
  0x000001bbddb46634: 0000 0048 | bab8 541a | 80bb 0100 | 0066 6690 

  0x000001bbddb46644: ;   {runtime_call _new_instance_Java}
  0x000001bbddb46644: c5f8 77e8 

  0x000001bbddb46648: ; ImmutableOopMap {rbp=Oop [48]=Oop [64]=Oop [72]=Oop [80]=Oop [88]=Oop [96]=Oop [160]=Oop [176]=Oop [184]=Oop [192]=Oop }
                      ;*new {reexecute=0 rethrow=0 return_oop=1}
                      ; - java.util.HashMap::entrySet@10 (line 1099)
                      ; - ai.onnxruntime.OrtSession::run@180 (line 350)
  0x000001bbddb46648: b429 70ff 

  0x000001bbddb4664c: ;   {other}
  0x000001bbddb4664c: 0f1f 8400 | 3c33 001e | 488b 5c24 | 308b 6c24 | 3848 8b74 | 2440 488b | f8e9 66d5 | ffff 4c8b 
  0x000001bbddb4666c: 9424 b000 | 0000 4c89 | 5424 604c | 895c 2458 | 4889 7424 | 484c 8944 | 2440 896c | 2438 4889 
  0x000001bbddb4668c: 5c24 3048 

  0x000001bbddb46690: ;   {metadata('java/lang/String'[])}
  0x000001bbddb46690: 8bea 48ba | 78ec 0080 | bb01 0000 | 448b 4424 | 3866 6690 

  0x000001bbddb466a4: ;   {runtime_call _new_array_Java}
  0x000001bbddb466a4: c5f8 77e8 

  0x000001bbddb466a8: ; ImmutableOopMap {rbp=Oop [48]=Oop [72]=Oop [80]=Oop [96]=Oop [160]=Oop [176]=Oop }
                      ;*anewarray {reexecute=0 rethrow=0 return_oop=1}
                      ; - ai.onnxruntime.OrtSession::run@161 (line 347)
  0x000001bbddb466a8: d46b 70ff 

  0x000001bbddb466ac: ;   {other}
  0x000001bbddb466ac: 0f1f 8400 | 9c33 001f | 488b 5c24 | 308b 6c24 | 384c 8b44 | 2440 488b | 7424 484c | 8b5c 2458 
  0x000001bbddb466cc: 4c8b d0e9 | c8d3 ffff | 4c8b 9424 | b800 0000 | 4c89 5424 | 584c 8b94 | 24b0 0000 | 004c 8954 
  0x000001bbddb466ec: 2448 4889 | 7424 4089 | 6c24 3848 | 895c 2430 | 488b ac24 | a000 0000 

  0x000001bbddb46704: ;   {metadata({type array long})}
  0x000001bbddb46704: 48ba 802a | 0080 bb01 | 0000 448b | 4424 3890 

  0x000001bbddb46714: ;   {runtime_call _new_array_Java}
  0x000001bbddb46714: c5f8 77e8 

  0x000001bbddb46718: ; ImmutableOopMap {rbp=Oop [48]=Oop [64]=Oop [72]=Oop [80]=Oop [88]=Oop [160]=Oop [176]=Oop [184]=Oop }
                      ;*newarray {reexecute=0 rethrow=0 return_oop=1}
                      ; - ai.onnxruntime.OrtSession::run@172 (line 348)
  0x000001bbddb46718: 646b 70ff 

  0x000001bbddb4671c: ;   {other}
  0x000001bbddb4671c: 0f1f 8400 | 0c34 0020 | 488b 5c24 | 308b 6c24 | 3848 8b74 | 2440 4c8b | d0e9 49d4 | ffff 4489 
  0x000001bbddb4673c: 5424 6844 | 8944 2434 | 4c89 6c24 | 604c 8b94 | 24c0 0000 | 004c 8954 | 2458 4c8b | 9424 b800 
  0x000001bbddb4675c: 0000 4c89 | 5424 484c | 8b94 24b0 | 0000 004c | 8954 2440 | 4889 7424 | 3848 8bac | 24a0 0000 
  0x000001bbddb4677c: ;   {metadata('java/lang/String'[])}
  0x000001bbddb4677c: 0048 ba78 | ec00 80bb | 0100 0044 | 8b44 2468 

  0x000001bbddb4678c: ;   {runtime_call _new_array_Java}
  0x000001bbddb4678c: c5f8 77e8 

  0x000001bbddb46790: ; ImmutableOopMap {rbp=Oop [52]=NarrowOop [56]=Oop [64]=Oop [72]=Oop [80]=Oop [88]=Oop [160]=Oop [176]=Oop [184]=Oop [192]=Oop }
                      ;*anewarray {reexecute=0 rethrow=0 return_oop=1}
                      ; - ai.onnxruntime.OrtSession::run@339 (line 360)
  0x000001bbddb46790: ec6a 70ff 

  0x000001bbddb46794: ;   {other}
  0x000001bbddb46794: 0f1f 8400 | 8434 0021 | 488b 7424 | 384c 8b6c | 2460 448b | 4424 3444 | 8b5c 2468 | 488b d845 
  0x000001bbddb467b4: 8bd3 e9eb | dbff ff4c | 8b8c 24a8 | 0000 004c | 8b5c 2448 | 4c89 9c24 | 8000 0000 | 4c89 4c24 
  0x000001bbddb467d4: 784c 8b9c | 2498 0000 | 004c 895c | 2470 4489 | 5424 6844 | 8944 2434 | 4c89 6c24 | 604c 8b94 
  0x000001bbddb467f4: 24c0 0000 | 004c 8954 | 2458 4c8b | 9424 b800 | 0000 4c89 | 5424 484c | 8b94 24b0 | 0000 004c 
  0x000001bbddb46814: 8954 2440 | 4889 7424 | 3848 8bac | 24a0 0000 

  0x000001bbddb46824: ;   {metadata('ai/onnxruntime/OnnxValue'[])}
  0x000001bbddb46824: 0048 bac0 | b32f 81bb | 0100 0044 | 8b44 2468 

  0x000001bbddb46834: ;   {runtime_call _new_array_Java}
  0x000001bbddb46834: c5f8 77e8 

  0x000001bbddb46838: ; ImmutableOopMap {rbp=Oop [52]=NarrowOop [56]=Oop [64]=Oop [72]=Oop [80]=Oop [88]=Oop [112]=Oop [152]=Oop [160]=Oop [176]=Oop [184]=Oop [192]=Oop }
                      ;*anewarray {reexecute=0 rethrow=0 return_oop=1}
                      ; - ai.onnxruntime.OrtSession::run@347 (line 361)
  0x000001bbddb46838: 446a 70ff 

  0x000001bbddb4683c: ;   {other}
  0x000001bbddb4683c: 0f1f 8400 | 2c35 0022 | 488b 7424 | 384c 8b6c | 2460 448b | 4424 3444 | 8b54 2468 | 4c8b 4c24 
  0x000001bbddb4685c: 784c 898c | 24a8 0000 | 004c 8b8c | 2480 0000 | 004c 894c | 2448 4c8b | d8e9 1ddc | ffff 448b 
  0x000001bbddb4687c: 9424 9000 | 0000 4c8b | 9c24 d000 | 0000 4c89 | 9c24 8800 | 0000 4c8b | 5c24 484c | 899c 2480 
  0x000001bbddb4689c: 0000 004c | 8b9c 2498 | 0000 004c | 895c 2470 | 4489 5424 | 6844 8944 | 243c 4c89 | 6c24 604c 
  0x000001bbddb468bc: 8b94 24c0 | 0000 004c | 8954 2458 | 4c8b 9424 | b800 0000 | 4c89 5424 | 484c 8b94 | 24b0 0000 
  0x000001bbddb468dc: 004c 8954 | 2440 4c8b | 9424 a000 | 0000 4c89 

  0x000001bbddb468ec: ;   {metadata({type array long})}
  0x000001bbddb468ec: 5424 3048 | ba80 2a00 | 80bb 0100 | 0048 8bee | 448b 4424 | 6866 6690 

  0x000001bbddb46904: ;   {runtime_call _new_array_Java}
  0x000001bbddb46904: c5f8 77e8 

  0x000001bbddb46908: ; ImmutableOopMap {rbp=Oop [48]=Oop [60]=NarrowOop [64]=Oop [72]=Oop [80]=Oop [88]=Oop [112]=Oop [136]=Oop [152]=Oop [160]=Oop [176]=Oop [184]=Oop [192]=Oop [208]=Oop }
                      ;*newarray {reexecute=0 rethrow=0 return_oop=1}
                      ; - ai.onnxruntime.OrtSession::run@355 (line 362)
  0x000001bbddb46908: 7469 70ff 

  0x000001bbddb4690c: ;   {other}
  0x000001bbddb4690c: 0f1f 8400 | fc35 0023 | 4c8b 6c24 | 6044 8b44 | 243c 448b | 5424 6844 | 8994 2490 | 0000 004c 
  0x000001bbddb4692c: 8b94 2480 | 0000 004c | 8954 2448 | 4c8b f0e9 | 3bdc ffff 

  0x000001bbddb46940: ;   {metadata('ai/onnxruntime/OrtSession$Result')}
  0x000001bbddb46940: 48ba b0b7 | 2f81 bb01 | 0000 6690 

  0x000001bbddb4694c: ;   {runtime_call _new_instance_Java}
  0x000001bbddb4694c: c5f8 77e8 

  0x000001bbddb46950: ; ImmutableOopMap {[80]=Oop [152]=Oop [208]=Oop }
                      ;*new {reexecute=0 rethrow=0 return_oop=1}
                      ; - ai.onnxruntime.OrtSession::run@727 (line 407)
  0x000001bbddb46950: ac26 70ff 

  0x000001bbddb46954: ;   {other}
  0x000001bbddb46954: 0f1f 8400 | 4436 0024 | e96c e6ff | ff4c 8b54 | 2470 4c89 | 5424 404c | 8b54 2450 | 4c89 5424 
  0x000001bbddb46974: ;   {metadata('java/util/LinkedHashMap')}
  0x000001bbddb46974: 3048 bae8 | ef0f 80bb | 0100 0090 

  0x000001bbddb46980: ;   {runtime_call _new_instance_Java}
  0x000001bbddb46980: c5f8 77e8 

  0x000001bbddb46984: ; ImmutableOopMap {[48]=Oop [64]=Oop [112]=Oop [152]=Oop [208]=Oop }
                      ;*new {reexecute=0 rethrow=0 return_oop=1}
                      ; - ai.onnxruntime.OrtSession$Result::<init>@67 (line 1583)
                      ; - ai.onnxruntime.OrtSession::run@737 (line 407)
  0x000001bbddb46984: 7826 70ff 

  0x000001bbddb46988: ;   {other}
  0x000001bbddb46988: 0f1f 8400 | 7836 0025 | 4c8b 5424 | 304c 8954 | 2450 e9a1 | e6ff ff4c | 8b54 2470 | 4c89 5424 
  0x000001bbddb469a8: 404c 8b54 | 2450 4c89 

  0x000001bbddb469b0: ;   {metadata('java/util/ArrayList')}
  0x000001bbddb469b0: 5424 3048 | ba38 b60b | 80bb 0100 | 0066 6690 

  0x000001bbddb469c0: ;   {runtime_call _new_instance_Java}
  0x000001bbddb469c0: c5f8 77e8 

  0x000001bbddb469c4: ; ImmutableOopMap {[48]=Oop [64]=Oop [112]=Oop [148]=NarrowOop [152]=Oop [208]=Oop }
                      ;*new {reexecute=0 rethrow=0 return_oop=1}
                      ; - ai.onnxruntime.OrtSession$Result::<init>@83 (line 1584)
                      ; - ai.onnxruntime.OrtSession::run@737 (line 407)
  0x000001bbddb469c4: 3826 70ff 

  0x000001bbddb469c8: ;   {other}
  0x000001bbddb469c8: 0f1f 8400 | b836 0026 | 4c8b 5c24 | 304c 895c | 2450 488b | f0e9 6ee7 | ffff 4889 | 7424 584c 
  0x000001bbddb469e8: 8b54 2470 | 4c89 5424 | 404c 8b54 | 2450 4c89 

  0x000001bbddb469f8: ;   {metadata('java/lang/Object'[])}
  0x000001bbddb469f8: 5424 3048 | ba58 1200 | 80bb 0100 | 0044 8b84 | 2490 0000 | 0066 6690 

  0x000001bbddb46a10: ;   {runtime_call _new_array_Java}
  0x000001bbddb46a10: c5f8 77e8 

  0x000001bbddb46a14: ; ImmutableOopMap {[48]=Oop [64]=Oop [88]=Oop [112]=Oop [148]=NarrowOop [152]=Oop [208]=Oop }
                      ;*invokestatic copyOf {reexecute=1 rethrow=0 return_oop=1}
                      ; - (reexecute) java.util.Arrays$ArrayList::toArray@11 (line 4248)
                      ; - java.util.ArrayList::<init>@5 (line 181)
                      ; - ai.onnxruntime.OrtSession$Result::<init>@91 (line 1584)
                      ; - ai.onnxruntime.OrtSession::run@737 (line 407)
  0x000001bbddb46a14: 6868 70ff 

  0x000001bbddb46a18: ;   {other}
  0x000001bbddb46a18: 0f1f 8400 | 0837 0027 | 488b 5c24 | 484c 8b5c | 2430 4c89 | 5c24 5048 | 8b74 2458 | 4c8b e8e9 
  0x000001bbddb46a38: 83e7 ffff | 4889 4424 | f88b 8424 | 9400 0000 | 8944 2444 | 488b 4424 | f848 897c | 2468 4889 
  0x000001bbddb46a58: 7424 604c | 8b54 2470 | 4c89 5424 | 584c 8b54 | 2450 4c89 | 5424 4844 | 8b9c 2490 | 0000 0044 
  0x000001bbddb46a78: 895c 2440 

  0x000001bbddb46a7c: ;   {metadata('java/lang/Object'[])}
  0x000001bbddb46a7c: 48ba 5812 | 0080 bb01 | 0000 4c89 | 6c24 5044 | 8b84 2490 | 0000 0090 

  0x000001bbddb46a94: ;   {runtime_call _new_array_Java}
  0x000001bbddb46a94: c5f8 77e8 

  0x000001bbddb46a98: ; ImmutableOopMap {rbp=NarrowOop [68]=NarrowOop [72]=Oop [80]=Oop [104]=Derived_oop_[80] [88]=Oop [96]=Oop [112]=Oop [152]=Oop [208]=Oop }
                      ;*invokestatic copyOf {reexecute=1 rethrow=0 return_oop=1}
                      ; - (reexecute) java.util.ArrayList::<init>@48 (line 186)
                      ; - ai.onnxruntime.OrtSession$Result::<init>@91 (line 1584)
                      ; - ai.onnxruntime.OrtSession::run@737 (line 407)
  0x000001bbddb46a98: e467 70ff 

  0x000001bbddb46a9c: ;   {other}
  0x000001bbddb46a9c: 0f1f 8400 | 8c37 0028 | 448b 5424 | 4044 8994 | 2490 0000 | 004c 8b54 | 2448 4c89 | 5424 5048 
  0x000001bbddb46abc: 8b74 2460 | 488b 7c24 | 684c 8bf0 | 4889 4424 | f88b 4424 | 4489 8424 | 9400 0000 | 488b 4424 
  0x000001bbddb46adc: f8e9 95e7 | ffff 4889 | bc24 8800 | 0000 4c89 | b424 8000 | 0000 4c8b | 9424 d000 | 0000 4c89 
  0x000001bbddb46afc: 5424 784c | 8b54 2448 | 4c89 5424 | 704c 8b94 | 2498 0000 | 004c 8954 | 2460 4c89 | 6c24 584c 
  0x000001bbddb46b1c: 8b94 24c0 | 0000 004c | 8954 2448 | 4c8b 9424 | b800 0000 | 4c89 5424 | 404c 8b94 | 24b0 0000 
  0x000001bbddb46b3c: 004c 8954 | 2438 488b | ac24 a000 

  0x000001bbddb46b48: ;   {metadata('java/util/LinkedHashMap$LinkedKeyIterator')}
  0x000001bbddb46b48: 0000 48ba | e87e 0681 | bb01 0000 

  0x000001bbddb46b54: ;   {runtime_call _new_instance_Java}
  0x000001bbddb46b54: c5f8 77e8 

  0x000001bbddb46b58: ; ImmutableOopMap {rbp=Oop [56]=Oop [64]=Oop [72]=Oop [80]=Oop [96]=Oop [120]=Oop [128]=Oop [136]=Oop [152]=Oop [160]=Oop [176]=Oop [184]=Oop [192]=Oop [208]=Oop }
                      ;*new {reexecute=0 rethrow=0 return_oop=1}
                      ; - java.util.LinkedHashMap$LinkedKeySet::iterator@0 (line 700)
                      ; - java.util.HashSet::iterator@7 (line 182)
                      ; - ai.onnxruntime.OrtSession::run@525 (line 375)
  0x000001bbddb46b58: a424 70ff 

  0x000001bbddb46b5c: ;   {other}
  0x000001bbddb46b5c: 0f1f 8400 | 4c38 0029 | 4c8b 6c24 | 584c 8b54 | 2470 4c89 | 5424 484c | 8bb4 2480 | 0000 0048 
  0x000001bbddb46b7c: 8bbc 2488 | 0000 0048 | 8bd8 e975 | daff ff4c | 896c 2458 | 894c 2450 | 896c 2434 | 498d 2cf4 
  0x000001bbddb46b9c: 8974 2454 | 498b d348 | c1e2 0390 

  0x000001bbddb46ba8: ;   {static_call}
  0x000001bbddb46ba8: c5f8 77e8 

  0x000001bbddb46bac: ; ImmutableOopMap {rbp=Oop [80]=NarrowOop [84]=NarrowOop [88]=Oop [112]=Oop [152]=Oop [208]=Oop }
                      ;*invokestatic hashCode {reexecute=0 rethrow=0 return_oop=0}
                      ; - java.lang.String::hashCode@37 (line 2366)
                      ; - java.util.HashMap::hash@9 (line 338)
                      ; - java.util.HashMap::put@2 (line 618)
                      ; - ai.onnxruntime.OrtSession$Result::<init>@124 (line 1588)
                      ; - ai.onnxruntime.OrtSession::run@737 (line 407)
  0x000001bbddb46bac: d084 63ff 

  0x000001bbddb46bb0: ;   {other}
  0x000001bbddb46bb0: 0f1f 8400 | a038 002a | 8bd8 488b | 8424 9800 | 0000 4c8b | 8c24 d000 | 0000 8b6c | 2434 8b4c 
  0x000001bbddb46bd0: 2450 8b74 | 2454 4c8b | 6c24 58e9 | 28ea ffff | 41c6 44f4 | 1101 4533 | c0e9 31ea | ffff 6690 
  0x000001bbddb46bf0: ;   {static_call}
  0x000001bbddb46bf0: c5f8 77e8 

  0x000001bbddb46bf4: ; ImmutableOopMap {[56]=Oop [80]=Oop [112]=Oop [120]=Oop [136]=Oop [152]=Oop [160]=Oop [176]=Oop [184]=Oop [192]=Oop [208]=Oop }
                      ;*invokestatic hashCode {reexecute=0 rethrow=0 return_oop=0}
                      ; - java.lang.String::hashCode@37 (line 2366)
                      ; - java.util.HashMap::hash@9 (line 338)
                      ; - java.util.HashMap::getNode@23 (line 576)
                      ; - java.util.HashMap::containsKey@2 (line 602)
                      ; - java.util.HashSet::contains@5 (line 213)
                      ; - ai.onnxruntime.OrtSession::run@560 (line 376)
  0x000001bbddb46bf4: 8884 63ff 

  0x000001bbddb46bf8: ;   {other}
  0x000001bbddb46bf8: 0f1f 8400 | e838 002b | 8bd8 e947 | e1ff ff4c | 8b8c 2488 | 0000 0041 | c641 1101 | 33ed 4533 
  0x000001bbddb46c18: d2e9 58e1 | ffff 6690 

  0x000001bbddb46c20: ;   {static_call}
  0x000001bbddb46c20: c5f8 77e8 

  0x000001bbddb46c24: ; ImmutableOopMap {rbp=Oop [80]=Oop [112]=Oop [120]=Oop [136]=Oop [152]=Oop [160]=Oop [176]=Oop [184]=Oop [192]=Oop [208]=Oop }
                      ;*invokestatic hashCode {reexecute=0 rethrow=0 return_oop=0}
                      ; - java.lang.String::hashCode@37 (line 2366)
                      ; - java.util.HashMap::hash@9 (line 338)
                      ; - java.util.HashMap::getNode@23 (line 576)
                      ; - java.util.HashMap::containsKey@2 (line 602)
                      ; - java.util.HashSet::contains@5 (line 213)
                      ; - ai.onnxruntime.OrtSession::run@560 (line 376)
  0x000001bbddb46c24: 5884 63ff 

  0x000001bbddb46c28: ;   {other}
  0x000001bbddb46c28: 0f1f 8400 | 1839 002c | 8bd8 e9e9 | ddff ff4c | 8b8c 2488 | 0000 0041 | c641 1101 | 4533 c033 
  0x000001bbddb46c48: c9e9 fedd | ffff 4889 | bc24 8800 | 0000 4c89 | b424 8000 | 0000 4c8b | 9424 d000 | 0000 4c89 
  0x000001bbddb46c68: 5424 784c | 8b54 2448 | 4c89 5424 | 704c 8b94 | 2498 0000 | 004c 8954 | 2460 4c89 | 6c24 584c 
  0x000001bbddb46c88: 8b94 24c0 | 0000 004c | 8954 2448 | 4c8b 9424 | b800 0000 | 4c89 5424 | 404c 8b94 | 24b0 0000 
  0x000001bbddb46ca8: 004c 8954 | 2438 488b | ac24 a000 

  0x000001bbddb46cb4: ;   {metadata('java/util/HashMap$KeyIterator')}
  0x000001bbddb46cb4: 0000 48ba | d082 1a80 | bb01 0000 

  0x000001bbddb46cc0: ;   {runtime_call _new_instance_Java}
  0x000001bbddb46cc0: c5f8 77e8 

  0x000001bbddb46cc4: ; ImmutableOopMap {rbp=Oop [56]=Oop [64]=Oop [72]=Oop [80]=Oop [96]=Oop [120]=Oop [128]=Oop [136]=Oop [152]=Oop [160]=Oop [176]=Oop [184]=Oop [192]=Oop [208]=Oop }
                      ;*new {reexecute=0 rethrow=0 return_oop=1}
                      ; - java.util.HashMap$KeySet::iterator@0 (line 991)
                      ; - java.util.HashSet::iterator@7 (line 182)
                      ; - ai.onnxruntime.OrtSession::run@525 (line 375)
  0x000001bbddb46cc4: 3823 70ff 

  0x000001bbddb46cc8: ;   {other}
  0x000001bbddb46cc8: 0f1f 8400 | b839 002d | 4c8b 6c24 | 584c 8b54 | 2470 4c89 | 5424 484c | 8bb4 2480 | 0000 0048 
  0x000001bbddb46ce8: 8bbc 2488 | 0000 0048 | 8bd8 e9bc | ebff ff45 | 8b59 0c45 | 85db 0f84 | 4dee ffff | 4d8b 5728 
  0x000001bbddb46d08: 498b cb48 | c1e1 034d | 85d2 0f84 | 140e 0000 | 4d8b 5f38 | 4b89 4c13 | f849 83c2 | f84d 8957 
  0x000001bbddb46d28: 28e9 23ee | ffff 448b | 5614 4585 | d20f 841f | efff ff4d | 8b5f 2849 | 8bca 48c1 | e103 4d85 
  0x000001bbddb46d48: db0f 84d1 | 0e00 004d | 8b57 384b | 894c 1af8 | 4983 c3f8 | 4d89 5f28 | e9f5 eeff | ffba e4ff 
  0x000001bbddb46d68: ffff 488b | ac24 a000 | 0000 4c8b | 5424 504c | 8954 2440 | 4c8b 9424 | b800 0000 | 4c89 5424 
  0x000001bbddb46d88: 4848 895c | 2470 6690 

  0x000001bbddb46d90: ;   {runtime_call UncommonTrapBlob}
  0x000001bbddb46d90: c5f8 77e8 

  0x000001bbddb46d94: ; ImmutableOopMap {rbp=Oop [64]=Oop [72]=Oop [112]=Oop [124]=NarrowOop [128]=NarrowOop [152]=Oop [168]=Oop [176]=Oop [192]=Oop }
                      ;*aastore {reexecute=1 rethrow=0 return_oop=0}
                      ; - (reexecute) ai.onnxruntime.OrtSession::run@247 (line 352)
  0x000001bbddb46d94: 68d8 63ff 

  0x000001bbddb46d98: ;   {other}
  0x000001bbddb46d98: 0f1f 8400 | 883a 002e | bade ffff | ff48 8bac | 24a0 0000 | 004c 8b5c | 2450 4c89 | 5c24 4044 
  0x000001bbddb46db8: 8954 2460 | 448b 5c24 | 7044 895c | 2464 448b | 5c24 7844 | 895c 246c | 448b 5424 | 7c44 8954 
  0x000001bbddb46dd8: 2470 6690 

  0x000001bbddb46ddc: ;   {runtime_call UncommonTrapBlob}
  0x000001bbddb46ddc: c5f8 77e8 

  0x000001bbddb46de0: ; ImmutableOopMap {rbp=Oop [64]=Oop [96]=NarrowOop [100]=NarrowOop [112]=NarrowOop [128]=NarrowOop [152]=Oop [168]=Oop [176]=Oop [184]=Oop [192]=Oop }
                      ;*invokeinterface contains {reexecute=0 rethrow=0 return_oop=0}
                      ; - ai.onnxruntime.OrtSession::run@225 (line 351)
  0x000001bbddb46de0: 1cd8 63ff 

  0x000001bbddb46de4: ;   {other}
  0x000001bbddb46de4: 0f1f 8400 | d43a 002f | ba76 ffff | ff48 8bac | 24a0 0000 | 004c 8b5c | 2450 4c89 | 5c24 4044 
  0x000001bbddb46e04: 8954 245c | 4489 4c24 | 6844 8b94 | 2484 0000 | 0044 8954 | 246c 448b | 5c24 7844 | 895c 2470 
  0x000001bbddb46e24: 448b 9c24 | 8000 0000 | 4489 5c24 | 7866 6690 

  0x000001bbddb46e34: ;   {runtime_call UncommonTrapBlob}
  0x000001bbddb46e34: c5f8 77e8 

  0x000001bbddb46e38: ; ImmutableOopMap {rbp=Oop [64]=Oop [92]=NarrowOop [120]=NarrowOop [124]=NarrowOop [152]=Oop [168]=Oop [176]=Oop [184]=Oop [192]=Oop }
                      ;*if_icmpge {reexecute=1 rethrow=0 return_oop=0}
                      ; - (reexecute) java.util.HashMap$HashIterator::nextNode@74 (line 1609)
                      ; - java.util.HashMap$EntryIterator::next@1 (line 1638)
                      ; - java.util.HashMap$EntryIterator::next@1 (line 1636)
                      ; - ai.onnxruntime.OrtSession::run@204 (line 350)
  0x000001bbddb46e38: c4d7 63ff 

  0x000001bbddb46e3c: ;   {other}
  0x000001bbddb46e3c: 0f1f 8400 | 2c3b 0030 | bade ffff | ff44 895c | 2450 8974 | 2454 894c | 2458 6690 

  0x000001bbddb46e58: ;   {runtime_call UncommonTrapBlob}
  0x000001bbddb46e58: c5f8 77e8 

  0x000001bbddb46e5c: ; ImmutableOopMap {[80]=NarrowOop [84]=NarrowOop [88]=NarrowOop [112]=Oop [152]=Oop [208]=Oop }
                      ;*invokeinterface put {reexecute=0 rethrow=0 return_oop=0}
                      ; - ai.onnxruntime.OrtSession$Result::<init>@124 (line 1588)
                      ; - ai.onnxruntime.OrtSession::run@737 (line 407)
  0x000001bbddb46e5c: a0d7 63ff 

  0x000001bbddb46e60: ;   {other}
  0x000001bbddb46e60: 0f1f 8400 | 503b 0031 | 4d8b c8e9 | 51cb ffff | 4d8b d8e9 | 38cc ffff | 4d63 dae9 | 53d4 ffff 
  0x000001bbddb46e80: bae4 ffff | ff4c 8b5c | 2450 4c89 | 5c24 384c | 8b5c 2470 | 4c89 5c24 | 684c 8b5c | 2478 4c89 
  0x000001bbddb46ea0: 5c24 7044 | 8954 2454 | 4c89 8c24 | 8000 0000 

  0x000001bbddb46eb0: ;   {runtime_call UncommonTrapBlob}
  0x000001bbddb46eb0: c5f8 77e8 

  0x000001bbddb46eb4: ; ImmutableOopMap {[56]=Oop [104]=Oop [112]=Oop [128]=Oop [152]=Oop [160]=Oop [176]=Oop [184]=Oop [192]=Oop [208]=Oop }
                      ;*aastore {reexecute=1 rethrow=0 return_oop=0}
                      ; - (reexecute) ai.onnxruntime.OrtSession::run@585 (line 378)
  0x000001bbddb46eb4: 48d7 63ff 

  0x000001bbddb46eb8: ;   {other}
  0x000001bbddb46eb8: 0f1f 8400 | a83b 0032 | bade ffff | ff48 8bac | 24a0 0000 | 004c 894c | 2438 4889 | 7c24 4048 
  0x000001bbddb46ed8: 8974 2448 | 4c89 4424 | 5066 6690 

  0x000001bbddb46ee4: ;   {runtime_call UncommonTrapBlob}
  0x000001bbddb46ee4: c5f8 77e8 

  0x000001bbddb46ee8: ; ImmutableOopMap {rbp=Oop [56]=Oop [64]=Oop [72]=Oop [80]=Oop }
                      ;*invokeinterface isEmpty {reexecute=0 rethrow=0 return_oop=0}
                      ; - ai.onnxruntime.OrtSession::run@8 (line 335)
  0x000001bbddb46ee8: 14d7 63ff 

  0x000001bbddb46eec: ;   {other}
  0x000001bbddb46eec: 0f1f 8400 | dc3b 0033 | bade ffff | ff48 8bac | 24a0 0000 | 0048 895c | 2430 4889 | 7c24 4048 
  0x000001bbddb46f0c: 8974 2448 | 4c89 4c24 | 5066 6690 

  0x000001bbddb46f18: ;   {runtime_call UncommonTrapBlob}
  0x000001bbddb46f18: c5f8 77e8 

  0x000001bbddb46f1c: ; ImmutableOopMap {rbp=Oop [48]=Oop [64]=Oop [72]=Oop [80]=Oop }
                      ;*invokeinterface size {reexecute=0 rethrow=0 return_oop=0}
                      ; - ai.onnxruntime.OrtSession::run@85 (line 339)
  0x000001bbddb46f1c: e0d6 63ff 

  0x000001bbddb46f20: ;   {other}
  0x000001bbddb46f20: 0f1f 8400 | 103c 0034 | bade ffff | ff4c 8b9c | 24a0 0000 | 0049 8beb | 4889 5c24 | 3048 8974 
  0x000001bbddb46f40: 2438 4c8b | 5c24 504c | 895c 2448 | 4489 5424 | 5048 897c | 2458 6690 

  0x000001bbddb46f58: ;   {runtime_call UncommonTrapBlob}
  0x000001bbddb46f58: c5f8 77e8 

  0x000001bbddb46f5c: ; ImmutableOopMap {rbp=Oop [48]=Oop [56]=Oop [72]=Oop [88]=Oop }
                      ;*invokeinterface size {reexecute=0 rethrow=0 return_oop=0}
                      ; - ai.onnxruntime.OrtSession::run@91 (line 339)
  0x000001bbddb46f5c: a0d6 63ff 

  0x000001bbddb46f60: ;   {other}
  0x000001bbddb46f60: 0f1f 8400 | 503c 0035 | bade ffff | ff4c 8b54 | 2450 4c89 | 5424 384c | 8974 2460 | 4889 5c24 
  0x000001bbddb46f80: 7066 6690 

  0x000001bbddb46f84: ;   {runtime_call UncommonTrapBlob}
  0x000001bbddb46f84: c5f8 77e8 

  0x000001bbddb46f88: ; ImmutableOopMap {[56]=Oop [96]=Oop [112]=Oop [152]=Oop [160]=Oop [176]=Oop [184]=Oop [192]=Oop [208]=Oop }
                      ;*invokeinterface hasNext {reexecute=0 rethrow=0 return_oop=0}
                      ; - ai.onnxruntime.OrtSession::run@534 (line 375)
  0x000001bbddb46f88: 74d6 63ff 

  0x000001bbddb46f8c: ;   {other}
  0x000001bbddb46f8c: 0f1f 8400 | 7c3c 0036 | bade ffff | ff4c 8b5c | 2450 4c89 | 5c24 3844 | 8954 2450 | 4c89 7424 
  0x000001bbddb46fac: 6848 895c | 2470 4489 | 4424 544c | 898c 2480 | 0000 0090 

  0x000001bbddb46fc0: ;   {runtime_call UncommonTrapBlob}
  0x000001bbddb46fc0: c5f8 77e8 

  0x000001bbddb46fc4: ; ImmutableOopMap {[56]=Oop [84]=NarrowOop [104]=Oop [112]=Oop [128]=Oop [152]=Oop [160]=Oop [176]=Oop [184]=Oop [192]=Oop [208]=Oop }
                      ;*invokeinterface contains {reexecute=0 rethrow=0 return_oop=0}
                      ; - ai.onnxruntime.OrtSession::run@560 (line 376)
  0x000001bbddb46fc4: 38d6 63ff 

  0x000001bbddb46fc8: ;   {other}
  0x000001bbddb46fc8: 0f1f 8400 | b83c 0037 | 4c89 8c24 | 8800 0000 | 4c89 b424 | 8000 0000 | 4c8b 9424 | d000 0000 
  0x000001bbddb46fe8: 4c89 5424 | 784c 8b54 | 2448 4c89 | 5424 704c | 8b94 2498 | 0000 004c | 8954 2460 | 4c89 6c24 
  0x000001bbddb47008: 584c 8b94 | 24c0 0000 | 004c 8954 | 2448 4c8b | 9424 b800 | 0000 4c89 | 5424 404c | 8b94 24b0 
  0x000001bbddb47028: 0000 004c | 8954 2438 | 488b ac24 | a000 0000 

  0x000001bbddb47038: ;   {metadata('java/util/HashMap$KeySet')}
  0x000001bbddb47038: 48ba 1840 | 1a80 bb01 | 0000 6690 

  0x000001bbddb47044: ;   {runtime_call _new_instance_Java}
  0x000001bbddb47044: c5f8 77e8 

  0x000001bbddb47048: ; ImmutableOopMap {rbp=Oop [56]=Oop [64]=Oop [72]=Oop [80]=Oop [96]=Oop [120]=Oop [128]=Oop [136]=Oop [152]=Oop [160]=Oop [176]=Oop [184]=Oop [192]=Oop [208]=Oop }
                      ;*new {reexecute=0 rethrow=0 return_oop=1}
                      ; - java.util.HashMap::keySet@9 (line 914)
                      ; - java.util.HashSet::iterator@4 (line 182)
                      ; - ai.onnxruntime.OrtSession::run@525 (line 375)
  0x000001bbddb47048: b41f 70ff 

  0x000001bbddb4704c: ;   {other}
  0x000001bbddb4704c: 0f1f 8400 | 3c3d 0038 | 4c8b 6c24 | 584c 8b54 | 2470 4c89 | 5424 484c | 8bb4 2480 | 0000 004c 
  0x000001bbddb4706c: 8b8c 2488 | 0000 0048 | 8bf8 e9c0 | eaff ffba | 76ff ffff | 4c8b 8424 | a000 0000 | 498b e848 
  0x000001bbddb4708c: 8974 2430 | 4c8b 4424 | 504c 8944 | 2440 4489 | 5424 5844 | 895c 245c | 895c 2460 | 4889 4c24 
  0x000001bbddb470ac: 6866 6690 

  0x000001bbddb470b0: ;   {runtime_call UncommonTrapBlob}
  0x000001bbddb470b0: c5f8 77e8 

  0x000001bbddb470b4: ; ImmutableOopMap {rbp=Oop [48]=Oop [64]=Oop [88]=NarrowOop [104]=Oop [176]=Oop [184]=Oop [192]=Oop }
                      ;*if_icmpge {reexecute=1 rethrow=0 return_oop=0}
                      ; - (reexecute) java.util.HashMap$HashIterator::<init>@54 (line 1593)
                      ; - java.util.HashMap$EntryIterator::<init>@2 (line 1636)
                      ; - java.util.HashMap$EntrySet::iterator@8 (line 1106)
                      ; - ai.onnxruntime.OrtSession::run@185 (line 350)
  0x000001bbddb470b4: 48d5 63ff 

  0x000001bbddb470b8: ;   {other}
  0x000001bbddb470b8: 0f1f 8400 | a83d 0039 | 498b d7c5 | f877 49ba | 8020 3384 | fd7f 0000 

  0x000001bbddb470d0: ;   {other}
  0x000001bbddb470d0: 41ff d20f | 1f84 0000 | 0000 00e9 | 35d1 ffff | ba45 ffff | ff48 8bac | 24a0 0000 | 004c 8b54 
  0x000001bbddb470f0: 2450 4c89 | 5424 4044 | 895c 245c | 448b 9424 | 8400 0000 | 4489 5424 | 6444 8b54 | 2478 4489 
  0x000001bbddb47110: 5424 684c | 8944 2470 

  0x000001bbddb47118: ;   {runtime_call UncommonTrapBlob}
  0x000001bbddb47118: c5f8 77e8 

  0x000001bbddb4711c: ; ImmutableOopMap {rbp=Oop [64]=Oop [112]=Oop [128]=NarrowOop [152]=Oop [168]=Oop [176]=Oop [184]=Oop [192]=Oop }
                      ;*if_icmpeq {reexecute=1 rethrow=0 return_oop=0}
                      ; - (reexecute) java.util.HashMap$HashIterator::nextNode@16 (line 1604)
                      ; - java.util.HashMap$EntryIterator::next@1 (line 1638)
                      ; - java.util.HashMap$EntryIterator::next@1 (line 1636)
                      ; - ai.onnxruntime.OrtSession::run@204 (line 350)
  0x000001bbddb4711c: e0d4 63ff 

  0x000001bbddb47120: ;   {other}
  0x000001bbddb47120: 0f1f 8400 | 103e 003a | ba45 ffff | ff48 8bac | 24a0 0000 | 0044 8954 | 2434 6690 

  0x000001bbddb4713c: ;   {runtime_call UncommonTrapBlob}
  0x000001bbddb4713c: c5f8 77e8 

  0x000001bbddb47140: ; ImmutableOopMap {rbp=Oop [128]=NarrowOop }
                      ;*ifeq {reexecute=1 rethrow=0 return_oop=0}
                      ; - (reexecute) ai.onnxruntime.OrtSession::run@230 (line 351)
  0x000001bbddb47140: bcd4 63ff 

  0x000001bbddb47144: ;   {other}
  0x000001bbddb47144: 0f1f 8400 | 343e 003b | bac6 ffff | ff48 8bac | 24a0 0000 | 004c 8b5c | 2450 4c89 | 5c24 4044 
  0x000001bbddb47164: 8954 2460 | 448b 5424 | 7044 8954 | 2464 448b | 5424 7844 | 8954 246c | 448b 5c24 | 7c44 895c 
  0x000001bbddb47184: 2470 6690 

  0x000001bbddb47188: ;   {runtime_call UncommonTrapBlob}
  0x000001bbddb47188: c5f8 77e8 

  0x000001bbddb4718c: ; ImmutableOopMap {rbp=Oop [64]=Oop [96]=NarrowOop [100]=NarrowOop [112]=NarrowOop [128]=NarrowOop [152]=Oop [168]=Oop [176]=Oop [184]=Oop [192]=Oop }
                      ;*invokevirtual containsKey {reexecute=0 rethrow=0 return_oop=0}
                      ; - java.util.HashSet::contains@5 (line 213)
                      ; - ai.onnxruntime.OrtSession::run@225 (line 351)
  0x000001bbddb4718c: 70d4 63ff 

  0x000001bbddb47190: ;   {other}
  0x000001bbddb47190: 0f1f 8400 | 803e 003c | ba76 ffff | ff48 8b6c | 2470 6690 

  0x000001bbddb471a4: ;   {runtime_call UncommonTrapBlob}
  0x000001bbddb471a4: c5f8 77e8 

  0x000001bbddb471a8: ; ImmutableOopMap {rbp=Oop [152]=Oop [208]=Oop }
                      ;*if_icmpge {reexecute=1 rethrow=0 return_oop=0}
                      ; - (reexecute) ai.onnxruntime.OrtSession$Result::<init>@109 (line 1587)
                      ; - ai.onnxruntime.OrtSession::run@737 (line 407)
  0x000001bbddb471a8: 54d4 63ff 

  0x000001bbddb471ac: ;   {other}
  0x000001bbddb471ac: 0f1f 8400 | 9c3e 003d | ba45 ffff | ff4c 8b94 | 24a0 0000 | 0049 8bea | 4c8b 5424 | 504c 8954 
  0x000001bbddb471cc: 2440 4489 | 4424 6044 | 8b5c 2478 | 4489 5c24 | 6844 8b54 | 247c 4489 | 5424 6c90 

  0x000001bbddb471e8: ;   {runtime_call UncommonTrapBlob}
  0x000001bbddb471e8: c5f8 77e8 

  0x000001bbddb471ec: ; ImmutableOopMap {rbp=Oop [64]=Oop [108]=NarrowOop [128]=NarrowOop [152]=Oop [168]=Oop [176]=Oop [184]=Oop [192]=Oop }
                      ;*ifle {reexecute=1 rethrow=0 return_oop=0}
                      ; - (reexecute) java.util.HashMap::getNode@14 (line 575)
                      ; - java.util.HashMap::containsKey@2 (line 602)
                      ; - java.util.HashSet::contains@5 (line 213)
                      ; - ai.onnxruntime.OrtSession::run@225 (line 351)
  0x000001bbddb471ec: 10d4 63ff 

  0x000001bbddb471f0: ;   {other}
  0x000001bbddb471f0: 0f1f 8400 | e03e 003e | ba45 ffff | ff41 8beb 

  0x000001bbddb47200: ;   {runtime_call UncommonTrapBlob}
  0x000001bbddb47200: c5f8 77e8 

  0x000001bbddb47204: ; ImmutableOopMap {}
                      ;*ifne {reexecute=1 rethrow=0 return_oop=0}
                      ; - (reexecute) ai.onnxruntime.OrtSession::run@4 (line 334)
  0x000001bbddb47204: f8d3 63ff 

  0x000001bbddb47208: ;   {other}
  0x000001bbddb47208: 0f1f 8400 | f83e 003f | ba45 ffff | ff4c 8b94 | 24a0 0000 | 0049 8bea | 4889 7424 | 304c 8b54 
  0x000001bbddb47228: 2450 4c89 | 5424 4044 | 895c 245c 

  0x000001bbddb47234: ;   {runtime_call UncommonTrapBlob}
  0x000001bbddb47234: c5f8 77e8 

  0x000001bbddb47238: ; ImmutableOopMap {rbp=Oop [48]=Oop [64]=Oop [92]=NarrowOop [176]=Oop [184]=Oop [192]=Oop }
                      ;*ifnonnull {reexecute=1 rethrow=0 return_oop=0}
                      ; - (reexecute) java.util.HashMap::entrySet@6 (line 1099)
                      ; - ai.onnxruntime.OrtSession::run@180 (line 350)
  0x000001bbddb47238: c4d3 63ff 

  0x000001bbddb4723c: ;   {other}
  0x000001bbddb4723c: 0f1f 8400 | 2c3f 0040 | 498b d7c5 | f877 49ba | 8020 3384 | fd7f 0000 

  0x000001bbddb47254: ;   {other}
  0x000001bbddb47254: 41ff d20f | 1f84 0000 | 0000 00e9 | 82c9 ffff | ba45 ffff | ff4c 8974 | 2458 4c89 | 5c24 6090 
  0x000001bbddb47274: ;   {runtime_call UncommonTrapBlob}
  0x000001bbddb47274: c5f8 77e8 

  0x000001bbddb47278: ; ImmutableOopMap {[88]=Oop [96]=Oop [152]=Oop [160]=Oop [184]=Oop [192]=Oop [208]=Oop }
                      ;*ifnonnull {reexecute=1 rethrow=0 return_oop=0}
                      ; - (reexecute) ai.onnxruntime.OrtSession::run@673 (line 393)
  0x000001bbddb47278: 84d3 63ff 

  0x000001bbddb4727c: ;   {other}
  0x000001bbddb4727c: 0f1f 8400 | 6c3f 0041 | 498b d7c5 | f877 49ba | 8020 3384 | fd7f 0000 

  0x000001bbddb47294: ;   {other}
  0x000001bbddb47294: 41ff d20f | 1f84 0000 | 0000 00e9 | 99e0 ffff | 498b d7c5 | f877 49ba | 8020 3384 | fd7f 0000 
  0x000001bbddb472b4: ;   {other}
  0x000001bbddb472b4: 41ff d20f | 1f84 0000 | 0000 00e9 | 37e0 ffff | 4489 5424 | 3c48 895c | 2470 4c89 | 7424 684c 
  0x000001bbddb472d4: 8b54 2448 | 4c89 5424 | 584c 896c | 2430 498b | d7c5 f877 | 49ba 8020 | 3384 fd7f | 0000 41ff 
  0x000001bbddb472f4: ;   {other}
  0x000001bbddb472f4: d20f 1f84 | 0000 0000 | 004c 8b6c | 2430 4c8b | 5424 584c | 8954 2448 | 4c8b 7424 | 6848 8b5c 
  0x000001bbddb47314: 2470 448b | 5424 3ce9 | 98d3 ffff | 4489 5424 | 3c48 895c | 2470 4c89 | 7424 684c | 8b54 2448 
  0x000001bbddb47334: 4c89 5424 | 584c 896c | 2430 498b | d7c5 f877 | 49ba 8020 | 3384 fd7f | 0000 41ff 

  0x000001bbddb47350: ;   {other}
  0x000001bbddb47350: d20f 1f84 | 0000 0000 | 004c 8b6c | 2430 4c8b | 5424 584c | 8954 2448 | 4c8b 7424 | 6848 8b5c 
  0x000001bbddb47370: 2470 448b | 5424 3ce9 | 85d3 ffff | 498b f941 | 8bf2 498b | d7c5 f877 | 49ba 8020 | 3384 fd7f 
  0x000001bbddb47390: 0000 41ff 

  0x000001bbddb47394: ;   {other}
  0x000001bbddb47394: d20f 1f84 | 0000 0000 | 0044 8bd6 | 4c8b cfe9 | d3da ffff | 498b d7c5 | f877 49ba | 8020 3384 
  0x000001bbddb473b4: fd7f 0000 

  0x000001bbddb473b8: ;   {other}
  0x000001bbddb473b8: 41ff d20f | 1f84 0000 | 0000 00e9 | f1de ffff | 448b dd33 | ed45 85db | 400f 94c5 | ba45 ffff 
  0x000001bbddb473d8: ff48 895c | 2438 4c89 | 4c24 4048 | 897c 2448 

  0x000001bbddb473e8: ;   {runtime_call UncommonTrapBlob}
  0x000001bbddb473e8: c5f8 77e8 

  0x000001bbddb473ec: ; ImmutableOopMap {[56]=Oop [64]=Oop [72]=Oop [80]=Oop [160]=Oop }
                      ;*ifeq {reexecute=1 rethrow=0 return_oop=0}
                      ; - (reexecute) ai.onnxruntime.OrtSession::run@13 (line 335)
  0x000001bbddb473ec: 10d2 63ff 

  0x000001bbddb473f0: ;   {other}
  0x000001bbddb473f0: 0f1f 8400 | e040 0042 | 4d3b c2bd | ffff ffff | 7c08 400f | 95c5 400f | b6ed ba45 | ffff ff48 
  0x000001bbddb47410: 895c 2438 

  0x000001bbddb47414: ;   {runtime_call UncommonTrapBlob}
  0x000001bbddb47414: c5f8 77e8 

  0x000001bbddb47418: ; ImmutableOopMap {[56]=Oop [160]=Oop }
                      ;*ifle {reexecute=1 rethrow=0 return_oop=0}
                      ; - (reexecute) ai.onnxruntime.OrtSession::run@37 (line 335)
  0x000001bbddb47418: e4d1 63ff 

  0x000001bbddb4741c: ;   {other}
  0x000001bbddb4741c: 0f1f 8400 | 0c41 0043 | ba45 ffff | ff48 8bac | 24a0 0000 | 0044 8954 | 2434 6690 

  0x000001bbddb47438: ;   {runtime_call UncommonTrapBlob}
  0x000001bbddb47438: c5f8 77e8 

  0x000001bbddb4743c: ; ImmutableOopMap {rbp=Oop }
                      ;*ifeq {reexecute=1 rethrow=0 return_oop=0}
                      ; - (reexecute) ai.onnxruntime.OrtSession::run@101 (line 340)
  0x000001bbddb4743c: c0d1 63ff 

  0x000001bbddb47440: ;   {other}
  0x000001bbddb47440: 0f1f 8400 | 3041 0044 | 4d3b cbbd | ffff ffff | 7c08 400f | 95c5 400f | b6ed ba45 | ffff ff44 
  0x000001bbddb47460: 8954 2438 

  0x000001bbddb47464: ;   {runtime_call UncommonTrapBlob}
  0x000001bbddb47464: c5f8 77e8 

  0x000001bbddb47468: ; ImmutableOopMap {[160]=Oop }
                      ;*ifle {reexecute=1 rethrow=0 return_oop=0}
                      ; - (reexecute) ai.onnxruntime.OrtSession::run@112 (line 340)
  0x000001bbddb47468: 94d1 63ff 

  0x000001bbddb4746c: ;   {other}
  0x000001bbddb4746c: 0f1f 8400 | 5c41 0045 | ba45 ffff | ff48 8be8 | 4489 5424 | 4c66 6690 

  0x000001bbddb47484: ;   {runtime_call UncommonTrapBlob}
  0x000001bbddb47484: c5f8 77e8 

  0x000001bbddb47488: ; ImmutableOopMap {rbp=Oop [80]=Oop [152]=Oop [208]=Oop }
                      ;*if_icmpeq {reexecute=1 rethrow=0 return_oop=0}
                      ; - (reexecute) ai.onnxruntime.OrtSession$Result::<init>@15 (line 1573)
                      ; - ai.onnxruntime.OrtSession::run@737 (line 407)
  0x000001bbddb47488: 74d1 63ff 

  0x000001bbddb4748c: ;   {other}
  0x000001bbddb4748c: 0f1f 8400 | 7c41 0046 | ba3d ffff | ff48 8b6c | 2470 4c8b | 5424 504c | 8954 2448 | 4889 4424 
  0x000001bbddb474ac: 6048 8944 | 2468 4489 | 5c24 7490 

  0x000001bbddb474b8: ;   {runtime_call UncommonTrapBlob}
  0x000001bbddb474b8: c5f8 77e8 

  0x000001bbddb474bc: ; ImmutableOopMap {rbp=Oop [72]=Oop [96]=Oop [104]=Oop [152]=Oop [208]=Oop }
                      ;*ifge {reexecute=1 rethrow=0 return_oop=0}
                      ; - (reexecute) java.util.HashMap::<init>@5 (line 446)
                      ; - java.util.HashMap::<init>@4 (line 470)
                      ; - java.util.LinkedHashMap::<init>@2 (line 455)
                      ; - ai.onnxruntime.OrtSession$Result::<init>@76 (line 1583)
                      ; - ai.onnxruntime.OrtSession::run@737 (line 407)
  0x000001bbddb474bc: 40d1 63ff 

  0x000001bbddb474c0: ;   {other}
  0x000001bbddb474c0: 0f1f 8400 | b041 0047 | ba45 ffff | ff4c 8b44 | 2450 4c89 | 4424 3844 | 8954 2450 | 4c89 7424 
  0x000001bbddb474e0: 6848 895c | 2470 4489 | 5c24 5444 | 894c 2478 

  0x000001bbddb474f0: ;   {runtime_call UncommonTrapBlob}
  0x000001bbddb474f0: c5f8 77e8 

  0x000001bbddb474f4: ; ImmutableOopMap {[56]=Oop [104]=Oop [112]=Oop [152]=Oop [160]=Oop [176]=Oop [184]=Oop [192]=Oop [208]=Oop }
                      ;*if_icmpeq {reexecute=1 rethrow=0 return_oop=0}
                      ; - (reexecute) java.util.LinkedHashMap$LinkedHashIterator::nextNode@16 (line 1022)
                      ; - java.util.LinkedHashMap$LinkedKeyIterator::next@1 (line 1046)
                      ; - ai.onnxruntime.OrtSession::run@544 (line 375)
  0x000001bbddb474f4: 08d1 63ff 

  0x000001bbddb474f8: ;   {other}
  0x000001bbddb474f8: 0f1f 8400 | e841 0048 | ba45 ffff | ff4c 8b5c | 2450 4c89 | 5c24 3844 | 8954 2450 | 4c89 7424 
  0x000001bbddb47518: 6848 895c | 2470 8974 | 2478 6690 

  0x000001bbddb47524: ;   {runtime_call UncommonTrapBlob}
  0x000001bbddb47524: c5f8 77e8 

  0x000001bbddb47528: ; ImmutableOopMap {[56]=Oop [104]=Oop [112]=Oop [120]=NarrowOop [152]=Oop [160]=Oop [176]=Oop [184]=Oop [192]=Oop [208]=Oop }
                      ;*ifnonnull {reexecute=1 rethrow=0 return_oop=0}
                      ; - (reexecute) java.util.LinkedHashMap$LinkedHashIterator::nextNode@28 (line 1024)
                      ; - java.util.LinkedHashMap$LinkedKeyIterator::next@1 (line 1046)
                      ; - ai.onnxruntime.OrtSession::run@544 (line 375)
  0x000001bbddb47528: d4d0 63ff 

  0x000001bbddb4752c: ;   {other}
  0x000001bbddb4752c: 0f1f 8400 | 1c42 0049 | ba45 ffff | ff4c 8b5c | 2450 4c89 | 5c24 3844 | 8954 2450 | 4c89 7424 
  0x000001bbddb4754c: 6889 7424 | 5448 895c | 2478 4489 | 8424 8000 | 0000 6690 

  0x000001bbddb47560: ;   {runtime_call UncommonTrapBlob}
  0x000001bbddb47560: c5f8 77e8 

  0x000001bbddb47564: ; ImmutableOopMap {[56]=Oop [84]=NarrowOop [104]=Oop [120]=Oop [152]=Oop [160]=Oop [176]=Oop [184]=Oop [192]=Oop [208]=Oop }
                      ;*ifeq {reexecute=1 rethrow=0 return_oop=0}
                      ; - (reexecute) java.util.LinkedHashMap$LinkedHashIterator::nextNode@49 (line 1027)
                      ; - java.util.LinkedHashMap$LinkedKeyIterator::next@1 (line 1046)
                      ; - ai.onnxruntime.OrtSession::run@544 (line 375)
  0x000001bbddb47564: 98d0 63ff 

  0x000001bbddb47568: ;   {other}
  0x000001bbddb47568: 0f1f 8400 | 5842 004a | ba45 ffff | ff4c 894c | 2430 4489 | 5c24 3890 

  0x000001bbddb47580: ;   {runtime_call UncommonTrapBlob}
  0x000001bbddb47580: c5f8 77e8 

  0x000001bbddb47584: ; ImmutableOopMap {[48]=Oop [160]=Oop }
                      ;*ifeq {reexecute=1 rethrow=0 return_oop=0}
                      ; - (reexecute) ai.onnxruntime.OrtSession::run@565 (line 376)
  0x000001bbddb47584: 78d0 63ff 

  0x000001bbddb47588: ;   {other}
  0x000001bbddb47588: 0f1f 8400 | 7842 004b | ba45 ffff | ff48 8b6c | 2470 4c8b | 5424 504c | 8954 2448 | 4889 4424 
  0x000001bbddb475a8: 6048 8944 | 2468 4489 | 5c24 7090 

  0x000001bbddb475b4: ;   {runtime_call UncommonTrapBlob}
  0x000001bbddb475b4: c5f8 77e8 

  0x000001bbddb475b8: ; ImmutableOopMap {rbp=Oop [72]=Oop [96]=Oop [104]=Oop [152]=Oop [208]=Oop }
                      ;*if_icmplt {reexecute=1 rethrow=0 return_oop=0}
                      ; - (reexecute) java.util.HashMap::tableSizeFor@20 (line 379)
                      ; - java.util.HashMap::<init>@91 (line 455)
                      ; - java.util.HashMap::<init>@4 (line 470)
                      ; - java.util.LinkedHashMap::<init>@2 (line 455)
                      ; - ai.onnxruntime.OrtSession$Result::<init>@76 (line 1583)
                      ; - ai.onnxruntime.OrtSession::run@737 (line 407)
  0x000001bbddb475b8: 44d0 63ff 

  0x000001bbddb475bc: ;   {other}
  0x000001bbddb475bc: 0f1f 8400 | ac42 004c | ba45 ffff | ff4c 8b94 | 24a0 0000 | 0049 8bea | 4889 7424 | 304c 8b54 
  0x000001bbddb475dc: 2450 4c89 | 5424 4044 | 8944 2458 | 895c 245c | 4889 4c24 | 6066 6690 

  0x000001bbddb475f4: ;   {runtime_call UncommonTrapBlob}
  0x000001bbddb475f4: c5f8 77e8 

  0x000001bbddb475f8: ; ImmutableOopMap {rbp=Oop [48]=Oop [64]=Oop [96]=Oop [176]=Oop [184]=Oop [192]=Oop }
                      ;*ifle {reexecute=1 rethrow=0 return_oop=0}
                      ; - (reexecute) java.util.HashMap$HashIterator::<init>@45 (line 1592)
                      ; - java.util.HashMap$EntryIterator::<init>@2 (line 1636)
                      ; - java.util.HashMap$EntrySet::iterator@8 (line 1106)
                      ; - ai.onnxruntime.OrtSession::run@185 (line 350)
  0x000001bbddb475f8: 04d0 63ff 

  0x000001bbddb475fc: ;   {other}
  0x000001bbddb475fc: 0f1f 8400 | ec42 004d | ba45 ffff | ff4c 8b94 | 24a0 0000 | 0049 8bea | 4889 7424 | 304c 8b54 
  0x000001bbddb4761c: 2450 4c89 | 5424 4044 | 895c 2458 | 895c 245c | 4889 4c24 | 6066 6690 

  0x000001bbddb47634: ;   {runtime_call UncommonTrapBlob}
  0x000001bbddb47634: c5f8 77e8 

  0x000001bbddb47638: ; ImmutableOopMap {rbp=Oop [48]=Oop [64]=Oop [96]=Oop [176]=Oop [184]=Oop [192]=Oop }
                      ;*if_icmpge {reexecute=1 rethrow=0 return_oop=0}
                      ; - (reexecute) java.util.HashMap$HashIterator::<init>@54 (line 1593)
                      ; - java.util.HashMap$EntryIterator::<init>@2 (line 1636)
                      ; - java.util.HashMap$EntrySet::iterator@8 (line 1106)
                      ; - ai.onnxruntime.OrtSession::run@185 (line 350)
  0x000001bbddb47638: c4cf 63ff 

  0x000001bbddb4763c: ;   {other}
  0x000001bbddb4763c: 0f1f 8400 | 2c43 004e | 4489 5c24 | 3448 895c | 2468 4c89 | 7424 604d | 8bf5 498b | d7c5 f877 
  0x000001bbddb4765c: 49ba 8020 | 3384 fd7f | 0000 41ff 

  0x000001bbddb47668: ;   {other}
  0x000001bbddb47668: d20f 1f84 | 0000 0000 | 004d 8bee | 4c8b 7424 | 6048 8b5c | 2468 448b | 5c24 34e9 | d9cf ffff 
  0x000001bbddb47688: ba45 ffff | ff4c 8b54 | 2450 4c89 | 5424 404c | 8974 2468 | 4889 5c24 | 7848 899c | 2480 0000 
  0x000001bbddb476a8: 0044 899c | 2488 0000 | 0066 6690 

  0x000001bbddb476b4: ;   {runtime_call UncommonTrapBlob}
  0x000001bbddb476b4: c5f8 77e8 

  0x000001bbddb476b8: ; ImmutableOopMap {[64]=Oop [104]=Oop [120]=Oop [128]=Oop [136]=NarrowOop [152]=Oop [160]=Oop [176]=Oop [184]=Oop [192]=Oop [208]=Oop }
                      ;*ifeq {reexecute=1 rethrow=0 return_oop=0}
                      ; - (reexecute) java.util.LinkedHashMap$LinkedHashIterator::<init>@16 (line 1011)
                      ; - java.util.LinkedHashMap$LinkedKeyIterator::<init>@3 (line 1045)
                      ; - java.util.LinkedHashMap$LinkedKeySet::iterator@12 (line 700)
                      ; - java.util.HashSet::iterator@7 (line 182)
                      ; - ai.onnxruntime.OrtSession::run@525 (line 375)
  0x000001bbddb476b8: 44cf 63ff 

  0x000001bbddb476bc: ;   {other}
  0x000001bbddb476bc: 0f1f 8400 | ac43 004f | bac6 ffff | ff4c 8b54 | 2450 4c89 | 5424 3844 | 8b54 2458 | 4489 5424 
  0x000001bbddb476dc: 504c 8974 | 2468 4c8b | 5424 784c | 8954 2470 | 4c8b 9424 | 8800 0000 | 4489 4424 | 544c 8994 
  0x000001bbddb476fc: 2480 0000 | 0066 6690 

  0x000001bbddb47704: ;   {runtime_call UncommonTrapBlob}
  0x000001bbddb47704: c5f8 77e8 

  0x000001bbddb47708: ; ImmutableOopMap {[56]=Oop [84]=NarrowOop [104]=Oop [112]=Oop [128]=Oop [136]=Oop [152]=Oop [160]=Oop [176]=Oop [184]=Oop [192]=Oop [208]=Oop }
                      ;*invokevirtual containsKey {reexecute=0 rethrow=0 return_oop=0}
                      ; - java.util.HashSet::contains@5 (line 213)
                      ; - ai.onnxruntime.OrtSession::run@560 (line 376)
  0x000001bbddb47708: f4ce 63ff 

  0x000001bbddb4770c: ;   {other}
  0x000001bbddb4770c: 0f1f 8400 | fc43 0050 | ba45 ffff | ff4c 8b9c | 24a0 0000 | 0049 8beb | 4c8b 5c24 | 504c 895c 
  0x000001bbddb4772c: 2440 448b | 4424 7844 | 8944 2464 | 4489 5424 | 7866 6690 

  0x000001bbddb47740: ;   {runtime_call UncommonTrapBlob}
  0x000001bbddb47740: c5f8 77e8 

  0x000001bbddb47744: ; ImmutableOopMap {rbp=Oop [64]=Oop [124]=NarrowOop [128]=NarrowOop [152]=Oop [168]=Oop [176]=Oop [184]=Oop [192]=Oop }
                      ;*ifle {reexecute=1 rethrow=0 return_oop=0}
                      ; - (reexecute) java.util.HashMap::getNode@14 (line 575)
                      ; - java.util.HashMap::containsKey@2 (line 602)
                      ; - java.util.HashSet::contains@5 (line 213)
                      ; - ai.onnxruntime.OrtSession::run@225 (line 351)
  0x000001bbddb47744: b8ce 63ff 

  0x000001bbddb47748: ;   {other}
  0x000001bbddb47748: 0f1f 8400 | 3844 0051 | ba45 ffff | ff4c 8b54 | 2450 4c89 | 5424 4090 

  0x000001bbddb47760: ;   {runtime_call UncommonTrapBlob}
  0x000001bbddb47760: c5f8 77e8 

  0x000001bbddb47764: ; ImmutableOopMap {[64]=Oop [112]=Oop [120]=Oop [136]=Oop [152]=Oop [160]=Oop [176]=Oop [184]=Oop [192]=Oop [208]=Oop }
                      ;*ifle {reexecute=1 rethrow=0 return_oop=0}
                      ; - (reexecute) java.util.HashMap::getNode@14 (line 575)
                      ; - java.util.HashMap::containsKey@2 (line 602)
                      ; - java.util.HashSet::contains@5 (line 213)
                      ; - ai.onnxruntime.OrtSession::run@560 (line 376)
  0x000001bbddb47764: 98ce 63ff 

  0x000001bbddb47768: ;   {other}
  0x000001bbddb47768: 0f1f 8400 | 5844 0052 | bae4 ffff | ff4c 8b54 | 2450 4c89 | 5424 404c | 8974 2468 | 4889 5c24 
  0x000001bbddb47788: 7848 899c | 2480 0000 | 0089 b424 | 8c00 0000 

  0x000001bbddb47798: ;   {runtime_call UncommonTrapBlob}
  0x000001bbddb47798: c5f8 77e8 

  0x000001bbddb4779c: ; ImmutableOopMap {[64]=Oop [104]=Oop [120]=Oop [128]=Oop [140]=NarrowOop [152]=Oop [160]=Oop [176]=Oop [184]=Oop [192]=Oop [208]=Oop }
                      ;*aaload {reexecute=0 rethrow=0 return_oop=0}
                      ; - java.util.HashMap$HashIterator::<init>@70 (line 1593)
                      ; - java.util.HashMap$KeyIterator::<init>@2 (line 1626)
                      ; - java.util.HashMap$KeySet::iterator@8 (line 991)
                      ; - java.util.HashSet::iterator@7 (line 182)
                      ; - ai.onnxruntime.OrtSession::run@525 (line 375)
  0x000001bbddb4779c: 60ce 63ff 

  0x000001bbddb477a0: ;   {other}
  0x000001bbddb477a0: 0f1f 8400 | 9044 0053 | ba45 ffff | ff4c 8b54 | 2450 4c89 | 5424 3844 | 8b44 2458 | 4489 4424 
  0x000001bbddb477c0: 504c 8974 | 2468 4c8b | 5424 784c | 8954 2470 | 4489 5c24 | 5466 6690 

  0x000001bbddb477d8: ;   {runtime_call UncommonTrapBlob}
  0x000001bbddb477d8: c5f8 77e8 

  0x000001bbddb477dc: ; ImmutableOopMap {[56]=Oop [104]=Oop [112]=Oop [136]=Oop [152]=Oop [160]=Oop [176]=Oop [184]=Oop [192]=Oop [208]=Oop }
                      ;*ifle {reexecute=1 rethrow=0 return_oop=0}
                      ; - (reexecute) java.util.HashMap::getNode@14 (line 575)
                      ; - java.util.HashMap::containsKey@2 (line 602)
                      ; - java.util.HashSet::contains@5 (line 213)
                      ; - ai.onnxruntime.OrtSession::run@560 (line 376)
  0x000001bbddb477dc: 20ce 63ff 

  0x000001bbddb477e0: ;   {other}
  0x000001bbddb477e0: 0f1f 8400 | d044 0054 | 4489 9424 | 8000 0000 | 8974 2444 | 4889 5c24 | 784c 8974 | 2470 4c8b 
  0x000001bbddb47800: 9424 d000 | 0000 4c89 | 5424 684c | 8b54 2448 | 4c89 5424 | 604c 8b94 | 24a8 0000 | 004c 8954 
  0x000001bbddb47820: 2458 4c8b | 9424 9800 | 0000 4c89 | 5424 4844 | 8b94 2490 | 0000 0044 | 8954 2440 | 4c89 6c24 
  0x000001bbddb47840: 384c 8b94 | 24c0 0000 | 004c 8954 | 2430 4c8b | b424 b800 | 0000 488b | b424 b000 | 0000 448b 
  0x000001bbddb47860: ac24 cc00 | 0000 488b | 9c24 a000 | 0000 498b | d7c5 f877 | 49ba 8020 | 3384 fd7f | 0000 41ff 
  0x000001bbddb47880: ;   {other}
  0x000001bbddb47880: d20f 1f84 | 0000 0000 | 00e9 4aec | ffff bac6 | ffff ff48 | 8bac 24a0 | 0000 004c | 8b54 2450 
  0x000001bbddb478a0: 4c89 5424 | 384c 8974 | 2460 4889 | 7c24 6890 

  0x000001bbddb478b0: ;   {runtime_call UncommonTrapBlob}
  0x000001bbddb478b0: c5f8 77e8 

  0x000001bbddb478b4: ; ImmutableOopMap {rbp=Oop [56]=Oop [96]=Oop [104]=Oop [152]=Oop [176]=Oop [184]=Oop [192]=Oop [208]=Oop }
                      ;*invokeinterface iterator {reexecute=0 rethrow=0 return_oop=0}
                      ; - java.util.HashSet::iterator@7 (line 182)
                      ; - ai.onnxruntime.OrtSession::run@525 (line 375)
  0x000001bbddb478b4: 48cd 63ff 

  0x000001bbddb478b8: ;   {other}
  0x000001bbddb478b8: 0f1f 8400 | a845 0055 | bac6 ffff | ff48 8bac | 24a0 0000 | 004c 8b54 | 2450 4c89 | 5424 384c 
  0x000001bbddb478d8: 8974 2460 | 4489 4424 | 6866 6690 

  0x000001bbddb478e4: ;   {runtime_call UncommonTrapBlob}
  0x000001bbddb478e4: c5f8 77e8 

  0x000001bbddb478e8: ; ImmutableOopMap {rbp=Oop [56]=Oop [96]=Oop [104]=NarrowOop [152]=Oop [176]=Oop [184]=Oop [192]=Oop [208]=Oop }
                      ;*invokevirtual keySet {reexecute=0 rethrow=0 return_oop=0}
                      ; - java.util.HashSet::iterator@4 (line 182)
                      ; - ai.onnxruntime.OrtSession::run@525 (line 375)
  0x000001bbddb478e8: 14cd 63ff 

  0x000001bbddb478ec: ;   {other}
  0x000001bbddb478ec: 0f1f 8400 | dc45 0056 | ba45 ffff | ff48 8bac | 24a0 0000 | 004c 8b54 | 2450 4c89 | 5424 4044 
  0x000001bbddb4790c: 8b54 2474 | 4489 5424 | 6844 8944 | 246c 448b | 9424 8400 | 0000 4489 | 5424 7044 | 8b5c 2478 
  0x000001bbddb4792c: 4489 5c24 | 7444 8b54 | 247c 4489 | 5424 7844 | 8b9c 2480 | 0000 0044 | 895c 247c 

  0x000001bbddb47948: ;   {runtime_call UncommonTrapBlob}
  0x000001bbddb47948: c5f8 77e8 

  0x000001bbddb4794c: ; ImmutableOopMap {rbp=Oop [64]=Oop [108]=NarrowOop [120]=NarrowOop [124]=NarrowOop [152]=Oop [168]=Oop [176]=Oop [184]=Oop [192]=Oop [208]=NarrowOop }
                      ;*ifnull {reexecute=1 rethrow=0 return_oop=0}
                      ; - (reexecute) java.util.HashMap::getNode@57 (line 577)
                      ; - java.util.HashMap::containsKey@2 (line 602)
                      ; - java.util.HashSet::contains@5 (line 213)
                      ; - ai.onnxruntime.OrtSession::run@225 (line 351)
  0x000001bbddb4794c: b0cc 63ff 

  0x000001bbddb47950: ;   {other}
  0x000001bbddb47950: 0f1f 8400 | 4046 0057 | ba45 ffff | ff48 8bac | 24a0 0000 | 004c 8b54 | 2450 4c89 | 5424 4044 
  0x000001bbddb47970: 8944 2464 | 448b 9424 | 8400 0000 | 4489 5424 | 6844 8b5c | 2478 4489 | 5c24 6c44 | 8b54 247c 
  0x000001bbddb47990: 4489 5424 | 7044 8b9c | 2480 0000 | 0044 895c | 2474 6690 

  0x000001bbddb479a4: ;   {runtime_call UncommonTrapBlob}
  0x000001bbddb479a4: c5f8 77e8 

  0x000001bbddb479a8: ; ImmutableOopMap {rbp=Oop [64]=Oop [100]=NarrowOop [112]=NarrowOop [116]=NarrowOop [136]=NarrowOop [152]=Oop [168]=Oop [176]=Oop [184]=Oop [192]=Oop }
                      ;*ifnull {reexecute=1 rethrow=0 return_oop=0}
                      ; - (reexecute) java.util.HashMap::getNode@57 (line 577)
                      ; - java.util.HashMap::containsKey@2 (line 602)
                      ; - java.util.HashSet::contains@5 (line 213)
                      ; - ai.onnxruntime.OrtSession::run@225 (line 351)
  0x000001bbddb479a8: 54cc 63ff 

  0x000001bbddb479ac: ;   {other}
  0x000001bbddb479ac: 0f1f 8400 | 9c46 0058 | ba45 ffff | ff4c 8b54 | 2450 4c89 | 5424 404c | 8974 2468 | 4889 5c24 
  0x000001bbddb479cc: 7066 6690 

  0x000001bbddb479d0: ;   {runtime_call UncommonTrapBlob}
  0x000001bbddb479d0: c5f8 77e8 

  0x000001bbddb479d4: ; ImmutableOopMap {[64]=Oop [104]=Oop [112]=Oop [152]=Oop [160]=Oop [176]=Oop [184]=Oop [192]=Oop [208]=Oop }
                      ;*ifle {reexecute=1 rethrow=0 return_oop=0}
                      ; - (reexecute) java.util.HashMap$HashIterator::<init>@45 (line 1592)
                      ; - java.util.HashMap$KeyIterator::<init>@2 (line 1626)
                      ; - java.util.HashMap$KeySet::iterator@8 (line 991)
                      ; - java.util.HashSet::iterator@7 (line 182)
                      ; - ai.onnxruntime.OrtSession::run@525 (line 375)
  0x000001bbddb479d4: 28cc 63ff 

  0x000001bbddb479d8: ;   {other}
  0x000001bbddb479d8: 0f1f 8400 | c846 0059 | ba45 ffff | ff48 8bac | 24a0 0000 | 004c 8b5c | 2450 4c89 | 5c24 384c 
  0x000001bbddb479f8: 8974 2460 | 4889 5c24 | 6844 8954 | 2470 6690 

  0x000001bbddb47a08: ;   {runtime_call UncommonTrapBlob}
  0x000001bbddb47a08: c5f8 77e8 

  0x000001bbddb47a0c: ; ImmutableOopMap {rbp=Oop [56]=Oop [96]=Oop [104]=Oop [152]=Oop [176]=Oop [184]=Oop [192]=Oop [208]=Oop }
                      ;*if_icmpge {reexecute=1 rethrow=0 return_oop=0}
                      ; - (reexecute) java.util.HashMap$HashIterator::<init>@54 (line 1593)
                      ; - java.util.HashMap$KeyIterator::<init>@2 (line 1626)
                      ; - java.util.HashMap$KeySet::iterator@8 (line 991)
                      ; - java.util.HashSet::iterator@7 (line 182)
                      ; - ai.onnxruntime.OrtSession::run@525 (line 375)
  0x000001bbddb47a0c: f0cb 63ff 

  0x000001bbddb47a10: ;   {other}
  0x000001bbddb47a10: 0f1f 8400 | 0047 005a | ba45 ffff | ff4c 8b54 | 2450 4c89 | 5424 3844 | 8b5c 2458 | 4489 5c24 
  0x000001bbddb47a30: 504c 8b54 | 2470 4c89 | 5424 684c | 8b54 2478 | 4c89 5424 | 7044 8b94 | 248c 0000 | 0044 8954 
  0x000001bbddb47a50: 2454 8984 | 248c 0000 | 0066 6690 

  0x000001bbddb47a5c: ;   {runtime_call UncommonTrapBlob}
  0x000001bbddb47a5c: c5f8 77e8 

  0x000001bbddb47a60: ; ImmutableOopMap {[56]=Oop [84]=NarrowOop [104]=Oop [112]=Oop [128]=Oop [152]=Oop [160]=Oop [176]=Oop [184]=Oop [192]=Oop [208]=Oop }
                      ;*ifeq {reexecute=1 rethrow=0 return_oop=0}
                      ; - (reexecute) java.util.HashMap::getNode@66 (line 578)
                      ; - java.util.HashMap::containsKey@2 (line 602)
                      ; - java.util.HashSet::contains@5 (line 213)
                      ; - ai.onnxruntime.OrtSession::run@560 (line 376)
  0x000001bbddb47a60: 9ccb 63ff 

  0x000001bbddb47a64: ;   {other}
  0x000001bbddb47a64: 0f1f 8400 | 5447 005b | ba45 ffff | ff4c 8b5c | 2450 4c89 | 5c24 3844 | 8b5c 2458 | 4489 5c24 
  0x000001bbddb47a84: 504c 8b5c | 2470 4c89 | 5c24 684c | 8b5c 2478 | 4c89 5c24 | 7044 8b9c | 248c 0000 | 0044 895c 
  0x000001bbddb47aa4: 2454 8984 | 248c 0000 | 0066 6690 

  0x000001bbddb47ab0: ;   {runtime_call UncommonTrapBlob}
  0x000001bbddb47ab0: c5f8 77e8 

  0x000001bbddb47ab4: ; ImmutableOopMap {[56]=Oop [84]=NarrowOop [104]=Oop [112]=Oop [128]=Oop [152]=Oop [160]=Oop [176]=Oop [184]=Oop [192]=Oop [208]=Oop }
                      ;*ifeq {reexecute=1 rethrow=0 return_oop=0}
                      ; - (reexecute) java.util.HashMap::getNode@66 (line 578)
                      ; - java.util.HashMap::containsKey@2 (line 602)
                      ; - java.util.HashSet::contains@5 (line 213)
                      ; - ai.onnxruntime.OrtSession::run@560 (line 376)
  0x000001bbddb47ab4: 48cb 63ff 

  0x000001bbddb47ab8: ;   {other}
  0x000001bbddb47ab8: 0f1f 8400 | a847 005c | ba45 ffff | ff4c 8b54 | 2450 4c89 | 5424 4844 | 8b5c 2470 | 4489 5c24 
  0x000001bbddb47ad8: 6844 8b54 | 2474 4489 | 5424 6c44 | 8b9c 2484 | 0000 0044 | 895c 2470 | 448b 5424 | 7844 8954 
  0x000001bbddb47af8: 2474 448b | 5c24 7c44 | 895c 2478 | 448b 9424 | 8000 0000 | 4489 5424 | 7c44 898c | 2488 0000 
  0x000001bbddb47b18: 0066 6690 

  0x000001bbddb47b1c: ;   {runtime_call UncommonTrapBlob}
  0x000001bbddb47b1c: c5f8 77e8 

  0x000001bbddb47b20: ; ImmutableOopMap {rbp=Oop [72]=Oop [104]=NarrowOop [120]=NarrowOop [124]=NarrowOop [152]=Oop [160]=Oop [168]=Oop [176]=Oop [184]=Oop [192]=Oop }
                      ;*ifeq {reexecute=1 rethrow=0 return_oop=0}
                      ; - (reexecute) java.util.HashMap::getNode@131 (line 585)
                      ; - java.util.HashMap::containsKey@2 (line 602)
                      ; - java.util.HashSet::contains@5 (line 213)
                      ; - ai.onnxruntime.OrtSession::run@225 (line 351)
  0x000001bbddb47b20: dcca 63ff 

  0x000001bbddb47b24: ;   {other}
  0x000001bbddb47b24: 0f1f 8400 | 1448 005d | 4889 7c24 | 704c 894c | 2468 4c89 | 7424 604d | 8bf5 498b | d7c5 f877 
  0x000001bbddb47b44: 49ba 8020 | 3384 fd7f | 0000 41ff 

  0x000001bbddb47b50: ;   {other}
  0x000001bbddb47b50: d20f 1f84 | 0000 0000 | 004d 8bee | 4c8b 7424 | 604c 8b4c | 2468 488b | 7c24 70e9 | e1df ffff 
  0x000001bbddb47b70: ba45 ffff | ff4c 8b54 | 2450 4c89 | 5424 4844 | 8b5c 2470 | 4489 5c24 | 6844 8b94 | 2484 0000 
  0x000001bbddb47b90: 0044 8954 | 246c 448b | 5c24 7844 | 895c 2470 | 448b 5424 | 7c44 8954 | 2474 448b | 9c24 8000 
  0x000001bbddb47bb0: 0000 4489 | 5c24 7844 | 8984 2488 | 0000 0090 

  0x000001bbddb47bc0: ;   {runtime_call UncommonTrapBlob}
  0x000001bbddb47bc0: c5f8 77e8 

  0x000001bbddb47bc4: ; ImmutableOopMap {rbp=Oop [72]=Oop [104]=NarrowOop [116]=NarrowOop [120]=NarrowOop [152]=Oop [160]=Oop [168]=Oop [176]=Oop [184]=Oop [192]=Oop }
                      ;*ifeq {reexecute=1 rethrow=0 return_oop=0}
                      ; - (reexecute) java.util.HashMap::getNode@131 (line 585)
                      ; - java.util.HashMap::containsKey@2 (line 602)
                      ; - java.util.HashSet::contains@5 (line 213)
                      ; - ai.onnxruntime.OrtSession::run@225 (line 351)
  0x000001bbddb47bc4: 38ca 63ff 

  0x000001bbddb47bc8: ;   {other}
  0x000001bbddb47bc8: 0f1f 8400 | b848 005e | ba45 ffff | ff4c 8b5c | 2450 4c89 | 5c24 4089 | 8424 9000 | 0000 6690 
  0x000001bbddb47be8: ;   {runtime_call UncommonTrapBlob}
  0x000001bbddb47be8: c5f8 77e8 

  0x000001bbddb47bec: ; ImmutableOopMap {rbp=Oop [64]=Oop [112]=Oop [120]=Oop [136]=Oop [152]=Oop [160]=Oop [176]=Oop [184]=Oop [192]=Oop [208]=Oop }
                      ;*ifeq {reexecute=1 rethrow=0 return_oop=0}
                      ; - (reexecute) java.util.HashMap::getNode@131 (line 585)
                      ; - java.util.HashMap::containsKey@2 (line 602)
                      ; - java.util.HashSet::contains@5 (line 213)
                      ; - ai.onnxruntime.OrtSession::run@560 (line 376)
  0x000001bbddb47bec: 10ca 63ff 

  0x000001bbddb47bf0: ;   {other}
  0x000001bbddb47bf0: 0f1f 8400 | e048 005f | ba45 ffff | ff4c 8b54 | 2450 4c89 | 5424 4089 | 8424 9000 | 0000 6690 
  0x000001bbddb47c10: ;   {runtime_call UncommonTrapBlob}
  0x000001bbddb47c10: c5f8 77e8 

  0x000001bbddb47c14: ; ImmutableOopMap {rbp=Oop [64]=Oop [112]=Oop [120]=Oop [136]=Oop [152]=Oop [160]=Oop [176]=Oop [184]=Oop [192]=Oop [208]=Oop }
                      ;*ifeq {reexecute=1 rethrow=0 return_oop=0}
                      ; - (reexecute) java.util.HashMap::getNode@131 (line 585)
                      ; - java.util.HashMap::containsKey@2 (line 602)
                      ; - java.util.HashSet::contains@5 (line 213)
                      ; - ai.onnxruntime.OrtSession::run@560 (line 376)
  0x000001bbddb47c14: e8c9 63ff 

  0x000001bbddb47c18: ;   {other}
  0x000001bbddb47c18: 0f1f 8400 | 0849 0060 | 498b d7c5 | f877 49ba | 8020 3384 | fd7f 0000 

  0x000001bbddb47c30: ;   {other}
  0x000001bbddb47c30: 41ff d20f | 1f84 0000 | 0000 00e9 | 1ae0 ffff | baf6 ffff | ff66 6690 

  0x000001bbddb47c48: ;   {runtime_call UncommonTrapBlob}
  0x000001bbddb47c48: c5f8 77e8 

  0x000001bbddb47c4c: ; ImmutableOopMap {}
                      ;*getfield modCount {reexecute=1 rethrow=0 return_oop=0}
                      ; - (reexecute) java.util.HashMap$HashIterator::<init>@11 (line 1588)
                      ; - java.util.HashMap$EntryIterator::<init>@2 (line 1636)
                      ; - java.util.HashMap$EntrySet::iterator@8 (line 1106)
                      ; - ai.onnxruntime.OrtSession::run@185 (line 350)
  0x000001bbddb47c4c: b0c9 63ff 

  0x000001bbddb47c50: ;   {other}
  0x000001bbddb47c50: 0f1f 8400 | 4049 0061 | bae4 ffff | ff89 4c24 | 544c 896c | 2458 8974 | 2460 4489 | 5c24 6490 
  0x000001bbddb47c70: ;   {runtime_call UncommonTrapBlob}
  0x000001bbddb47c70: c5f8 77e8 

  0x000001bbddb47c74: ; ImmutableOopMap {[84]=NarrowOop [88]=Oop [96]=NarrowOop [100]=NarrowOop [112]=Oop [152]=Oop [208]=Oop }
                      ;*baload {reexecute=0 rethrow=0 return_oop=0}
                      ; - java.lang.StringLatin1::hashCode@34 (line 190)
                      ; - java.lang.String::hashCode@27 (line 2365)
                      ; - java.util.HashMap::hash@9 (line 338)
                      ; - java.util.HashMap::put@2 (line 618)
                      ; - ai.onnxruntime.OrtSession$Result::<init>@124 (line 1588)
                      ; - ai.onnxruntime.OrtSession::run@737 (line 407)
  0x000001bbddb47c74: 88c9 63ff 

  0x000001bbddb47c78: ;   {other}
  0x000001bbddb47c78: 0f1f 8400 | 6849 0062 | bae4 ffff | ff4c 8b54 | 2450 4c89 | 5424 3844 | 8b54 2458 | 4489 5424 
  0x000001bbddb47c98: 504c 8974 | 2468 4c8b | 5424 784c | 8954 2470 | 4c8b 9424 | 8800 0000 | 4c89 9424 | 8000 0000 
  0x000001bbddb47cb8: 894c 2454 | 4489 9c24 | 9000 0000 

  0x000001bbddb47cc4: ;   {runtime_call UncommonTrapBlob}
  0x000001bbddb47cc4: c5f8 77e8 

  0x000001bbddb47cc8: ; ImmutableOopMap {[56]=Oop [84]=NarrowOop [104]=Oop [112]=Oop [128]=Oop [136]=Oop [144]=NarrowOop [152]=Oop [160]=Oop [176]=Oop [184]=Oop [192]=Oop [208]=Oop }
                      ;*baload {reexecute=0 rethrow=0 return_oop=0}
                      ; - java.lang.StringLatin1::hashCode@34 (line 190)
                      ; - java.lang.String::hashCode@27 (line 2365)
                      ; - java.util.HashMap::hash@9 (line 338)
                      ; - java.util.HashMap::getNode@23 (line 576)
                      ; - java.util.HashMap::containsKey@2 (line 602)
                      ; - java.util.HashSet::contains@5 (line 213)
                      ; - ai.onnxruntime.OrtSession::run@560 (line 376)
  0x000001bbddb47cc8: 34c9 63ff 

  0x000001bbddb47ccc: ;   {other}
  0x000001bbddb47ccc: 0f1f 8400 | bc49 0063 | bae4 ffff | ff4c 8b54 | 2450 4c89 | 5424 3844 | 8b54 2458 | 4489 5424 
  0x000001bbddb47cec: 504c 8974 | 2468 4c8b | 5424 784c | 8954 2470 | 4c8b 9424 | 8800 0000 | 4c89 9424 | 8000 0000 
  0x000001bbddb47d0c: 894c 2454 | 4489 8424 | 9000 0000 

  0x000001bbddb47d18: ;   {runtime_call UncommonTrapBlob}
  0x000001bbddb47d18: c5f8 77e8 

  0x000001bbddb47d1c: ; ImmutableOopMap {[56]=Oop [84]=NarrowOop [104]=Oop [112]=Oop [128]=Oop [136]=Oop [144]=NarrowOop [152]=Oop [160]=Oop [176]=Oop [184]=Oop [192]=Oop [208]=Oop }
                      ;*baload {reexecute=0 rethrow=0 return_oop=0}
                      ; - java.lang.StringLatin1::hashCode@34 (line 190)
                      ; - java.lang.String::hashCode@27 (line 2365)
                      ; - java.util.HashMap::hash@9 (line 338)
                      ; - java.util.HashMap::getNode@23 (line 576)
                      ; - java.util.HashMap::containsKey@2 (line 602)
                      ; - java.util.HashSet::contains@5 (line 213)
                      ; - ai.onnxruntime.OrtSession::run@560 (line 376)
  0x000001bbddb47d1c: e0c8 63ff 

  0x000001bbddb47d20: ;   {other}
  0x000001bbddb47d20: 0f1f 8400 | 104a 0064 | 448b d741 | ffc2 ba45 | ffff ff48 | 8bac 24a0 | 0000 004c | 8b44 2450 
  0x000001bbddb47d40: 4c89 4424 | 4044 895c | 245c 4489 | 5424 6490 

  0x000001bbddb47d50: ;   {runtime_call UncommonTrapBlob}
  0x000001bbddb47d50: c5f8 77e8 

  0x000001bbddb47d54: ; ImmutableOopMap {rbp=Oop [64]=Oop [128]=NarrowOop [152]=Oop [168]=Oop [176]=Oop [184]=Oop [192]=Oop }
                      ;*if_icmpge {reexecute=1 rethrow=0 return_oop=0}
                      ; - (reexecute) java.util.HashMap$HashIterator::<init>@54 (line 1593)
                      ; - java.util.HashMap$EntryIterator::<init>@2 (line 1636)
                      ; - java.util.HashMap$EntrySet::iterator@8 (line 1106)
                      ; - ai.onnxruntime.OrtSession::run@185 (line 350)
  0x000001bbddb47d54: a8c8 63ff 

  0x000001bbddb47d58: ;   {other}
  0x000001bbddb47d58: 0f1f 8400 | 484a 0065 | bade ffff | ff4c 8b5c | 2450 4c89 | 5c24 3844 | 8954 2450 | 4c89 7424 
  0x000001bbddb47d78: 6848 895c | 2470 894c | 2454 6690 

  0x000001bbddb47d84: ;   {runtime_call UncommonTrapBlob}
  0x000001bbddb47d84: c5f8 77e8 

  0x000001bbddb47d88: ; ImmutableOopMap {[56]=Oop [84]=NarrowOop [104]=Oop [112]=Oop [152]=Oop [160]=Oop [176]=Oop [184]=Oop [192]=Oop [208]=Oop }
                      ;*checkcast {reexecute=0 rethrow=0 return_oop=0}
                      ; - ai.onnxruntime.OrtSession::run@549 (line 375)
  0x000001bbddb47d88: 74c8 63ff 

  0x000001bbddb47d8c: ;   {other}
  0x000001bbddb47d8c: 0f1f 8400 | 7c4a 0066 | bade ffff | ff48 8bac | 24a0 0000 | 004c 8b5c | 2450 4c89 | 5c24 404c 
  0x000001bbddb47dac: 8b9c 24b8 | 0000 004c | 895c 2448 | 448b 8424 | 8000 0000 | 4489 5424 | 6c44 8b9c | 2484 0000 
  0x000001bbddb47dcc: 0044 895c | 2470 448b | 5424 7844 | 8954 2474 | 448b 5c24 | 7c44 895c | 2478 4489 | 4424 7c90 
  0x000001bbddb47dec: ;   {runtime_call UncommonTrapBlob}
  0x000001bbddb47dec: c5f8 77e8 

  0x000001bbddb47df0: ; ImmutableOopMap {rbp=Oop [64]=Oop [72]=Oop [108]=NarrowOop [120]=NarrowOop [124]=NarrowOop [152]=Oop [168]=Oop [176]=Oop [192]=Oop }
                      ;*checkcast {reexecute=0 rethrow=0 return_oop=0}
                      ; - ai.onnxruntime.OrtSession::run@244 (line 352)
  0x000001bbddb47df0: 0cc8 63ff 

  0x000001bbddb47df4: ;   {other}
  0x000001bbddb47df4: 0f1f 8400 | e44a 0067 | bade ffff | ff48 8bac | 24a0 0000 | 004c 8b54 | 2450 4c89 | 5424 404c 
  0x000001bbddb47e14: 8b94 24c0 | 0000 004c | 8954 2450 | 4489 4424 | 6844 8b94 | 2484 0000 | 0044 8954 | 246c 448b 
  0x000001bbddb47e34: 5c24 7844 | 895c 2470 | 448b 9c24 | 8000 0000 | 4489 5c24 | 7866 6690 

  0x000001bbddb47e4c: ;   {runtime_call UncommonTrapBlob}
  0x000001bbddb47e4c: c5f8 77e8 

  0x000001bbddb47e50: ; ImmutableOopMap {rbp=Oop [64]=Oop [80]=Oop [104]=NarrowOop [120]=NarrowOop [124]=NarrowOop [152]=Oop [168]=Oop [176]=Oop [184]=Oop }
                      ;*checkcast {reexecute=0 rethrow=0 return_oop=0}
                      ; - ai.onnxruntime.OrtSession::run@259 (line 353)
  0x000001bbddb47e50: acc7 63ff 

  0x000001bbddb47e54: ;   {other}
  0x000001bbddb47e54: 0f1f 8400 | 444b 0068 | bade ffff | ff4c 8b54 | 2450 4c89 | 5424 404c | 8974 2468 

  0x000001bbddb47e70: ;   {runtime_call UncommonTrapBlob}
  0x000001bbddb47e70: c5f8 77e8 

  0x000001bbddb47e74: ; ImmutableOopMap {rbp=NarrowOop [64]=Oop [104]=Oop [152]=Oop [160]=Oop [176]=Oop [184]=Oop [192]=Oop [208]=Oop }
                      ;*checkcast {reexecute=0 rethrow=0 return_oop=0}
                      ; - java.util.LinkedHashMap::sequencedKeySet@27 (line 649)
                      ; - java.util.LinkedHashMap::keySet@1 (line 628)
                      ; - java.util.HashSet::iterator@4 (line 182)
                      ; - ai.onnxruntime.OrtSession::run@525 (line 375)
  0x000001bbddb47e74: 88c7 63ff 

  0x000001bbddb47e78: ;   {other}
  0x000001bbddb47e78: 0f1f 8400 | 684b 0069 | baf6 ffff | ff41 8be8 

  0x000001bbddb47e88: ;   {runtime_call UncommonTrapBlob}
  0x000001bbddb47e88: c5f8 77e8 

  0x000001bbddb47e8c: ; ImmutableOopMap {rbp=NarrowOop }
                      ;*invokeinterface contains {reexecute=0 rethrow=0 return_oop=0}
                      ; - ai.onnxruntime.OrtSession::run@225 (line 351)
  0x000001bbddb47e8c: 70c7 63ff 

  0x000001bbddb47e90: ;   {other}
  0x000001bbddb47e90: 0f1f 8400 | 804b 006a | baf6 ffff | ff8b 6c24 | 7066 6690 

  0x000001bbddb47ea4: ;   {runtime_call UncommonTrapBlob}
  0x000001bbddb47ea4: c5f8 77e8 

  0x000001bbddb47ea8: ; ImmutableOopMap {rbp=NarrowOop }
                      ;*invokevirtual containsKey {reexecute=0 rethrow=0 return_oop=0}
                      ; - java.util.HashSet::contains@5 (line 213)
                      ; - ai.onnxruntime.OrtSession::run@225 (line 351)
  0x000001bbddb47ea8: 54c7 63ff 

  0x000001bbddb47eac: ;   {other}
  0x000001bbddb47eac: 0f1f 8400 | 9c4b 006b | baf4 ffff | ff48 8bac | 24a0 0000 | 004c 8b54 | 2450 4c89 | 5424 404c 
  0x000001bbddb47ecc: 8b94 24b8 | 0000 004c | 8954 2448 | 448b 9c24 | 8400 0000 | 4489 5c24 | 6c44 8b54 | 2478 4489 
  0x000001bbddb47eec: 5424 7044 | 8b94 2480 | 0000 0044 | 8954 2478 

  0x000001bbddb47efc: ;   {runtime_call UncommonTrapBlob}
  0x000001bbddb47efc: c5f8 77e8 

  0x000001bbddb47f00: ; ImmutableOopMap {rbp=Oop [64]=Oop [72]=Oop [120]=NarrowOop [124]=NarrowOop [152]=Oop [168]=Oop [176]=Oop [192]=Oop }
                      ;*checkcast {reexecute=0 rethrow=0 return_oop=0}
                      ; - ai.onnxruntime.OrtSession::run@244 (line 352)
  0x000001bbddb47f00: fcc6 63ff 

  0x000001bbddb47f04: ;   {other}
  0x000001bbddb47f04: 0f1f 8400 | f44b 006c | baf4 ffff | ff48 8bac | 24a0 0000 | 004c 8b54 | 2450 4c89 | 5424 404c 
  0x000001bbddb47f24: 8b94 24c0 | 0000 004c | 8954 2460 | 448b 5424 | 7844 8954 | 246c 448b | 5c24 7c44 | 895c 2470 
  0x000001bbddb47f44: ;   {runtime_call UncommonTrapBlob}
  0x000001bbddb47f44: c5f8 77e8 

  0x000001bbddb47f48: ; ImmutableOopMap {rbp=Oop [64]=Oop [96]=Oop [112]=NarrowOop [128]=NarrowOop [152]=Oop [168]=Oop [176]=Oop [184]=Oop [192]=Oop }
                      ;*checkcast {reexecute=0 rethrow=0 return_oop=0}
                      ; - ai.onnxruntime.OrtSession::run@259 (line 353)
  0x000001bbddb47f48: b4c6 63ff 

  0x000001bbddb47f4c: ;   {other}
  0x000001bbddb47f4c: 0f1f 8400 | 3c4c 006d | baf6 ffff | ff8b ee89 | 4c24 3090 

  0x000001bbddb47f60: ;   {runtime_call UncommonTrapBlob}
  0x000001bbddb47f60: c5f8 77e8 

  0x000001bbddb47f64: ; ImmutableOopMap {rbp=NarrowOop [48]=NarrowOop }
                      ;*invokeinterface put {reexecute=0 rethrow=0 return_oop=0}
                      ; - ai.onnxruntime.OrtSession$Result::<init>@124 (line 1588)
                      ; - ai.onnxruntime.OrtSession::run@737 (line 407)
  0x000001bbddb47f64: 98c6 63ff 

  0x000001bbddb47f68: ;   {other}
  0x000001bbddb47f68: 0f1f 8400 | 584c 006e | baf6 ffff | ff66 6690 

  0x000001bbddb47f78: ;   {runtime_call UncommonTrapBlob}
  0x000001bbddb47f78: c5f8 77e8 

  0x000001bbddb47f7c: ; ImmutableOopMap {}
                      ;*invokeinterface isEmpty {reexecute=0 rethrow=0 return_oop=0}
                      ; - ai.onnxruntime.OrtSession::run@8 (line 335)
  0x000001bbddb47f7c: 80c6 63ff 

  0x000001bbddb47f80: ;   {other}
  0x000001bbddb47f80: 0f1f 8400 | 704c 006f | baf6 ffff | ff66 6690 

  0x000001bbddb47f90: ;   {runtime_call UncommonTrapBlob}
  0x000001bbddb47f90: c5f8 77e8 

  0x000001bbddb47f94: ; ImmutableOopMap {}
                      ;*invokeinterface size {reexecute=0 rethrow=0 return_oop=0}
                      ; - ai.onnxruntime.OrtSession::run@85 (line 339)
  0x000001bbddb47f94: 68c6 63ff 

  0x000001bbddb47f98: ;   {other}
  0x000001bbddb47f98: 0f1f 8400 | 884c 0070 | baf6 ffff | ff66 6690 

  0x000001bbddb47fa8: ;   {runtime_call UncommonTrapBlob}
  0x000001bbddb47fa8: c5f8 77e8 

  0x000001bbddb47fac: ; ImmutableOopMap {}
                      ;*invokevirtual size {reexecute=0 rethrow=0 return_oop=0}
                      ; - java.util.HashSet::size@4 (line 191)
                      ; - ai.onnxruntime.OrtSession::run@85 (line 339)
  0x000001bbddb47fac: 50c6 63ff 

  0x000001bbddb47fb0: ;   {other}
  0x000001bbddb47fb0: 0f1f 8400 | a04c 0071 | baf6 ffff | ff66 6690 

  0x000001bbddb47fc0: ;   {runtime_call UncommonTrapBlob}
  0x000001bbddb47fc0: c5f8 77e8 

  0x000001bbddb47fc4: ; ImmutableOopMap {}
                      ;*invokeinterface size {reexecute=0 rethrow=0 return_oop=0}
                      ; - ai.onnxruntime.OrtSession::run@91 (line 339)
  0x000001bbddb47fc4: 38c6 63ff 

  0x000001bbddb47fc8: ;   {other}
  0x000001bbddb47fc8: 0f1f 8400 | b84c 0072 | baf6 ffff | ff66 6690 

  0x000001bbddb47fd8: ;   {runtime_call UncommonTrapBlob}
  0x000001bbddb47fd8: c5f8 77e8 

  0x000001bbddb47fdc: ; ImmutableOopMap {}
                      ;*invokevirtual size {reexecute=0 rethrow=0 return_oop=0}
                      ; - java.util.HashSet::size@4 (line 191)
                      ; - ai.onnxruntime.OrtSession::run@327 (line 360)
  0x000001bbddb47fdc: 20c6 63ff 

  0x000001bbddb47fe0: ;   {other}
  0x000001bbddb47fe0: 0f1f 8400 | d04c 0073 | baf6 ffff | ff66 6690 

  0x000001bbddb47ff0: ;   {runtime_call UncommonTrapBlob}
  0x000001bbddb47ff0: c5f8 77e8 

  0x000001bbddb47ff4: ; ImmutableOopMap {}
                      ;*getfield handle {reexecute=1 rethrow=0 return_oop=0}
                      ; - (reexecute) ai.onnxruntime.OrtSession::run@699 (line 394)
  0x000001bbddb47ff4: 08c6 63ff 

  0x000001bbddb47ff8: ;   {other}
  0x000001bbddb47ff8: 0f1f 8400 | e84c 0074 | baf6 ffff | ff66 6690 

  0x000001bbddb48008: ;   {runtime_call UncommonTrapBlob}
  0x000001bbddb48008: c5f8 77e8 

  0x000001bbddb4800c: ; ImmutableOopMap {}
                      ;*arraylength {reexecute=0 rethrow=0 return_oop=0}
                      ; - ai.onnxruntime.OrtSession$Result::<init>@14 (line 1573)
                      ; - ai.onnxruntime.OrtSession::run@737 (line 407)
  0x000001bbddb4800c: f0c5 63ff 

  0x000001bbddb48010: ;   {other}
  0x000001bbddb48010: 0f1f 8400 | 004d 0075 | baf6 ffff | ff66 6690 

  0x000001bbddb48020: ;   {runtime_call UncommonTrapBlob}
  0x000001bbddb48020: c5f8 77e8 

  0x000001bbddb48024: ; ImmutableOopMap {}
                      ;*getfield modCount {reexecute=1 rethrow=0 return_oop=0}
                      ; - (reexecute) java.util.LinkedHashMap$LinkedHashIterator::nextNode@9 (line 1022)
                      ; - java.util.LinkedHashMap$LinkedKeyIterator::next@1 (line 1046)
                      ; - ai.onnxruntime.OrtSession::run@544 (line 375)
  0x000001bbddb48024: d8c5 63ff 

  0x000001bbddb48028: ;   {other}
  0x000001bbddb48028: 0f1f 8400 | 184d 0076 | baf4 ffff | ff4c 8b5c | 2450 4c89 | 5c24 3844 | 8954 2450 | 4c89 7424 
  0x000001bbddb48048: 6848 895c | 2470 6690 

  0x000001bbddb48050: ;   {runtime_call UncommonTrapBlob}
  0x000001bbddb48050: c5f8 77e8 

  0x000001bbddb48054: ; ImmutableOopMap {[56]=Oop [104]=Oop [112]=Oop [152]=Oop [160]=Oop [176]=Oop [184]=Oop [192]=Oop [208]=Oop }
                      ;*checkcast {reexecute=0 rethrow=0 return_oop=0}
                      ; - ai.onnxruntime.OrtSession::run@549 (line 375)
  0x000001bbddb48054: a8c5 63ff 

  0x000001bbddb48058: ;   {other}
  0x000001bbddb48058: 0f1f 8400 | 484d 0077 | baf6 ffff | ff49 8be9 

  0x000001bbddb48068: ;   {runtime_call UncommonTrapBlob}
  0x000001bbddb48068: c5f8 77e8 

  0x000001bbddb4806c: ; ImmutableOopMap {rbp=Oop }
                      ;*invokeinterface contains {reexecute=0 rethrow=0 return_oop=0}
                      ; - ai.onnxruntime.OrtSession::run@560 (line 376)
  0x000001bbddb4806c: 90c5 63ff 

  0x000001bbddb48070: ;   {other}
  0x000001bbddb48070: 0f1f 8400 | 604d 0078 | baf6 ffff | ff49 8be9 

  0x000001bbddb48080: ;   {runtime_call UncommonTrapBlob}
  0x000001bbddb48080: c5f8 77e8 

  0x000001bbddb48084: ; ImmutableOopMap {rbp=Oop }
                      ;*invokevirtual containsKey {reexecute=0 rethrow=0 return_oop=0}
                      ; - java.util.HashSet::contains@5 (line 213)
                      ; - ai.onnxruntime.OrtSession::run@560 (line 376)
  0x000001bbddb48084: 78c5 63ff 

  0x000001bbddb48088: ;   {other}
  0x000001bbddb48088: 0f1f 8400 | 784d 0079 | baf6 ffff | ff66 6690 

  0x000001bbddb48098: ;   {runtime_call UncommonTrapBlob}
  0x000001bbddb48098: c5f8 77e8 

  0x000001bbddb4809c: ; ImmutableOopMap {}
                      ;*getfield head {reexecute=1 rethrow=0 return_oop=0}
                      ; - (reexecute) java.util.LinkedHashMap$LinkedHashIterator::<init>@27 (line 1011)
                      ; - java.util.LinkedHashMap$LinkedKeyIterator::<init>@3 (line 1045)
                      ; - java.util.LinkedHashMap$LinkedKeySet::iterator@12 (line 700)
                      ; - java.util.HashSet::iterator@7 (line 182)
                      ; - ai.onnxruntime.OrtSession::run@525 (line 375)
  0x000001bbddb4809c: 60c5 63ff 

  0x000001bbddb480a0: ;   {other}
  0x000001bbddb480a0: 0f1f 8400 | 904d 007a | ba45 ffff | ff48 8bac | 24a0 0000 | 004c 8b54 | 2450 4c89 | 5424 4044 
  0x000001bbddb480c0: 8b5c 2478 | 4489 5c24 | 684c 8944 | 2470 6690 

  0x000001bbddb480d0: ;   {runtime_call UncommonTrapBlob}
  0x000001bbddb480d0: c5f8 77e8 

  0x000001bbddb480d4: ; ImmutableOopMap {rbp=Oop [64]=Oop [112]=Oop [128]=NarrowOop [152]=Oop [168]=Oop [176]=Oop [184]=Oop [192]=Oop }
                      ;*ifnonnull {reexecute=1 rethrow=0 return_oop=0}
                      ; - (reexecute) java.util.HashMap$HashIterator::nextNode@28 (line 1606)
                      ; - java.util.HashMap$EntryIterator::next@1 (line 1638)
                      ; - java.util.HashMap$EntryIterator::next@1 (line 1636)
                      ; - ai.onnxruntime.OrtSession::run@204 (line 350)
  0x000001bbddb480d4: 28c5 63ff 

  0x000001bbddb480d8: ;   {other}
  0x000001bbddb480d8: 0f1f 8400 | c84d 007b | baf6 ffff | ff66 6690 

  0x000001bbddb480e8: ;   {runtime_call UncommonTrapBlob}
  0x000001bbddb480e8: c5f8 77e8 

  0x000001bbddb480ec: ; ImmutableOopMap {}
                      ;*arraylength {reexecute=0 rethrow=0 return_oop=0}
                      ; - java.lang.StringLatin1::hashCode@1 (line 188)
                      ; - java.lang.String::hashCode@27 (line 2365)
                      ; - java.util.HashMap::hash@9 (line 338)
                      ; - java.util.HashMap::put@2 (line 618)
                      ; - ai.onnxruntime.OrtSession$Result::<init>@124 (line 1588)
                      ; - ai.onnxruntime.OrtSession::run@737 (line 407)
  0x000001bbddb480ec: 10c5 63ff 

  0x000001bbddb480f0: ;   {other}
  0x000001bbddb480f0: 0f1f 8400 | e04d 007c | ba45 ffff | ff48 8bac | 24a0 0000 | 004c 8b5c | 2450 4c89 | 5c24 4044 
  0x000001bbddb48110: 8954 2464 | 448b 5c24 | 7844 895c | 246c 448b | 5424 7c44 | 8954 2470 

  0x000001bbddb48128: ;   {runtime_call UncommonTrapBlob}
  0x000001bbddb48128: c5f8 77e8 

  0x000001bbddb4812c: ; ImmutableOopMap {rbp=Oop [64]=Oop [100]=NarrowOop [112]=NarrowOop [128]=NarrowOop [152]=Oop [168]=Oop [176]=Oop [184]=Oop [192]=Oop }
                      ;*ifnull {reexecute=1 rethrow=0 return_oop=0}
                      ; - (reexecute) java.util.HashMap$HashIterator::nextNode@65 (line 1608)
                      ; - java.util.HashMap$EntryIterator::next@1 (line 1638)
                      ; - java.util.HashMap$EntryIterator::next@1 (line 1636)
                      ; - ai.onnxruntime.OrtSession::run@204 (line 350)
  0x000001bbddb4812c: d0c4 63ff 

  0x000001bbddb48130: ;   {other}
  0x000001bbddb48130: 0f1f 8400 | 204e 007d | ba45 ffff | ff4c 8b54 | 2450 4c89 | 5424 404c | 8974 2468 | 4c89 4c24 
  0x000001bbddb48150: 7066 6690 

  0x000001bbddb48154: ;   {runtime_call UncommonTrapBlob}
  0x000001bbddb48154: c5f8 77e8 

  0x000001bbddb48158: ; ImmutableOopMap {rbp=NarrowOop [64]=Oop [104]=Oop [112]=Oop [152]=Oop [160]=Oop [176]=Oop [184]=Oop [192]=Oop [208]=Oop }
                      ;*ifnonnull {reexecute=1 rethrow=0 return_oop=0}
                      ; - (reexecute) java.util.LinkedHashMap::sequencedKeySet@6 (line 642)
                      ; - java.util.LinkedHashMap::keySet@1 (line 628)
                      ; - java.util.HashSet::iterator@4 (line 182)
                      ; - ai.onnxruntime.OrtSession::run@525 (line 375)
  0x000001bbddb48158: a4c4 63ff 

  0x000001bbddb4815c: ;   {other}
  0x000001bbddb4815c: 0f1f 8400 | 4c4e 007e | baf6 ffff | ff66 6690 

  0x000001bbddb4816c: ;   {runtime_call UncommonTrapBlob}
  0x000001bbddb4816c: c5f8 77e8 

  0x000001bbddb48170: ; ImmutableOopMap {}
                      ;*arraylength {reexecute=0 rethrow=0 return_oop=0}
                      ; - java.lang.StringLatin1::hashCode@1 (line 188)
                      ; - java.lang.String::hashCode@27 (line 2365)
                      ; - java.util.HashMap::hash@9 (line 338)
                      ; - java.util.HashMap::getNode@23 (line 576)
                      ; - java.util.HashMap::containsKey@2 (line 602)
                      ; - java.util.HashSet::contains@5 (line 213)
                      ; - ai.onnxruntime.OrtSession::run@560 (line 376)
  0x000001bbddb48170: 8cc4 63ff 

  0x000001bbddb48174: ;   {other}
  0x000001bbddb48174: 0f1f 8400 | 644e 007f | baf6 ffff | ff66 6690 

  0x000001bbddb48184: ;   {runtime_call UncommonTrapBlob}
  0x000001bbddb48184: c5f8 77e8 

  0x000001bbddb48188: ; ImmutableOopMap {}
                      ;*arraylength {reexecute=0 rethrow=0 return_oop=0}
                      ; - java.lang.StringLatin1::hashCode@1 (line 188)
                      ; - java.lang.String::hashCode@27 (line 2365)
                      ; - java.util.HashMap::hash@9 (line 338)
                      ; - java.util.HashMap::getNode@23 (line 576)
                      ; - java.util.HashMap::containsKey@2 (line 602)
                      ; - java.util.HashSet::contains@5 (line 213)
                      ; - ai.onnxruntime.OrtSession::run@560 (line 376)
  0x000001bbddb48188: 74c4 63ff 

  0x000001bbddb4818c: ;   {other}
  0x000001bbddb4818c: 0f1f 8400 | 7c4e 0080 | baf6 ffff | ff66 6690 

  0x000001bbddb4819c: ;   {runtime_call UncommonTrapBlob}
  0x000001bbddb4819c: c5f8 77e8 

  0x000001bbddb481a0: ; ImmutableOopMap {}
                      ;*getfield modCount {reexecute=1 rethrow=0 return_oop=0}
                      ; - (reexecute) java.util.HashMap$HashIterator::<init>@11 (line 1588)
                      ; - java.util.HashMap$KeyIterator::<init>@2 (line 1626)
                      ; - java.util.HashMap$KeySet::iterator@8 (line 991)
                      ; - java.util.HashSet::iterator@7 (line 182)
                      ; - ai.onnxruntime.OrtSession::run@525 (line 375)
  0x000001bbddb481a0: 5cc4 63ff 

  0x000001bbddb481a4: ;   {other}
  0x000001bbddb481a4: 0f1f 8400 | 944e 0081 | ba45 ffff | ff4c 8b54 | 2450 4c89 | 5424 4844 | 8b5c 2474 | 4489 5c24 
  0x000001bbddb481c4: 6c66 6690 

  0x000001bbddb481c8: ;   {runtime_call UncommonTrapBlob}
  0x000001bbddb481c8: c5f8 77e8 

  0x000001bbddb481cc: ; ImmutableOopMap {rbp=Oop [72]=Oop [112]=NarrowOop [124]=NarrowOop [128]=NarrowOop [152]=Oop [160]=Oop [168]=Oop [176]=Oop [184]=Oop [192]=Oop }
                      ;*ifnull {reexecute=1 rethrow=0 return_oop=0}
                      ; - (reexecute) java.util.HashMap::getNode@122 (line 584)
                      ; - java.util.HashMap::containsKey@2 (line 602)
                      ; - java.util.HashSet::contains@5 (line 213)
                      ; - ai.onnxruntime.OrtSession::run@225 (line 351)
  0x000001bbddb481cc: 30c4 63ff 

  0x000001bbddb481d0: ;   {other}
  0x000001bbddb481d0: 0f1f 8400 | c04e 0082 | ba45 ffff | ff4c 8b54 | 2450 4c89 | 5424 4844 | 8944 246c | 448b 9424 
  0x000001bbddb481f0: 8400 0000 | 4489 5424 | 7044 8b5c | 2478 4489 | 5c24 7444 | 8b54 247c | 4489 5424 | 7844 8b9c 
  0x000001bbddb48210: 2480 0000 | 0044 895c | 247c 6690 

  0x000001bbddb4821c: ;   {runtime_call UncommonTrapBlob}
  0x000001bbddb4821c: c5f8 77e8 

  0x000001bbddb48220: ; ImmutableOopMap {rbp=Oop [72]=Oop [108]=NarrowOop [120]=NarrowOop [124]=NarrowOop [152]=Oop [160]=Oop [168]=Oop [176]=Oop [184]=Oop [192]=Oop }
                      ;*ifnull {reexecute=1 rethrow=0 return_oop=0}
                      ; - (reexecute) java.util.HashMap::getNode@122 (line 584)
                      ; - java.util.HashMap::containsKey@2 (line 602)
                      ; - java.util.HashSet::contains@5 (line 213)
                      ; - ai.onnxruntime.OrtSession::run@225 (line 351)
  0x000001bbddb48220: dcc3 63ff 

  0x000001bbddb48224: ;   {other}
  0x000001bbddb48224: 0f1f 8400 | 144f 0083 | 488b d0eb | 6f48 8bd0 | eb6a eb46 | eb4b eb5c | 488b d0eb | 5feb 55eb 
  0x000001bbddb48244: 5348 8bd0 | eb56 488b | d0eb 51eb | 47eb 4548 | 8bd0 eb48 | 488b d0eb | 4348 8bd0 | eb3e 488b 
  0x000001bbddb48264: d0eb 3948 | 8bd0 eb34 | eb1e eb23 | eb1a eb1f | eb08 eb0d | eb12 eb17 | eb00 488b | d0eb 1deb 
  0x000001bbddb48284: 0048 8bd0 | eb16 eb00 | 488b d0eb | 0feb 0048 | 8bd0 eb08 | 488b d0eb | 0348 8bd0 | c5f8 7748 
  0x000001bbddb482a4: 81c4 0001 

  0x000001bbddb482a8: ;   {runtime_call _rethrow_Java}
  0x000001bbddb482a8: 0000 5de9 | 5080 79ff 

  0x000001bbddb482b0: ;   {internal_word}
  0x000001bbddb482b0: 49ba 8056 | b4dd bb01 | 0000 4d89 | 9768 0400 

  0x000001bbddb482c0: ;   {runtime_call SafepointBlob}
  0x000001bbddb482c0: 00e9 3ad4 | 63ff 4883 | ec08 c5fb 

  0x000001bbddb482cc: ;   {runtime_call StubRoutines (initial stubs)}
  0x000001bbddb482cc: 1104 24e8 | c38e 5eff | 415b e997 

  0x000001bbddb482d8: ;   {runtime_call StubRoutines (final stubs)}
  0x000001bbddb482d8: cdff ffe8 | 80ca 61ff | e939 b6ff | fff4 f4f4 
[Stub Code]
  0x000001bbddb482e8: ;   {no_reloc}
  0x000001bbddb482e8: 48bb 0000 | 0000 0000 

  0x000001bbddb482f0: ;   {runtime_call}
  0x000001bbddb482f0: 0000 e9fb 

  0x000001bbddb482f4: ;   {static_stub}
  0x000001bbddb482f4: ffff ff48 | bb00 0000 | 0000 0000 

  0x000001bbddb48300: ;   {runtime_call}
  0x000001bbddb48300: 00e9 fbff 

  0x000001bbddb48304: ;   {static_stub}
  0x000001bbddb48304: ffff 48bb | 0000 0000 | 0000 0000 

  0x000001bbddb48310: ;   {runtime_call}
  0x000001bbddb48310: e9fb ffff 

  0x000001bbddb48314: ;   {static_stub}
  0x000001bbddb48314: ff48 bb00 | 0000 0000 

  0x000001bbddb4831c: ;   {runtime_call}
  0x000001bbddb4831c: 0000 00e9 | fbff ffff 

  0x000001bbddb48324: ;   {static_stub}
  0x000001bbddb48324: 48bb 0000 | 0000 0000 

  0x000001bbddb4832c: ;   {runtime_call}
  0x000001bbddb4832c: 0000 e9fb 

  0x000001bbddb48330: ;   {runtime_call ExceptionBlob}
  0x000001bbddb48330: ffff ffe9 | 4816 70ff 
[Deopt Handler Code]
  0x000001bbddb48338: e800 0000 | 0048 832c 

  0x000001bbddb48340: ;   {runtime_call DeoptimizationBlob}
  0x000001bbddb48340: 2405 e959 | c663 fff4 
[/MachCode]


Compiled method (c2)  215235 5180   !   4       game.integration_project1_zaroc.model.ai.ZarocNeuralNet::evaluateBoard (275 bytes)
 total in heap  [0x000001bbddb30a90,0x000001bbddb35780] = 19696
 relocation     [0x000001bbddb30bf0,0x000001bbddb30f60] = 880
 constants      [0x000001bbddb30f60,0x000001bbddb30fa0] = 64
 main code      [0x000001bbddb30fa0,0x000001bbddb33b78] = 11224
 stub code      [0x000001bbddb33b78,0x000001bbddb33c60] = 232
 oops           [0x000001bbddb33c60,0x000001bbddb33c70] = 16
 metadata       [0x000001bbddb33c70,0x000001bbddb33eb8] = 584
 scopes data    [0x000001bbddb33eb8,0x000001bbddb34ca0] = 3560
 scopes pcs     [0x000001bbddb34ca0,0x000001bbddb353d0] = 1840
 dependencies   [0x000001bbddb353d0,0x000001bbddb35430] = 96
 handler table  [0x000001bbddb35430,0x000001bbddb35658] = 552
 nul chk table  [0x000001bbddb35658,0x000001bbddb35780] = 296


[Constant Pool]
             Address          hex4                    hex8      
  0x000001bbddb30f60:   0x00000000      0x3ff0000000000000      
  0x000001bbddb30f64:   0x3ff00000                              
  0x000001bbddb30f68:   0x00000000      0x3fe0000000000000      
  0x000001bbddb30f6c:   0x3fe00000                              
  0x000001bbddb30f70:   0x47ae147b      0x3f847ae147ae147b      
  0x000001bbddb30f74:   0x3f847ae1                              
  0x000001bbddb30f78:   0x7ae147ae      0x3fefae147ae147ae      
  0x000001bbddb30f7c:   0x3fefae14                              
  0x000001bbddb30f80:   0x00000000      0xbff0000000000000      
  0x000001bbddb30f84:   0xbff00000                              
  0x000001bbddb30f88:   0xf4f4f4f4      0xf4f4f4f4f4f4f4f4      
  0x000001bbddb30f8c:   0xf4f4f4f4                              
  0x000001bbddb30f90:   0xf4f4f4f4      0xf4f4f4f4f4f4f4f4      
  0x000001bbddb30f94:   0xf4f4f4f4                              
  0x000001bbddb30f98:   0xf4f4f4f4      0xf4f4f4f4f4f4f4f4      
  0x000001bbddb30f9c:   0xf4f4f4f4                              

[MachCode]
[Entry Point]
  # {method} {0x000001bbef0aa8a8} 'evaluateBoard' '(Lgame/integration_project1_zaroc/model/gamelogic/Game;Ljava/lang/String;)D' in 'game/integration_project1_zaroc/model/ai/ZarocNeuralNet'
  # this:     rdx:rdx   = 'game/integration_project1_zaroc/model/ai/ZarocNeuralNet'
  # parm0:    r8:r8     = 'game/integration_project1_zaroc/model/gamelogic/Game'
  # parm1:    r9:r9     = 'java/lang/String'
  #           [sp+0x90]  (sp of caller)
  0x000001bbddb30fa0: ;   {no_reloc}
  0x000001bbddb30fa0: 448b 5208 | 49bb 0000 | 0080 bb01 | 0000 4d03 | d349 3bc2 

  0x000001bbddb30fb4: ;   {runtime_call ic_miss_stub}
  0x000001bbddb30fb4: 0f85 c6d7 | 64ff 6690 | 0f1f 4000 
[Verified Entry Point]
  0x000001bbddb30fc0: 8984 2400 | 80ff ff55 | 4881 ec80 | 0000 0090 | 4181 7f20 | 8e00 0000 | 0f85 8c2b | 0000 4c89 
  0x000001bbddb30fe0: 4c24 304c | 8944 2428 | 4889 5424 | 3844 0fb6 | 5a0c 4585 | db0f 8431 | 1c00 0044 | 8b52 1445 
  0x000001bbddb31000: 85d2 0f84 | 3c1c 0000 | 498b d090 

  0x000001bbddb3100c: ;   {static_call}
  0x000001bbddb3100c: c5f8 77e8 

  0x000001bbddb31010: ; ImmutableOopMap {[40]=Oop [48]=Oop [56]=Oop }
                      ;*invokestatic encodeBoard {reexecute=0 rethrow=0 return_oop=1}
                      ; - game.integration_project1_zaroc.model.ai.ZarocNeuralNet::evaluateBoard@19 (line 63)
  0x000001bbddb31010: 4c7e fcff 

  0x000001bbddb31014: ;   {other}
  0x000001bbddb31014: 0f1f 8400 | 8405 0000 | 488b e849 | 8b87 b801 | 0000 4c8b | d049 83c2 | 204d 3b97 | c801 0000 
  0x000001bbddb31034: 0f83 0914 | 0000 4d89 | 97b8 0100 | 0041 0f18 | 8200 0100 | 0048 c700 | 0100 0000 | 410f 1882 
  0x000001bbddb31054: 4001 0000 

  0x000001bbddb31058: ;   {metadata({type array long})}
  0x000001bbddb31058: c740 0880 | 2a00 0041 | 0f18 8280 | 0100 00c7 | 400c 0200 | 0000 4c89 | 6018 48c7 | 4010 0100 
  0x000001bbddb31078: 0000 488b | d84c 8bcd 

  0x000001bbddb31080: ; implicit exception: dispatches to 0x000001bbddb33194
  0x000001bbddb31080: 458b 510c | 498b bfb8 | 0100 004c | 8b5c 2438 | 418b 6b10 | 4c8b df49 | 83c3 384d | 63c2 4c89 
  0x000001bbddb310a0: 4318 4d3b | 9fc8 0100 | 000f 83ba | 1300 004d | 899f b801 | 0000 410f | 1883 0001 | 0000 48c7 
  0x000001bbddb310c0: 0701 0000 

  0x000001bbddb310c4: ;   {metadata('java/nio/HeapFloatBuffer')}
  0x000001bbddb310c4: 00c7 4708 | b096 0e01 | 4c89 6710 | 4489 6718 | 4489 6724 | 4c89 6728 | 4c89 6730 | c747 0cff 
  0x000001bbddb310e4: ffff ff44 | 8957 1c44 | 8957 204d | 8bd9 49c1 | eb03 4489 | 5f30 4d8b | d14c 8bdf | 4d33 d349 
  0x000001bbddb31104: c1ea 154d | 85d2 741a | 49c1 eb09 | 48b9 00a0 | c9e2 bb01 | 0000 4903 | cb80 3902 | 0f85 3d10 
  0x000001bbddb31124: 0000 4489 | 6728 48c7 | 4710 1000 | 0000 458b | 54ec 0c47 | 0fb6 44d4 | 0d45 85c0 | 0f85 5219 
  0x000001bbddb31144: 0000 4889 | 5c24 404b | 8d2c d444 | 8954 2448 

  0x000001bbddb31154: ;   {oop(a 'ai/onnxruntime/OnnxJavaType'{0x0000000704a03578})}
  0x000001bbddb31154: 488b d749 | b878 35a0 | 0407 0000 | 0066 6690 

  0x000001bbddb31164: ;   {static_call}
  0x000001bbddb31164: c5f8 77e8 

  0x000001bbddb31168: ; ImmutableOopMap {rbp=Oop [40]=Oop [48]=Oop [56]=Oop [64]=Oop [72]=NarrowOop }
                      ;*invokestatic prepareBuffer {reexecute=0 rethrow=0 return_oop=1}
                      ; - ai.onnxruntime.OnnxTensor::createTensor@2 (line 754)
                      ; - ai.onnxruntime.OnnxTensor::createTensor@17 (line 491)
                      ; - ai.onnxruntime.OnnxTensor::createTensor@7 (line 470)
                      ; - game.integration_project1_zaroc.model.ai.ZarocNeuralNet::evaluateBoard@48 (line 66)
  0x000001bbddb31168: 544b 0000 

  0x000001bbddb3116c: ;   {other}
  0x000001bbddb3116c: 0f1f 8400 | dc06 0001 

  0x000001bbddb31174: ; implicit exception: dispatches to 0x000001bbddb33208
  0x000001bbddb31174: 448b 5824 | 4889 4424 | 5049 8bd3 | 48c1 e203 | 4c8b 4424 

  0x000001bbddb31188: ;   {oop(a 'ai/onnxruntime/OnnxJavaType'{0x0000000704a03578})}
  0x000001bbddb31188: 4049 b978 | 35a0 0407 | 0000 0090 

  0x000001bbddb31194: ;   {static_call}
  0x000001bbddb31194: c5f8 77e8 

  0x000001bbddb31198: ; ImmutableOopMap {rbp=Oop [40]=Oop [48]=Oop [56]=Oop [64]=Oop [72]=NarrowOop [80]=Oop }
                      ;*invokestatic constructFromBuffer {reexecute=0 rethrow=0 return_oop=1}
                      ; - ai.onnxruntime.OnnxTensor::createTensor@14 (line 755)
                      ; - ai.onnxruntime.OnnxTensor::createTensor@17 (line 491)
                      ; - ai.onnxruntime.OnnxTensor::createTensor@7 (line 470)
                      ; - game.integration_project1_zaroc.model.ai.ZarocNeuralNet::evaluateBoard@48 (line 66)
  0x000001bbddb31198: a446 ffff 

  0x000001bbddb3119c: ;   {other}
  0x000001bbddb3119c: 0f1f 8400 | 0c07 0002 | 4889 4424 | 2049 8b87 | b801 0000 | 4c8b d049 | 83c2 284d | 3b97 c801 
  0x000001bbddb311bc: 0000 0f83 | f912 0000 | 4d89 97b8 | 0100 0041 | 0f18 8200 | 0100 0048 | c700 0100 

  0x000001bbddb311d8: ;   {metadata('ai/onnxruntime/OnnxTensor')}
  0x000001bbddb311d8: 0000 c740 | 0850 9c2f | 0144 8960 | 0c4c 8960 | 104c 8960 | 184c 8960 | 204c 8b54 | 2420 458b 
  0x000001bbddb311f8: 5a24 478b | 5cdc 1848 | 8944 2460 | 4c89 5424 | 584c 8b4c | 2450 498b | 7110 448b | 4424 484f 
  0x000001bbddb31218: 8b44 c410 | 458b 5124 | 418b 790c | 4d8b ca49 

  0x000001bbddb31228: ;   {oop(a 'java/lang/Class'{0x0000000704c23ee8} = 'ai/onnxruntime/OnnxRuntime')}
  0x000001bbddb31228: c1e1 0349 | bae8 3ec2 | 0407 0000 | 0049 8b92 | b000 0000 | 4889 6c24 | 2048 8b4c | 2440 4489 
  0x000001bbddb31248: 1c24 488b | e866 6690 

  0x000001bbddb31250: ;   {static_call}
  0x000001bbddb31250: c5f8 77e8 

  0x000001bbddb31254: ; ImmutableOopMap {rbp=Oop [32]=Oop [40]=Oop [48]=Oop [56]=Oop [72]=NarrowOop [80]=Oop [88]=Oop [96]=Oop }
                      ;*invokestatic createTensorFromBuffer {reexecute=0 rethrow=0 return_oop=0}
                      ; - ai.onnxruntime.OnnxTensor::createTensor@54 (line 757)
                      ; - ai.onnxruntime.OnnxTensor::createTensor@17 (line 491)
                      ; - ai.onnxruntime.OnnxTensor::createTensor@7 (line 470)
                      ; - game.integration_project1_zaroc.model.ai.ZarocNeuralNet::evaluateBoard@48 (line 66)
  0x000001bbddb31254: 88fc f9ff 

  0x000001bbddb31258: ;   {other}
  0x000001bbddb31258: 0f1f 8400 | c807 0003 | 488b d841 | 807f 4000 | 0f85 500e | 0000 4889 | 5d10 4c8b | 5c24 5041 
  0x000001bbddb31278: 0fb6 5b20 | 448b 4424 | 484f 8b54 | c410 4c89 | 5518 418b | 7324 4c8b | 5424 584d | 8bda 49c1 
  0x000001bbddb31298: eb03 4489 | 5d20 488b | fe48 c1e7 | 034c 8bdd | 4d33 d349 | c1ea 154d | 85d2 741a | 49c1 eb09 
  0x000001bbddb312b8: 48b9 00a0 | c9e2 bb01 | 0000 4903 | cb80 3902 | 0f85 e60e | 0000 4488 | 650c 4180 | 7f40 000f 
  0x000001bbddb312d8: 85aa 0d00 | 0089 7524 | 4c8b d74c | 8bdd 4d33 | d349 c1ea | 154d 85d2 | 741e 85f6 | 741a 49c1 
  0x000001bbddb312f8: eb09 48b9 | 00a0 c9e2 | bb01 0000 | 4903 cb80 | 3902 0f85 | 460f 0000 | 885d 0d49 | 8b87 b801 
  0x000001bbddb31318: 0000 4c8b | d049 83c2 | 304d 3b97 | c801 0000 | 0f83 af11 | 0000 4d89 | 97b8 0100 | 0041 0f18 
  0x000001bbddb31338: 8200 0100 | 0048 c700 | 0100 0000 

  0x000001bbddb31344: ;   {metadata('java/util/HashMap')}
  0x000001bbddb31344: c740 08a0 | d408 0044 | 8960 0c4c | 8960 104c | 8960 184c | 8960 2848 | c740 2000 | 0040 3f48 
  0x000001bbddb31364: 8944 2458 | 4c8b 5424 | 3845 8b42 | 1447 0fb6 | 5cc4 0c45 | 85db 0f85 | 4817 0000 | 478b 5cc4 
  0x000001bbddb31384: 2c47 8b44 

  0x000001bbddb31388: ;   {metadata('java/util/LinkedHashSet')}
  0x000001bbddb31388: dc08 4181 | f860 9b0f | 000f 8519 | 1300 004f | 8d14 dc45 | 8b5a 0c47 | 8b54 dc08 | 4b8d 2cdc 
  0x000001bbddb313a8: ;   {metadata('java/util/LinkedHashMap')}
  0x000001bbddb313a8: 4181 fae8 | ef0f 000f | 8577 0b00 | 0044 8b55 | 0c47 8b44 

  0x000001bbddb313bc: ;   {metadata('java/util/LinkedHashMap$LinkedKeySet')}
  0x000001bbddb313bc: d408 4181 | f8a8 7906 | 010f 8591 | 1d00 004b | 8d1c d444 

  0x000001bbddb313d0: ;   {metadata('java/util/LinkedHashMap$LinkedKeySet')}
  0x000001bbddb313d0: 8b53 0841 | 81fa a879 | 0601 0f85 | f909 0000 | 4d8b afb8 | 0100 004d | 8bd5 4983 | c220 4d3b 
  0x000001bbddb313f0: 97c8 0100 | 000f 8302 | 1100 004d | 8997 b801 | 0000 410f | 1882 0001 | 0000 49c7 | 4500 0100 
  0x000001bbddb31410: ;   {metadata('java/util/LinkedHashMap$LinkedKeyIterator')}
  0x000001bbddb31410: 0000 41c7 | 4508 e87e | 0601 4589 | 650c 4d89 | 6510 4d89 | 6518 440f | b65b 0c45 | 885d 108b 
  0x000001bbddb31430: 5b10 4189 | 5d1c 4585 | db0f 85f1 | 1900 0045 | 8b5c dc34 | 4589 5d14 | 4d8b d349 | c1e2 034d 
  0x000001bbddb31450: 8bc5 4d33 | d049 c1ea | 154d 85d2 | 741f 4585 | db74 1a49 | c1e8 0948 | b900 a0c9 | e2bb 0100 
  0x000001bbddb31470: 0049 03c8 | 8039 020f | 85b7 0e00 | 0041 807f | 4000 0f85 | 750e 0000 | 458b 54dc | 1845 8955 
  0x000001bbddb31490: 0c45 8965 | 1848 bd00 | a0c9 e2bb | 0100 0045 

  0x000001bbddb314a0: ;   {metadata('java/util/LinkedHashMap$LinkedKeyIterator')}
  0x000001bbddb314a0: 8b5d 0841 | 81fb e87e | 0601 0f85 | 3812 0000 | 458b 5d1c 

  0x000001bbddb314b4: ; implicit exception: dispatches to 0x000001bbddb33304
  0x000001bbddb314b4: 478b 5cdc | 1845 8b55 | 0c45 3bda | 0f85 9617 | 0000 418b | 7d14 85ff | 0f84 c217 | 0000 4180 
  0x000001bbddb314d4: 7f40 000f | 8518 0c00 | 0041 897d | 184d 8d14 | fc4d 8bdd | 4d33 d349 | c1ea 154d | 85d2 741a 
  0x000001bbddb314f4: 49c1 eb09 | 48b9 00a0 | c9e2 bb01 | 0000 4903 | cb80 3902 | 0f85 f70c | 0000 450f | b65d 1045 
  0x000001bbddb31514: 85db 0f85 | ac17 0000 | 4180 7f40 | 000f 8505 | 0c00 0045 | 8b54 fc20 | 4589 5514 | 4d8b dd4d 
  0x000001bbddb31534: 8bc2 49c1 | e003 4d33 | c349 c1e8 | 154d 85c0 | 7416 4585 | d274 1149 | c1eb 0949 | 03eb 807d 
  0x000001bbddb31554: 0002 0f85 | 4b0d 0000 | 458b 5cfc | 1047 8b44 

  0x000001bbddb31564: ;   {metadata('java/lang/String')}
  0x000001bbddb31564: dc08 4181 | f8d8 e800 | 000f 85f9 | 1a00 004f | 8d0c dc45 | 8b51 0c45 | 85d2 740f | 458b c241 
  0x000001bbddb31584: c1e8 1045 | 33c2 e912 | 0200 0045 | 0fb6 5111 | 4585 d20f | 85e2 0a00 | 0045 8b59 | 1441 8079 
  0x000001bbddb315a4: 1000 0f85 | 920f 0000 

  0x000001bbddb315ac: ; implicit exception: dispatches to 0x000001bbddb33640
  0x000001bbddb315ac: 438b 54dc | 0c4f 8d14 | dc4b 8d7c | dc10 83fa | 020f 8cc2 | 0d00 0033 | db83 fa20 | 0f8c 6e01 
  0x000001bbddb315cc: 0000 4533 | d2c5 d5ef | edc5 cdef | f6c5 c5ef | ffc4 413d 

  0x000001bbddb315e0: ;   {external_word}
  0x000001bbddb315e0: efc0 48b9 | 2048 a584 | fd7f 0000 | 448b 19c4 | c179 6ec3 | c4e2 7d58 | c08b ca83 | e1e0 410f 
  0x000001bbddb31600: afdb c421 | 7a7e 0c17 | c421 7a7e | 5417 08c4 | 217a 7e5c | 1710 c421 | 7a7e 6417 | 18c4 e255 
  0x000001bbddb31620: 40e8 c442 | 7d31 c9c4 | c155 fee9 | c4e2 4d40 | f0c4 427d | 31d2 c4c1 | 4dfe f2c4 | e245 40f8 
  0x000001bbddb31640: c442 7d31 | dbc4 c145 | fefb c462 | 3d40 c0c4 | 427d 31e4 | c441 3dfe | c441 83c2 | 2044 3bd1 
  0x000001bbddb31660: 7c9c 488d | 3c0f 2bd1 

  0x000001bbddb31668: ;   {external_word}
  0x000001bbddb31668: 48b9 2448 | a584 fd7f | 0000 c5fe | 6f09 c4e2 

  0x000001bbddb31678: ;   {external_word}
  0x000001bbddb31678: 5540 e948 | b944 48a5 | 84fd 7f00 | 00c5 fe6f | 11c4 e24d 

  0x000001bbddb3168c: ;   {external_word}
  0x000001bbddb3168c: 40f2 48b9 | 6448 a584 | fd7f 0000 | c5fe 6f19 | c4e2 4540 

  0x000001bbddb316a0: ;   {external_word}
  0x000001bbddb316a0: fb48 b984 | 48a5 84fd | 7f00 00c5 | fe6f 21c4 | 623d 40c4 | c462 5502 | cdc4 437d | 39ca 01c4 
  0x000001bbddb316c0: 4131 feca | c442 3102 | c9c5 796e | d3c4 4131 | feca c579 | 7ecb c462 | 4d02 dec4 | 437d 39dc 
  0x000001bbddb316e0: 01c4 4121 | fedc c442 | 2102 dbc5 | 796e e3c4 | 4121 fedc | c579 7edb | c462 4502 | cfc4 437d 
  0x000001bbddb31700: 39ca 01c4 | 4131 feca | c442 3102 | c9c5 796e | d3c4 4131 | feca c579 | 7ecb c442 | 3d02 d8c4 
  0x000001bbddb31720: 437d 39dc | 01c4 4121 | fedc c442 | 2102 dbc5 | 796e e3c4 | 4121 fedc | c579 7edb | 41ba 0100 
  0x000001bbddb31740: 0000 443b | d20f 8d2e | 0000 0041 | bbc1 0300 | 0041 0faf | db42 0fb6 | 4c17 ff44 | 8bd9 41c1 
  0x000001bbddb31760: e305 442b | d941 03db | 460f b61c | 1741 03db | 4183 c202 | 443b d27c | d27f 108b | cbc1 e305 
  0x000001bbddb31780: 2bd9 460f | b65c 17ff | 4103 db85 | db0f 84f4 | 0d00 0041 | 8959 0c44 | 8bc3 41c1 | e810 4433 
  0x000001bbddb317a0: ;   {no_reloc}
  0x000001bbddb317a0: c348 8b6c | 2438 488b | 5424 5848 | 8b7c 2460 | 33f6 b901 | 0000 0090 

  0x000001bbddb317b8: ;   {optimized virtual_call}
  0x000001bbddb317b8: c5f8 77e8 

  0x000001bbddb317bc: ; ImmutableOopMap {rbp=Oop [40]=Oop [48]=Oop [56]=Oop [88]=Oop [96]=Oop }
                      ;*invokevirtual putVal {reexecute=0 rethrow=0 return_oop=1}
                      ; - java.util.HashMap::put@9 (line 618)
                      ; - game.integration_project1_zaroc.model.ai.ZarocNeuralNet::evaluateBoard@86 (line 68)
  0x000001bbddb317bc: c0ac e2ff 

  0x000001bbddb317c0: ;   {other}
  0x000001bbddb317c0: 0f1f 8400 | 300d 0004 | 448b 5514 

  0x000001bbddb317cc: ; implicit exception: dispatches to 0x000001bbddb33364
  0x000001bbddb317cc: 478b 44d4 | 304b 8d14 | d44d 8bc8 | 49c1 e103 

  0x000001bbddb317dc: ;   {oop(a 'java/util/Collections$EmptyMap'{0x0000000703476368})}
  0x000001bbddb317dc: 33f6 48bf | 6863 4703 | 0700 0000 | 4c8b 4424 | 5866 6690 

  0x000001bbddb317f0: ;   {optimized virtual_call}
  0x000001bbddb317f0: c5f8 77e8 

  0x000001bbddb317f4: ; ImmutableOopMap {[40]=Oop [48]=Oop [96]=Oop }
                      ;*invokevirtual run {reexecute=0 rethrow=0 return_oop=1}
                      ; - ai.onnxruntime.OrtSession::run@7 (line 242)
                      ; - ai.onnxruntime.OrtSession::run@6 (line 210)
                      ; - game.integration_project1_zaroc.model.ai.ZarocNeuralNet::evaluateBoard@98 (line 70)
  0x000001bbddb317f4: 0821 0100 

  0x000001bbddb317f8: ;   {other}
  0x000001bbddb317f8: 0f1f 8400 | 680d 0005 

  0x000001bbddb31800: ; implicit exception: dispatches to 0x000001bbddb33388
  0x000001bbddb31800: 440f b658 | 0c45 85db | 0f85 7213 | 0000 448b | 4014 478b 

  0x000001bbddb31814: ;   {metadata('java/util/ArrayList')}
  0x000001bbddb31814: 54c4 0841 | 81fa 38b6 | 0b00 0f85 | f80e 0000 | 4f8d 1cc4 | 458b 5310 | 4585 d20f | 8c17 0f00 
  0x000001bbddb31834: 0045 85d2 | 0f84 cf0d | 0000 458b | 5314 478b | 5cd4 0c45 | 85db 0f86 | 300f 0000 | 478b 5cd4 
  0x000001bbddb31854: 1047 8b44 

  0x000001bbddb31858: ;   {metadata('ai/onnxruntime/OnnxTensor')}
  0x000001bbddb31858: dc08 4181 | f850 9c2f | 010f 8539 | 1800 0048 | 8944 2438 | 4b8d 14dc 

  0x000001bbddb31870: ;   {optimized virtual_call}
  0x000001bbddb31870: c5f8 77e8 

  0x000001bbddb31874: ; ImmutableOopMap {[40]=Oop [48]=Oop [56]=Oop [96]=Oop }
                      ;*invokeinterface getValue {reexecute=0 rethrow=0 return_oop=1}
                      ; - game.integration_project1_zaroc.model.ai.ZarocNeuralNet::evaluateBoard@109 (line 71)
  0x000001bbddb31874: a829 ffff 

  0x000001bbddb31878: ;   {other}
  0x000001bbddb31878: 0f1f 8400 | e80d 0006 

  0x000001bbddb31880: ; implicit exception: dispatches to 0x000001bbddb33428
  0x000001bbddb31880: 448b 5008 

  0x000001bbddb31884: ;   {metadata({type array float}[])}
  0x000001bbddb31884: 4181 fa28 | 9a0e 010f | 853f 1800 | 0044 8b50 | 0c45 85d2 | 0f86 120f | 0000 448b | 4010 478b 
  0x000001bbddb318a4: 54c4 0c45 | 85d2 0f86 | 340f 0000 | c481 7a5a 

  0x000001bbddb318b4: ;   {section_word}
  0x000001bbddb318b4: 44c4 10c5 | fb58 05a1 

  0x000001bbddb318bc: ;   {section_word}
  0x000001bbddb318bc: f6ff ffc5 | fb59 0da1 | f6ff ff4c | 8b54 2428 

  0x000001bbddb318cc: ; implicit exception: dispatches to 0x000001bbddb33470
  0x000001bbddb318cc: 458b 421c 

  0x000001bbddb318d0: ; implicit exception: dispatches to 0x000001bbddb33490
  0x000001bbddb318d0: 478b 54c4 | 1045 85d2 | 0f84 2614 | 0000 458d | 5aff 4585 | d20f 8c2d | 0f00 0045 | 3bda 0f83 
  0x000001bbddb318f0: 4c0d 0000 | 478b 54c4 | 1447 8b4c | d40c 453b | d90f 8375 | 0d00 0049 | c1e2 0347 | 8b44 9a10 
  0x000001bbddb31910: ; implicit exception: dispatches to 0x000001bbddb334e0
  0x000001bbddb31910: 478b 54c4 

  0x000001bbddb31914: ;   {metadata('game/integration_project1_zaroc/model/gamelogic/Turn')}
  0x000001bbddb31914: 0841 81fa | 8010 2e01 | 0f85 e217 | 0000 4f8d | 14c4 458b | 5a14 478b | 54dc 1443 | 0fbe 5cd4 
  0x000001bbddb31934: 1085 db0f | 8573 1200 | 0047 8b5c | d414 478b | 4cdc 0c45 | 85c9 7630 | 430f b64c | dc10 83f9 
  0x000001bbddb31954: 200f 8e2d | 1400 0041 | 8d49 ff41 | 3bc9 0f83 | 9e0f 0000 | 4f8d 04dc | 470f b644 | 080f 4183 
  0x000001bbddb31974: f820 0f8e | 4c14 0000 | 4b8d 14d4 | 488b 7c24 | 3048 3bd7 | 7432 4885 | ff74 2144 | 8b5f 1447 
  0x000001bbddb31994: 8b54 dc0c | c4c2 62f7 | c944 0fbe | 5f10 c442 | 22f7 da44 | 3bd9 0f84 | 9b05 0000 

  0x000001bbddb319b0: ;   {section_word}
  0x000001bbddb319b0: c5fb 1005 | a8f5 ffff | c5fb 5cc9 | 4c8b 5424 | 3845 0fb6 

  0x000001bbddb319c4: ;   {section_word}
  0x000001bbddb319c4: 5a0c c5fb | 1005 aaf5 

  0x000001bbddb319cc: ;   {section_word}
  0x000001bbddb319cc: ffff c5fb | 1015 9af5 | ffff c463 | 714b c010 | c4e3 794b | d910 c5bb | 5dfb c4c1 | 39c2 d803 
  0x000001bbddb319ec: c4c3 414b | c030 c4e3 | 694b f020 | c4e3 794b | e220 c5db | 5fee c5d9 | c2f4 03c4 | e351 4bc4 
  0x000001bbddb31a0c: 6045 85db | 0f85 d611 | 0000 41c6 | 420c 0145 | 8b5a 1447 | 8b4c dc08 

  0x000001bbddb31a24: ;   {metadata('java/util/ArrayList')}
  0x000001bbddb31a24: 4181 f938 | b60b 000f | 8523 0e00 | 0049 c1e3 | 0345 8b5b | 1045 85db | 0f8e 2102 | 0000 33ed 
  0x000001bbddb31a44: 458b 4a18 

  0x000001bbddb31a48: ; implicit exception: dispatches to 0x000001bbddb3357c
  0x000001bbddb31a48: 478b 5ccc | 0c41 3beb | 0f83 ee0e | 0000 4f8d | 1ccc 4c63 | cd47 0fb6 | 5c0b 1045 | 85db 0f84 
  0x000001bbddb31a68: 9c13 0000 | 458b 4214 

  0x000001bbddb31a70: ; implicit exception: dispatches to 0x000001bbddb33598
  0x000001bbddb31a70: 478b 5cc4 

  0x000001bbddb31a74: ;   {metadata('java/util/ArrayList')}
  0x000001bbddb31a74: 0841 81fb | 38b6 0b00 | 0f85 3e0f | 0000 49c1 | e003 458b | 5810 4585 | db0f 8c55 | 0f00 0041 
  0x000001bbddb31a94: 3beb 0f83 | d00e 0000 | 458b 5814 

  0x000001bbddb31aa0: ; implicit exception: dispatches to 0x000001bbddb335b4
  0x000001bbddb31aa0: 438b 4cdc | 0c3b e90f | 83eb 0e00 | 0049 c1e3 | 0347 8b44 | 8b10 478b 

  0x000001bbddb31ab8: ;   {metadata('ai/onnxruntime/OnnxTensor')}
  0x000001bbddb31ab8: 5cc4 0841 | 81fb 509c | 2f01 0f85 | 6c16 0000 | 4f8d 1cc4 | 488d 5c24 | 7049 8b03 | a802 0f85 
  0x000001bbddb31ad8: 2300 0000 | 4883 c801 | 4889 03f0 | 490f b11b | 0f84 3700 | 0000 482b | c448 2507 | f0ff ff48 
  0x000001bbddb31af8: 8903 e924 | 0000 004c | 8bc0 4833 | c0f0 4d0f | b178 3e48 | c703 0300 | 0000 7411 | 4c3b f875 
  0x000001bbddb31b18: 1549 ff80 | 8600 0000 | 4833 c075 | 0949 ff87 | 5005 0000 | 33c0 0f85 | e00e 0000 | 450f b643 
  0x000001bbddb31b38: 0c45 85c0 | 0f85 fa11 | 0000 c5fb | 1144 2428 | 4c89 5424 | 204d 8b4b | 104c 895c 

  0x000001bbddb31b54: ;   {oop(a 'java/lang/Class'{0x0000000704c23ee8} = 'ai/onnxruntime/OnnxRuntime')}
  0x000001bbddb31b54: 2430 49ba | e83e c204 | 0700 0000 | 4d8b 82b0 | 0000 0049 | 8bd3 6690 

  0x000001bbddb31b6c: ;   {optimized virtual_call}
  0x000001bbddb31b6c: c5f8 77e8 

  0x000001bbddb31b70: ; ImmutableOopMap {[32]=Oop [48]=Oop [96]=Oop }
                      ;*invokespecial close {reexecute=0 rethrow=0 return_oop=0}
                      ; - ai.onnxruntime.OnnxTensor::close@15 (line 160)
                      ; - ai.onnxruntime.OrtSession$Result::close@51 (line 1600)
                      ; - game.integration_project1_zaroc.model.ai.ZarocNeuralNet::evaluateBoard@196 (line 82)
  0x000001bbddb31b70: cc4c f9ff 

  0x000001bbddb31b74: ;   {other}
  0x000001bbddb31b74: 0f1f 8400 | e410 0007 | 4c8b 5c24 | 3041 c643 | 0c01 488d | 4424 7048 | 8338 000f | 8479 0000 
  0x000001bbddb31b94: 004d 8b13 | 41f6 c202 | 0f84 6200 | 0000 4983 | ba86 0000 | 0000 7409 | 49ff 8a86 | 0000 00eb 
  0x000001bbddb31bb4: 4b49 8b82 | 9600 0000 | 490b 828e | 0000 0075 | 0a49 c742 | 3e00 0000 | 00eb 3d49 | 83ba 9e00 
  0x000001bbddb31bd4: 0000 0074 | 2248 33c0 | 49c7 423e | 0000 0000 | f083 0424 | 0049 83ba | 9e00 0000 | 0075 0df0 
  0x000001bbddb31bf4: 4d0f b17a | 3e75 0583 | c801 eb0c | a800 eb08 | 4c8b 10f0 | 4d0f b113 | 750a 49ff | 8f50 0500 
  0x000001bbddb31c14: 0045 33d2 | 0f85 330e | 0000 4d8b | 9f58 0400 | 004c 8b54 | 2420 458b 

  0x000001bbddb31c2c: ; ImmutableOopMap {r10=Oop r8=NarrowOop [96]=Oop }
                      ;*goto {reexecute=1 rethrow=0 return_oop=0}
                      ; - (reexecute) ai.onnxruntime.OrtSession$Result::close@59 (line 1597)
                      ; - game.integration_project1_zaroc.model.ai.ZarocNeuralNet::evaluateBoard@196 (line 82)
  0x000001bbddb31c2c: 4214 ffc5 

  0x000001bbddb31c30: ;   {poll}
  0x000001bbddb31c30: 4185 0347 | 8b4c c408 

  0x000001bbddb31c38: ;   {metadata('java/util/ArrayList')}
  0x000001bbddb31c38: 4181 f938 | b60b 000f | 8534 0e00 | 004f 8d1c | c445 8b5b | 1041 3beb | 7d0b c5fb | 1044 2428 
  0x000001bbddb31c58: e9e7 fdff | ffc5 fb10 | 4424 2848 | 8b6c 2460 | 488d 5c24 | 7048 8b45 | 00a8 020f | 8524 0000 
  0x000001bbddb31c78: 0048 83c8 | 0148 8903 | f048 0fb1 | 5d00 0f84 | 3700 0000 | 482b c448 | 2507 f0ff | ff48 8903 
  0x000001bbddb31c98: e924 0000 | 004c 8bd0 | 4833 c0f0 | 4d0f b17a | 3e48 c703 | 0300 0000 | 7411 4c3b | f875 1549 
  0x000001bbddb31cb8: ff82 8600 | 0000 4833 | c075 0949 | ff87 5005 | 0000 33c0 | 0f85 a20b | 0000 440f | b655 0c45 
  0x000001bbddb31cd8: 85d2 0f85 | 2c0f 0000 | c5fb 1144 | 2420 4c8b 

  0x000001bbddb31ce8: ;   {oop(a 'java/lang/Class'{0x0000000704c23ee8} = 'ai/onnxruntime/OnnxRuntime')}
  0x000001bbddb31ce8: 4d10 49ba | e83e c204 | 0700 0000 | 4d8b 82b0 | 0000 0048 | 8b54 2460 

  0x000001bbddb31d00: ;   {optimized virtual_call}
  0x000001bbddb31d00: c5f8 77e8 

  0x000001bbddb31d04: ; ImmutableOopMap {rbp=Oop [96]=Oop }
                      ;*invokespecial close {reexecute=0 rethrow=0 return_oop=0}
                      ; - ai.onnxruntime.OnnxTensor::close@15 (line 160)
                      ; - game.integration_project1_zaroc.model.ai.ZarocNeuralNet::evaluateBoard@206 (line 83)
  0x000001bbddb31d04: 384b f9ff 

  0x000001bbddb31d08: ;   {other}
  0x000001bbddb31d08: 0f1f 8400 | 7812 0009 | c645 0c01 | 488d 4424 | 7048 8338 | 000f 847b | 0000 004c | 8b55 0041 
  0x000001bbddb31d28: f6c2 020f | 8462 0000 | 0049 83ba | 8600 0000 | 0074 0949 | ff8a 8600 | 0000 eb4b | 498b 8296 
  0x000001bbddb31d48: 0000 0049 | 0b82 8e00 | 0000 750a | 49c7 423e | 0000 0000 | eb3e 4983 | ba9e 0000 | 0000 7422 
  0x000001bbddb31d68: 4833 c049 | c742 3e00 | 0000 00f0 | 8304 2400 | 4983 ba9e | 0000 0000 | 750d f04d | 0fb1 7a3e 
  0x000001bbddb31d88: 7505 83c8 | 01eb 0da8 | 00eb 094c | 8b10 f04c | 0fb1 5500 | 750a 49ff | 8f50 0500 | 0045 33d2 
  0x000001bbddb31da8: 0f85 f10a | 0000 c5fb | 1044 2420 | c5f8 7748 | 81c4 8000 

  0x000001bbddb31dbc: ;   {poll_return}
  0x000001bbddb31dbc: 0000 5d49 | 3ba7 5004 | 0000 0f87 | 881d 0000 | c366 6690 | 448d 5e01 | e9a2 0000 

  0x000001bbddb31dd8: ;   {metadata('java/util/HashMap$KeySet')}
  0x000001bbddb31dd8: 0041 81fa | 1840 1a00 | 0f85 2e11 | 0000 4d8b | afb8 0100 | 004d 8bd5 | 4983 c220 | 4d3b 97c8 
  0x000001bbddb31df8: 0100 000f | 8393 0700 | 004d 8997 | b801 0000 | 410f 1882 | 0001 0000 | 49c7 4500 | 0100 0000 
  0x000001bbddb31e18: ;   {metadata('java/util/HashMap$KeyIterator')}
  0x000001bbddb31e18: 41c7 4508 | d082 1a00 | 4589 650c | 4d89 6510 | 4d89 6518 | 448b 5b0c | 4589 5d1c 

  0x000001bbddb31e34: ; implicit exception: dispatches to 0x000001bbddb336b8
  0x000001bbddb31e34: 478b 54dc | 2447 8b4c | dc18 4589 | 4d0c 4585 | d20f 841a | 0200 0043 | 8b6c dc14 | 85ed 0f8e 
  0x000001bbddb31e54: 3411 0000 | 438b 5cd4 | 0c85 db0f | 8657 1100 | 004f 8d34 | d441 bb01 | 0000 0033 | f648 bd00 
  0x000001bbddb31e74: a0c9 e2bb | 0100 0045 | 895d 103b | f30f 8301 | 1000 0041 | 807f 4000 | 0f85 0f05 | 0000 418b 
  0x000001bbddb31e94: 74b6 1041 | 8975 144d | 8bdd 488b | fe48 c1e7 | 034c 8bc7 | 4d33 c349 | c1e8 154d | 85c0 741e 
  0x000001bbddb31eb4: 85f6 741a | 49c1 eb09 | 48b9 00a0 | c9e2 bb01 | 0000 4903 | cb80 3902 | 0f85 0605 | 0000 4d8b 
  0x000001bbddb31ed4: 8f58 0400 

  0x000001bbddb31ed8: ; ImmutableOopMap {r10=NarrowOop rdi=Oop rsi=NarrowOop r13=Oop r14=Oop [40]=Oop [48]=Oop [56]=Oop [88]=Oop [96]=Oop }
                      ;*ifnull {reexecute=1 rethrow=0 return_oop=0}
                      ; - (reexecute) java.util.HashMap$HashIterator::<init>@75 (line 1593)
                      ; - java.util.HashMap$KeyIterator::<init>@2 (line 1626)
                      ; - java.util.HashMap$KeySet::iterator@8 (line 991)
                      ; - java.util.HashSet::iterator@7 (line 182)
                      ; - game.integration_project1_zaroc.model.ai.ZarocNeuralNet::evaluateBoard@71 (line 68)
                      ;   {poll}
  0x000001bbddb31ed8: 0041 8501 | 85f6 0f85 | bbf5 ffff | 418b 7510 | 3bf3 0f8c | e0fe ffff | ba45 ffff | ff48 8b6c 
  0x000001bbddb31ef8: 2438 4c8b | 5424 284c | 8954 2420 | 4c8b 5424 | 304c 8954 | 2428 4c89 | 6c24 4889 | 7424 5089 
  0x000001bbddb31f18: 5c24 5490 

  0x000001bbddb31f1c: ;   {runtime_call UncommonTrapBlob}
  0x000001bbddb31f1c: c5f8 77e8 

  0x000001bbddb31f20: ; ImmutableOopMap {rbp=Oop [32]=Oop [40]=Oop [72]=Oop [88]=Oop [96]=Oop }
                      ;*if_icmpge {reexecute=1 rethrow=0 return_oop=0}
                      ; - (reexecute) java.util.HashMap$HashIterator::<init>@54 (line 1593)
                      ; - java.util.HashMap$KeyIterator::<init>@2 (line 1626)
                      ; - java.util.HashMap$KeySet::iterator@8 (line 991)
                      ; - java.util.HashSet::iterator@7 (line 182)
                      ; - game.integration_project1_zaroc.model.ai.ZarocNeuralNet::evaluateBoard@71 (line 68)
  0x000001bbddb31f20: dc26 65ff 

  0x000001bbddb31f24: ;   {other}
  0x000001bbddb31f24: 0f1f 8400 | 9414 000b 

  0x000001bbddb31f2c: ;   {metadata('java/util/HashMap')}
  0x000001bbddb31f2c: 4181 faa0 | d408 000f | 851b 1000 | 0044 8b5d | 0c45 85db | 7445 4b8d | 1cdc e984 | f4ff ffc5 
  0x000001bbddb31f4c: fb11 4c24 | 2041 b801 | 0000 0045 | 33c9 33f6 | 488b 6c24 | 3866 6690 

  0x000001bbddb31f64: ;   {optimized virtual_call}
  0x000001bbddb31f64: c5f8 77e8 

  0x000001bbddb31f68: ; ImmutableOopMap {rbp=Oop [56]=Oop [96]=Oop }
                      ;*invokevirtual regionMatches {reexecute=0 rethrow=0 return_oop=0}
                      ; - java.lang.String::equalsIgnoreCase@33 (line 1993)
                      ; - game.integration_project1_zaroc.model.ai.ZarocNeuralNet::evaluateBoard@152 (line 77)
  0x000001bbddb31f68: 14cb 64ff 

  0x000001bbddb31f6c: ;   {other}
  0x000001bbddb31f6c: 0f1f 8400 | dc14 000c | 85c0 0f84 | f800 0000 | c5fb 104c | 2420 e935 | faff ff49 | 8b9f b801 
  0x000001bbddb31f8c: 0000 4c8b | d349 83c2 | 104d 3b97 | c801 0000 | 0f83 2709 | 0000 4d89 | 97b8 0100 | 0041 0f18 
  0x000001bbddb31fac: 8200 0100 | 0048 c703 | 0100 0000 

  0x000001bbddb31fb8: ;   {metadata('java/util/HashMap$KeySet')}
  0x000001bbddb31fb8: c743 0818 | 401a 0044 | 8963 0c4c | 8bd5 49c1 | ea03 4489 | 530c 4180 | 7f40 000f | 85fd 0500 
  0x000001bbddb31fd8: 004c 8bd5 | 4c8b db49 | c1eb 0344 | 895d 0c4c | 8bdb 4d33 | da49 c1eb | 154d 85db | 0f84 d5f3 
  0x000001bbddb31ff8: ffff 49c1 | ea09 48b9 | 00a0 c9e2 | bb01 0000 | 4903 ca80 | 3902 0f84 | bbf3 ffff | 4d8b 5748 
  0x000001bbddb32018: 4d8b 5f58 | f083 4424 | c000 8039 | 000f 84a4 | f3ff ff44 | 8821 4d85 | d275 2049 | 8bd7 c5f8 
  0x000001bbddb32038: 7749 ba60 | 2033 84fd | 7f00 0041 

  0x000001bbddb32044: ;   {other}
  0x000001bbddb32044: ffd2 0f1f | 8400 0000 | 0000 e97c | f3ff ff4b | 894c 13f8 | 4983 c2f8 | 4d89 5748 | e96a f3ff 
  0x000001bbddb32064: ff48 bd00 | a0c9 e2bb | 0100 00e9 | 2bf4 ffff | c5fb 104c | 2420 e931 | f9ff ff45 | 33c0 e91a 
  0x000001bbddb32084: f7ff ff44 | 8b5d 2445 | 85db 0f84 | 49f2 ffff | 4d8b 5728 | 498b cb48 | c1e1 034d | 85d2 0f84 
  0x000001bbddb320a4: 780a 0000 | 4d8b 5f38 | 4b89 4c13 | f849 83c2 | f84d 8957 | 28e9 1ff2 | ffff 448b | 5520 4585 
  0x000001bbddb320c4: d20f 84a3 | f1ff ff4d | 8b5f 2849 | 8bca 48c1 | e103 4d85 | db0f 8421 | 0a00 004d | 8b57 384b 
  0x000001bbddb320e4: 894c 1af8 | 4983 c3f8 | 4d89 5f28 | e979 f1ff | ff45 8b5d | 1845 85db | 0f84 dbf3 | ffff 4d8b 
  0x000001bbddb32104: 5728 498b | cb48 c1e1 | 034d 85d2 | 0f84 2a0a | 0000 4d8b | 5f38 4b89 | 4c13 f849 | 83c2 f84d 
  0x000001bbddb32124: 8957 28e9 | b1f3 ffff | 458b 5d14 | 4585 db0f | 84ee f3ff | ff4d 8b57 | 2849 8bcb | 48c1 e103 
  0x000001bbddb32144: ;   {no_reloc}
  0x000001bbddb32144: 4d85 d20f | 8413 0a00 | 004d 8b5f | 384b 894c | 13f8 4983 | c2f8 4d89 | 5728 e9c4 | f3ff ff4d 
  0x000001bbddb32164: 8b57 584d | 8b5f 48f0 | 8344 24c0 | 0080 3900 | 0f84 acef | ffff 4488 | 214d 85db | 7520 498b 
  0x000001bbddb32184: d7c5 f877 | 49ba 6020 | 3384 fd7f | 0000 41ff 

  0x000001bbddb32194: ;   {other}
  0x000001bbddb32194: d20f 1f84 | 0000 0000 | 00e9 84ef | ffff 4b89 | 4c1a f849 | 83c3 f84d | 895f 48e9 | 72ef ffff 
  0x000001bbddb321b4: 4d8b 5748 | 4d8b 5f58 | f083 4424 | c000 8039 | 000f 8403 | f1ff ff44 | 8821 4d85 | d275 2049 
  0x000001bbddb321d4: 8bd7 c5f8 | 7749 ba60 | 2033 84fd | 7f00 0041 

  0x000001bbddb321e4: ;   {other}
  0x000001bbddb321e4: ffd2 0f1f | 8400 0000 | 0000 e9db | f0ff ff4b | 894c 13f8 | 4983 c2f8 | 4d89 5748 | e9c9 f0ff 
  0x000001bbddb32204: ff4d 8b57 | 484d 8b5f | 58f0 8344 | 24c0 0080 | 3900 0f84 | f2f2 ffff | 4488 214d | 85d2 7520 
  0x000001bbddb32224: 498b d7c5 | f877 49ba | 6020 3384 | fd7f 0000 

  0x000001bbddb32234: ;   {other}
  0x000001bbddb32234: 41ff d20f | 1f84 0000 | 0000 00e9 | caf2 ffff | 4b89 4c13 | f849 83c2 | f84d 8957 | 48e9 b8f2 
  0x000001bbddb32254: ffff 4d8b | 5748 4d8b | 5f58 f083 | 4424 c000 | 8039 000f | 84a3 f0ff | ff44 8821 | 4d85 d275 
  0x000001bbddb32274: 2049 8bd7 | c5f8 7749 | ba60 2033 | 84fd 7f00 | 0041 ffd2 

  0x000001bbddb32288: ;   {other}
  0x000001bbddb32288: 0f1f 8400 | 0000 0000 | e97b f0ff | ff4b 894c | 13f8 4983 | c2f8 4d89 | 5748 e969 | f0ff ff4d 
  0x000001bbddb322a8: 8b57 484d | 8b5f 58f0 | 8344 24c0 | 0080 7d00 | 000f 849d | f2ff ff44 | 8865 004d | 85d2 7523 
  0x000001bbddb322c8: 488b cd49 | 8bd7 c5f8 | 7749 ba60 | 2033 84fd | 7f00 0041 

  0x000001bbddb322dc: ;   {other}
  0x000001bbddb322dc: ffd2 0f1f | 8400 0000 | 0000 e971 | f2ff ff4b | 896c 13f8 | 4983 c2f8 | 4d89 5748 | e95f f2ff 
  0x000001bbddb322fc: ff45 8b5d | 1845 85db | 0f84 7ef1 | ffff 4d8b | 5728 498b | cb48 c1e1 | 034d 85d2 | 0f84 4a0a 
  0x000001bbddb3231c: 0000 4d8b | 5f38 4b89 | 4c13 f849 | 83c2 f84d | 8957 28e9 | 54f1 ffff | 4d8b 5758 | 4d8b 5f48 
  0x000001bbddb3233c: f083 4424 | c000 8039 | 000f 8432 | f1ff ff44 | 8821 4d85 | db75 2049 | 8bd7 c5f8 | 7749 ba60 
  0x000001bbddb3235c: 2033 84fd | 7f00 0041 

  0x000001bbddb32364: ;   {other}
  0x000001bbddb32364: ffd2 0f1f | 8400 0000 | 0000 e90a | f1ff ff4b | 894c 1af8 | 4983 c3f8 | 4d89 5f48 | e9f8 f0ff 
  0x000001bbddb32384: ff83 fa01 | 7407 33db | e9fa f3ff | ff85 d20f | 8687 0c00 | 000f b61f | e9ea f3ff | ff45 8b45 
  0x000001bbddb323a4: 1445 85c0 | 0f84 e4fa | ffff 4d8b | 5f28 498b | c848 c1e1 | 034d 85db | 0f84 1e0b | 0000 4d8b 
  0x000001bbddb323c4: 4738 4b89 | 4c18 f849 | 83c3 f84d | 895f 28e9 | bafa ffff | 4d8b 5f48 | 4d8b 4758 | f083 4424 
  0x000001bbddb323e4: c000 8039 | 000f 84e3 | faff ff44 | 8821 4d85 | db75 3a44 | 8954 2450 | 4c89 6c24 | 484c 8bed 
  0x000001bbddb32404: 498b d7c5 | f877 49ba | 6020 3384 | fd7f 0000 

  0x000001bbddb32414: ;   {other}
  0x000001bbddb32414: 41ff d20f | 1f84 0000 | 0000 0049 | 8bed 4c8b | 6c24 4844 | 8b54 2450 | e9a1 faff | ff4b 894c 
  0x000001bbddb32434: 18f8 4983 | c3f8 4d89 | 5f48 e98f | faff ff41 | b802 0000 

  0x000001bbddb32448: ;   {metadata({type array long})}
  0x000001bbddb32448: 0048 ba80 | 2a00 80bb | 0100 0090 

  0x000001bbddb32454: ;   {runtime_call _new_array_Java}
  0x000001bbddb32454: c5f8 77e8 

  0x000001bbddb32458: ; ImmutableOopMap {rbp=Oop [40]=Oop [48]=Oop [56]=Oop }
                      ;*newarray {reexecute=0 rethrow=0 return_oop=1}
                      ; - game.integration_project1_zaroc.model.ai.ZarocNeuralNet::evaluateBoard@24 (line 64)
  0x000001bbddb32458: 24ae 71ff 

  0x000001bbddb3245c: ;   {other}
  0x000001bbddb3245c: 0f1f 8400 | cc19 000d | e909 ecff | ff44 8954 | 2450 4889 | 5c24 484c | 894c 2440 | 48ff 7424 
  0x000001bbddb3247c: 3848 8f44 

  0x000001bbddb32480: ;   {metadata('java/nio/HeapFloatBuffer')}
  0x000001bbddb32480: 2420 48ba | b096 0e81 | bb01 0000 

  0x000001bbddb3248c: ;   {runtime_call _new_instance_Java}
  0x000001bbddb3248c: c5f8 77e8 

  0x000001bbddb32490: ; ImmutableOopMap {rbp=NarrowOop [32]=Oop [40]=Oop [48]=Oop [64]=Oop [72]=Oop }
                      ;*new {reexecute=0 rethrow=0 return_oop=1}
                      ; - java.nio.FloatBuffer::wrap@0 (line 436)
                      ; - java.nio.FloatBuffer::wrap@4 (line 465)
                      ; - game.integration_project1_zaroc.model.ai.ZarocNeuralNet::evaluateBoard@43 (line 66)
  0x000001bbddb32490: 6c6b 71ff 

  0x000001bbddb32494: ;   {other}
  0x000001bbddb32494: 0f1f 8400 | 041a 000e | 48ff 7424 | 2048 8f44 | 2438 4c8b | 4c24 4048 | 8b5c 2448 | 448b 5424 
  0x000001bbddb324b4: 5048 8bf8 | e923 ecff 

  0x000001bbddb324bc: ;   {metadata('ai/onnxruntime/OnnxTensor')}
  0x000001bbddb324bc: ff48 ba50 | 9c2f 81bb | 0100 0090 

  0x000001bbddb324c8: ;   {runtime_call _new_instance_Java}
  0x000001bbddb324c8: c5f8 77e8 

  0x000001bbddb324cc: ; ImmutableOopMap {rbp=Oop [32]=Oop [40]=Oop [48]=Oop [56]=Oop [64]=Oop [72]=NarrowOop [80]=Oop }
                      ;*new {reexecute=0 rethrow=0 return_oop=1}
                      ; - ai.onnxruntime.OnnxTensor::createTensor@19 (line 756)
                      ; - ai.onnxruntime.OnnxTensor::createTensor@17 (line 491)
                      ; - ai.onnxruntime.OnnxTensor::createTensor@7 (line 470)
                      ; - game.integration_project1_zaroc.model.ai.ZarocNeuralNet::evaluateBoard@48 (line 66)
  0x000001bbddb324cc: 306b 71ff 

  0x000001bbddb324d0: ;   {other}
  0x000001bbddb324d0: 0f1f 8400 | 401a 000f | e914 edff 

  0x000001bbddb324dc: ;   {metadata('java/util/HashMap')}
  0x000001bbddb324dc: ff48 baa0 | d408 80bb | 0100 0090 

  0x000001bbddb324e8: ;   {runtime_call _new_instance_Java}
  0x000001bbddb324e8: c5f8 77e8 

  0x000001bbddb324ec: ; ImmutableOopMap {[40]=Oop [48]=Oop [56]=Oop [96]=Oop }
                      ;*new {reexecute=0 rethrow=0 return_oop=1}
                      ; - game.integration_project1_zaroc.model.ai.ZarocNeuralNet::evaluateBoard@53 (line 67)
  0x000001bbddb324ec: 106b 71ff 

  0x000001bbddb324f0: ;   {other}
  0x000001bbddb324f0: 0f1f 8400 | 601a 0010 | e95e eeff | ff48 895c | 2440 48ff | 7424 5848 | 8f44 2420 | 488b 6c24 
  0x000001bbddb32510: ;   {metadata('java/util/LinkedHashMap$LinkedKeyIterator')}
  0x000001bbddb32510: 3848 bae8 | 7e06 81bb | 0100 0090 

  0x000001bbddb3251c: ;   {runtime_call _new_instance_Java}
  0x000001bbddb3251c: c5f8 77e8 

  0x000001bbddb32520: ; ImmutableOopMap {rbp=Oop [32]=Oop [40]=Oop [48]=Oop [64]=Oop [88]=Oop [96]=Oop }
                      ;*new {reexecute=0 rethrow=0 return_oop=1}
                      ; - java.util.LinkedHashMap$LinkedKeySet::iterator@0 (line 700)
                      ; - java.util.HashSet::iterator@7 (line 182)
                      ; - game.integration_project1_zaroc.model.ai.ZarocNeuralNet::evaluateBoard@71 (line 68)
  0x000001bbddb32520: dc6a 71ff 

  0x000001bbddb32524: ;   {other}
  0x000001bbddb32524: 0f1f 8400 | 941a 0011 | 4889 6c24 | 3848 8b5c | 2440 4c8b | e8e9 e8ee | ffff 4c89 | 4c24 4048 
  0x000001bbddb32544: ff74 2458 | 488f 4424 | 2048 8b6c | 2438 498b | d348 c1e2 | 0366 6690 

  0x000001bbddb3255c: ;   {static_call}
  0x000001bbddb3255c: c5f8 77e8 

  0x000001bbddb32560: ; ImmutableOopMap {rbp=Oop [32]=Oop [40]=Oop [48]=Oop [64]=Oop [96]=Oop }
                      ;*invokestatic hashCode {reexecute=0 rethrow=0 return_oop=0}
                      ; - java.lang.String::hashCode@37 (line 2366)
                      ; - java.util.HashMap::hash@9 (line 338)
                      ; - java.util.HashMap::put@2 (line 618)
                      ; - game.integration_project1_zaroc.model.ai.ZarocNeuralNet::evaluateBoard@86 (line 68)
  0x000001bbddb32560: 1ccb 64ff 

  0x000001bbddb32564: ;   {other}
  0x000001bbddb32564: 0f1f 8400 | d41a 0012 | 8bd8 4889 | 6c24 3848 | ff74 2420 | 488f 4424 | 584c 8b4c | 2440 e904 
  0x000001bbddb32584: f2ff ff41 | c641 1101 | 4533 c0e9 | 0df2 ffff | 4889 5c24 | 4048 ff74 | 2458 488f | 4424 2048 
  0x000001bbddb325a4: 8b6c 2438 

  0x000001bbddb325a8: ;   {metadata('java/util/HashMap$KeyIterator')}
  0x000001bbddb325a8: 48ba d082 | 1a80 bb01 | 0000 6690 

  0x000001bbddb325b4: ;   {runtime_call _new_instance_Java}
  0x000001bbddb325b4: c5f8 77e8 

  0x000001bbddb325b8: ; ImmutableOopMap {rbp=Oop [32]=Oop [40]=Oop [48]=Oop [64]=Oop [88]=Oop [96]=Oop }
                      ;*new {reexecute=0 rethrow=0 return_oop=1}
                      ; - java.util.HashMap$KeySet::iterator@0 (line 991)
                      ; - java.util.HashSet::iterator@7 (line 182)
                      ; - game.integration_project1_zaroc.model.ai.ZarocNeuralNet::evaluateBoard@71 (line 68)
  0x000001bbddb325b8: 446a 71ff 

  0x000001bbddb325bc: ;   {other}
  0x000001bbddb325bc: 0f1f 8400 | 2c1b 0013 | 4889 6c24 | 3848 8b5c | 2440 4c8b | e8e9 56f8 | ffff 448b | 5d0c 4585 
  0x000001bbddb325dc: db0f 84f6 | f9ff ff4d | 8b57 2849 | 8bcb 48c1 | e103 4d85 | d20f 8409 | 0a00 004d | 8b5f 384b 
  0x000001bbddb325fc: 894c 13f8 | 4983 c2f8 | 4d89 5728 | e9cc f9ff | ffba e4ff | ffff 488b | 6c24 284c | 8b44 2430 
  0x000001bbddb3261c: 4c89 4424 | 2048 8944 | 2430 4c89 | 5c24 3844 | 8954 2440 

  0x000001bbddb32630: ;   {runtime_call UncommonTrapBlob}
  0x000001bbddb32630: c5f8 77e8 

  0x000001bbddb32634: ; ImmutableOopMap {rbp=Oop [32]=Oop [48]=Oop [56]=Oop [96]=Oop }
                      ;*invokestatic checkIndex {reexecute=0 rethrow=0 return_oop=0}
                      ; - java.util.Objects::checkIndex@3 (line 385)
                      ; - java.util.ArrayList::get@5 (line 427)
                      ; - ai.onnxruntime.OrtSession$Result::get@12 (line 1628)
                      ; - game.integration_project1_zaroc.model.ai.ZarocNeuralNet::evaluateBoard@106 (line 71)
  0x000001bbddb32634: c81f 65ff 

  0x000001bbddb32638: ;   {other}
  0x000001bbddb32638: 0f1f 8400 | a81b 0014 | bae4 ffff | ff48 8b6c | 2430 4c8b | 4c24 384c | 894c 2428 | c5fb 114c 
  0x000001bbddb32658: 2430 4489 | 4424 3844 | 895c 2440 | 4489 5424 | 4466 6690 

  0x000001bbddb3266c: ;   {runtime_call UncommonTrapBlob}
  0x000001bbddb3266c: c5f8 77e8 

  0x000001bbddb32670: ; ImmutableOopMap {rbp=Oop [40]=Oop [56]=NarrowOop [96]=Oop }
                      ;*invokestatic checkIndex {reexecute=0 rethrow=0 return_oop=0}
                      ; - java.util.Objects::checkIndex@3 (line 385)
                      ; - java.util.ArrayList::get@5 (line 427)
                      ; - game.integration_project1_zaroc.model.gamelogic.Game::getCurrentTurn@25 (line 74)
                      ; - game.integration_project1_zaroc.model.ai.ZarocNeuralNet::evaluateBoard@139 (line 76)
  0x000001bbddb32670: 8c1f 65ff 

  0x000001bbddb32674: ;   {other}
  0x000001bbddb32674: 0f1f 8400 | e41b 0015 | bae4 ffff | ff48 8b6c | 2430 4c8b | 4424 384c | 8944 2428 | c5fb 114c 
  0x000001bbddb32694: 2430 4489 | 5424 3844 | 895c 243c 

  0x000001bbddb326a0: ;   {runtime_call UncommonTrapBlob}
  0x000001bbddb326a0: c5f8 77e8 

  0x000001bbddb326a4: ; ImmutableOopMap {rbp=Oop [40]=Oop [56]=NarrowOop [96]=Oop }
                      ;*aaload {reexecute=0 rethrow=0 return_oop=0}
                      ; - java.util.ArrayList::elementData@5 (line 411)
                      ; - java.util.ArrayList::get@11 (line 428)
                      ; - game.integration_project1_zaroc.model.gamelogic.Game::getCurrentTurn@25 (line 74)
                      ; - game.integration_project1_zaroc.model.ai.ZarocNeuralNet::evaluateBoard@139 (line 76)
  0x000001bbddb326a4: 581f 65ff 

  0x000001bbddb326a8: ;   {other}
  0x000001bbddb326a8: 0f1f 8400 | 181c 0016 | bade ffff | ff48 8b6c | 2438 4c8b | 5424 284c | 8954 2420 | 4c8b 5424 
  0x000001bbddb326c8: 304c 8954 | 2428 4889 | 4424 4044 | 895c 2448 

  0x000001bbddb326d8: ;   {runtime_call UncommonTrapBlob}
  0x000001bbddb326d8: c5f8 77e8 

  0x000001bbddb326dc: ; ImmutableOopMap {rbp=Oop [32]=Oop [40]=Oop [64]=Oop [72]=NarrowOop [88]=Oop [96]=Oop }
                      ;*invokeinterface iterator {reexecute=0 rethrow=0 return_oop=0}
                      ; - game.integration_project1_zaroc.model.ai.ZarocNeuralNet::evaluateBoard@71 (line 68)
  0x000001bbddb326dc: 201f 65ff 

  0x000001bbddb326e0: ;   {other}
  0x000001bbddb326e0: 0f1f 8400 | 501c 0017 | bade ffff | ff48 8b6c | 2438 4c8b | 5424 284c | 8954 2420 | 4c8b 5424 
  0x000001bbddb32700: 304c 8954 | 2428 4c89 | 6c24 4890 

  0x000001bbddb3270c: ;   {runtime_call UncommonTrapBlob}
  0x000001bbddb3270c: c5f8 77e8 

  0x000001bbddb32710: ; ImmutableOopMap {rbp=Oop [32]=Oop [40]=Oop [72]=Oop [88]=Oop [96]=Oop }
                      ;*invokeinterface next {reexecute=0 rethrow=0 return_oop=0}
                      ; - game.integration_project1_zaroc.model.ai.ZarocNeuralNet::evaluateBoard@76 (line 68)
  0x000001bbddb32710: ec1e 65ff 

  0x000001bbddb32714: ;   {other}
  0x000001bbddb32714: 0f1f 8400 | 841c 0018 | bade ffff | ff48 8b6c | 2428 4c8b | 5424 304c | 8954 2420 | 4889 4424 
  0x000001bbddb32734: 3044 8944 | 2438 6690 

  0x000001bbddb3273c: ;   {runtime_call UncommonTrapBlob}
  0x000001bbddb3273c: c5f8 77e8 

  0x000001bbddb32740: ; ImmutableOopMap {rbp=Oop [32]=Oop [48]=Oop [56]=NarrowOop [96]=Oop }
                      ;*invokeinterface get {reexecute=0 rethrow=0 return_oop=0}
                      ; - ai.onnxruntime.OrtSession$Result::get@12 (line 1628)
                      ; - game.integration_project1_zaroc.model.ai.ZarocNeuralNet::evaluateBoard@106 (line 71)
  0x000001bbddb32740: bc1e 65ff 

  0x000001bbddb32744: ;   {other}
  0x000001bbddb32744: 0f1f 8400 | b41c 0019 | bacc ffff | ff48 8b6c | 2428 4c8b | 4424 304c | 8944 2420 | 4889 4424 
  0x000001bbddb32764: 304c 895c | 2438 4489 | 5424 4090 

  0x000001bbddb32770: ;   {runtime_call UncommonTrapBlob}
  0x000001bbddb32770: c5f8 77e8 

  0x000001bbddb32774: ; ImmutableOopMap {rbp=Oop [32]=Oop [48]=Oop [56]=Oop [96]=Oop }
                      ;*invokestatic checkIndex {reexecute=0 rethrow=0 return_oop=0}
                      ; - java.util.Objects::checkIndex@3 (line 385)
                      ; - java.util.ArrayList::get@5 (line 427)
                      ; - ai.onnxruntime.OrtSession$Result::get@12 (line 1628)
                      ; - game.integration_project1_zaroc.model.ai.ZarocNeuralNet::evaluateBoard@106 (line 71)
  0x000001bbddb32774: 881e 65ff 

  0x000001bbddb32778: ;   {other}
  0x000001bbddb32778: 0f1f 8400 | e81c 001a | bae4 ffff | ff48 8b6c | 2428 4c8b | 5c24 304c | 895c 2420 | 4889 4424 
  0x000001bbddb32798: 3044 8954 | 2438 6690 

  0x000001bbddb327a0: ;   {runtime_call UncommonTrapBlob}
  0x000001bbddb327a0: c5f8 77e8 

  0x000001bbddb327a4: ; ImmutableOopMap {rbp=Oop [32]=Oop [48]=Oop [56]=NarrowOop [96]=Oop }
                      ;*aaload {reexecute=0 rethrow=0 return_oop=0}
                      ; - java.util.ArrayList::elementData@5 (line 411)
                      ; - java.util.ArrayList::get@11 (line 428)
                      ; - ai.onnxruntime.OrtSession$Result::get@12 (line 1628)
                      ; - game.integration_project1_zaroc.model.ai.ZarocNeuralNet::evaluateBoard@106 (line 71)
  0x000001bbddb327a4: 581e 65ff 

  0x000001bbddb327a8: ;   {other}
  0x000001bbddb327a8: 0f1f 8400 | 181d 001b | bae4 ffff | ff48 8b6c | 2428 4c8b | 5424 304c | 8954 2420 | 4c8b 5424 
  0x000001bbddb327c8: 384c 8954 | 2430 4889 | 4424 3890 

  0x000001bbddb327d4: ;   {runtime_call UncommonTrapBlob}
  0x000001bbddb327d4: c5f8 77e8 

  0x000001bbddb327d8: ; ImmutableOopMap {rbp=Oop [32]=Oop [48]=Oop [56]=Oop [96]=Oop }
                      ;*aaload {reexecute=0 rethrow=0 return_oop=0}
                      ; - game.integration_project1_zaroc.model.ai.ZarocNeuralNet::evaluateBoard@122 (line 72)
  0x000001bbddb327d8: 241e 65ff 

  0x000001bbddb327dc: ;   {other}
  0x000001bbddb327dc: 0f1f 8400 | 4c1d 001c | bae4 ffff | ff48 8b6c | 2428 4c8b | 5424 304c | 8954 2420 | 4c8b 5424 
  0x000001bbddb327fc: 384c 8954 | 2430 4489 | 4424 3890 

  0x000001bbddb32808: ;   {runtime_call UncommonTrapBlob}
  0x000001bbddb32808: c5f8 77e8 

  0x000001bbddb3280c: ; ImmutableOopMap {rbp=Oop [32]=Oop [48]=Oop [56]=NarrowOop [96]=Oop }
                      ;*faload {reexecute=0 rethrow=0 return_oop=0}
                      ; - game.integration_project1_zaroc.model.ai.ZarocNeuralNet::evaluateBoard@128 (line 74)
  0x000001bbddb3280c: f01d 65ff 

  0x000001bbddb32810: ;   {other}
  0x000001bbddb32810: 0f1f 8400 | 801d 001d | bacc ffff | ff48 8b6c | 2430 4c8b | 4c24 384c | 894c 2428 | c5fb 114c 
  0x000001bbddb32830: 2430 4489 | 4424 3844 | 895c 2440 | 4489 5424 | 4466 6690 

  0x000001bbddb32844: ;   {runtime_call UncommonTrapBlob}
  0x000001bbddb32844: c5f8 77e8 

  0x000001bbddb32848: ; ImmutableOopMap {rbp=Oop [40]=Oop [56]=NarrowOop [96]=Oop }
                      ;*invokestatic checkIndex {reexecute=0 rethrow=0 return_oop=0}
                      ; - java.util.Objects::checkIndex@3 (line 385)
                      ; - java.util.ArrayList::get@5 (line 427)
                      ; - game.integration_project1_zaroc.model.gamelogic.Game::getCurrentTurn@25 (line 74)
                      ; - game.integration_project1_zaroc.model.ai.ZarocNeuralNet::evaluateBoard@139 (line 76)
  0x000001bbddb32848: b41d 65ff 

  0x000001bbddb3284c: ;   {other}
  0x000001bbddb3284c: 0f1f 8400 | bc1d 001e | bade ffff | ffc5 fb11 | 4424 2044 | 895c 2430 

  0x000001bbddb32864: ;   {runtime_call UncommonTrapBlob}
  0x000001bbddb32864: c5f8 77e8 

  0x000001bbddb32868: ; ImmutableOopMap {[48]=NarrowOop [56]=Oop [96]=Oop }
                      ;*invokeinterface size {reexecute=0 rethrow=0 return_oop=0}
                      ; - ai.onnxruntime.OrtSession$Result::close@19 (line 1597)
                      ; - game.integration_project1_zaroc.model.ai.ZarocNeuralNet::evaluateBoard@196 (line 82)
  0x000001bbddb32868: 941d 65ff 

  0x000001bbddb3286c: ;   {other}
  0x000001bbddb3286c: 0f1f 8400 | dc1d 001f | c5fb 1144 | 2420 488b | 5424 604c | 8d44 2470 

  0x000001bbddb32884: ;   {runtime_call _complete_monitor_locking_Java}
  0x000001bbddb32884: c5f8 77e8 

  0x000001bbddb32888: ; ImmutableOopMap {rbp=Oop [96]=Oop }
                      ;*synchronization entry
                      ; - ai.onnxruntime.OnnxTensor::close@-1 (line 159)
                      ; - game.integration_project1_zaroc.model.ai.ZarocNeuralNet::evaluateBoard@206 (line 83)
  0x000001bbddb32888: 7490 7aff 

  0x000001bbddb3288c: ;   {other}
  0x000001bbddb3288c: 0f1f 8400 | fc1d 0020 | c5fb 1044 | 2420 e933 | f4ff ff48 | 8b4c 2460 | 488d 5424 | 704d 8bc7 
  0x000001bbddb328ac: c5f8 7749 | baa0 d673 | 84fd 7f00 | 0041 ffd2 

  0x000001bbddb328bc: ;   {other}
  0x000001bbddb328bc: 0f1f 8400 | 0000 0000 | e9e5 f4ff | ff48 8944 | 2440 48ff | 7424 3848 | 8f44 2420 

  0x000001bbddb328d8: ;   {metadata('java/util/HashMap$KeySet')}
  0x000001bbddb328d8: 48ba 1840 | 1a80 bb01 | 0000 6690 

  0x000001bbddb328e4: ;   {runtime_call _new_instance_Java}
  0x000001bbddb328e4: c5f8 77e8 

  0x000001bbddb328e8: ; ImmutableOopMap {rbp=Oop [32]=Oop [40]=Oop [48]=Oop [64]=Oop [88]=Oop [96]=Oop }
                      ;*new {reexecute=0 rethrow=0 return_oop=1}
                      ; - java.util.HashMap::keySet@9 (line 914)
                      ; - java.util.HashSet::iterator@4 (line 182)
                      ; - game.integration_project1_zaroc.model.ai.ZarocNeuralNet::evaluateBoard@71 (line 68)
  0x000001bbddb328e8: 1467 71ff 

  0x000001bbddb328ec: ;   {other}
  0x000001bbddb328ec: 0f1f 8400 | 5c1e 0021 | 48ff 7424 | 2048 8f44 | 2438 488b | d8e9 bdf6 | ffff bae4 | ffff ff48 
  0x000001bbddb3290c: 8b6c 2430 | 4c8b 4424 | 384c 8944 | 2428 c5fb | 114c 2430 | 4489 5424 | 3844 894c | 2440 4489 
  0x000001bbddb3292c: 5c24 4489 | 4c24 4890 

  0x000001bbddb32934: ;   {runtime_call UncommonTrapBlob}
  0x000001bbddb32934: c5f8 77e8 

  0x000001bbddb32938: ; ImmutableOopMap {rbp=Oop [40]=Oop [56]=NarrowOop [68]=NarrowOop [96]=Oop }
                      ;*baload {reexecute=0 rethrow=0 return_oop=0}
                      ; - java.lang.StringLatin1::trim@37 (line 576)
                      ; - java.lang.String::trim@11 (line 3775)
                      ; - game.integration_project1_zaroc.model.ai.ZarocNeuralNet::evaluateBoard@148 (line 77)
  0x000001bbddb32938: c41c 65ff 

  0x000001bbddb3293c: ;   {other}
  0x000001bbddb3293c: 0f1f 8400 | ac1e 0022 | bae4 ffff | ffc5 fb11 | 4424 284c | 8954 2430 | 4489 4c24 | 3866 6690 
  0x000001bbddb3295c: ;   {runtime_call UncommonTrapBlob}
  0x000001bbddb3295c: c5f8 77e8 

  0x000001bbddb32960: ; ImmutableOopMap {[48]=Oop [56]=NarrowOop [96]=Oop }
                      ;*baload {reexecute=0 rethrow=0 return_oop=0}
                      ; - ai.onnxruntime.OrtSession$Result::close@32 (line 1598)
                      ; - game.integration_project1_zaroc.model.ai.ZarocNeuralNet::evaluateBoard@196 (line 82)
  0x000001bbddb32960: 9c1c 65ff 

  0x000001bbddb32964: ;   {other}
  0x000001bbddb32964: 0f1f 8400 | d41e 0023 | bae4 ffff | ffc5 fb11 | 4424 284c | 8954 2430 | 4c89 4424 | 3844 895c 
  0x000001bbddb32984: 2448 6690 

  0x000001bbddb32988: ;   {runtime_call UncommonTrapBlob}
  0x000001bbddb32988: c5f8 77e8 

  0x000001bbddb3298c: ; ImmutableOopMap {[48]=Oop [56]=Oop [96]=Oop }
                      ;*invokestatic checkIndex {reexecute=0 rethrow=0 return_oop=0}
                      ; - java.util.Objects::checkIndex@3 (line 385)
                      ; - java.util.ArrayList::get@5 (line 427)
                      ; - ai.onnxruntime.OrtSession$Result::close@41 (line 1599)
                      ; - game.integration_project1_zaroc.model.ai.ZarocNeuralNet::evaluateBoard@196 (line 82)
  0x000001bbddb3298c: 701c 65ff 

  0x000001bbddb32990: ;   {other}
  0x000001bbddb32990: 0f1f 8400 | 001f 0024 | bae4 ffff | ffc5 fb11 | 4424 284c | 8954 2430 | 4489 5c24 | 3866 6690 
  0x000001bbddb329b0: ;   {runtime_call UncommonTrapBlob}
  0x000001bbddb329b0: c5f8 77e8 

  0x000001bbddb329b4: ; ImmutableOopMap {[48]=Oop [56]=NarrowOop [96]=Oop }
                      ;*aaload {reexecute=0 rethrow=0 return_oop=0}
                      ; - java.util.ArrayList::elementData@5 (line 411)
                      ; - java.util.ArrayList::get@11 (line 428)
                      ; - ai.onnxruntime.OrtSession$Result::close@41 (line 1599)
                      ; - game.integration_project1_zaroc.model.ai.ZarocNeuralNet::evaluateBoard@196 (line 82)
  0x000001bbddb329b4: 481c 65ff 

  0x000001bbddb329b8: ;   {other}
  0x000001bbddb329b8: 0f1f 8400 | 281f 0025 | bade ffff | ffc5 fb11 | 4424 284c | 8954 2430 | 4489 4424 | 3866 6690 
  0x000001bbddb329d8: ;   {runtime_call UncommonTrapBlob}
  0x000001bbddb329d8: c5f8 77e8 

  0x000001bbddb329dc: ; ImmutableOopMap {[48]=Oop [56]=NarrowOop [96]=Oop }
                      ;*invokeinterface get {reexecute=0 rethrow=0 return_oop=0}
                      ; - ai.onnxruntime.OrtSession$Result::close@41 (line 1599)
                      ; - game.integration_project1_zaroc.model.ai.ZarocNeuralNet::evaluateBoard@196 (line 82)
  0x000001bbddb329dc: 201c 65ff 

  0x000001bbddb329e0: ;   {other}
  0x000001bbddb329e0: 0f1f 8400 | 501f 0026 | bacc ffff | ffc5 fb11 | 4424 284c | 8954 2430 | 4c89 4424 | 3844 895c 
  0x000001bbddb32a00: 2448 6690 

  0x000001bbddb32a04: ;   {runtime_call UncommonTrapBlob}
  0x000001bbddb32a04: c5f8 77e8 

  0x000001bbddb32a08: ; ImmutableOopMap {[48]=Oop [56]=Oop [96]=Oop }
                      ;*invokestatic checkIndex {reexecute=0 rethrow=0 return_oop=0}
                      ; - java.util.Objects::checkIndex@3 (line 385)
                      ; - java.util.ArrayList::get@5 (line 427)
                      ; - ai.onnxruntime.OrtSession$Result::close@41 (line 1599)
                      ; - game.integration_project1_zaroc.model.ai.ZarocNeuralNet::evaluateBoard@196 (line 82)
  0x000001bbddb32a08: f41b 65ff 

  0x000001bbddb32a0c: ;   {other}
  0x000001bbddb32a0c: 0f1f 8400 | 7c1f 0027 | 4c89 5c24 | 30c5 fb11 | 4424 284c | 8954 2420 | 498b d34c | 8d44 2470 
  0x000001bbddb32a2c: ;   {runtime_call _complete_monitor_locking_Java}
  0x000001bbddb32a2c: c5f8 77e8 

  0x000001bbddb32a30: ; ImmutableOopMap {[32]=Oop [48]=Oop [96]=Oop }
                      ;*synchronization entry
                      ; - ai.onnxruntime.OnnxTensor::close@-1 (line 159)
                      ; - ai.onnxruntime.OrtSession$Result::close@51 (line 1600)
                      ; - game.integration_project1_zaroc.model.ai.ZarocNeuralNet::evaluateBoard@196 (line 82)
  0x000001bbddb32a30: cc8e 7aff 

  0x000001bbddb32a34: ;   {other}
  0x000001bbddb32a34: 0f1f 8400 | a41f 0028 | 4c8b 5424 | 20c5 fb10 | 4424 284c | 8b5c 2430 | e9e3 f0ff | ff49 8bcb 
  0x000001bbddb32a54: 488d 5424 | 704d 8bc7 | c5f8 7749 | baa0 d673 | 84fd 7f00 | 0041 ffd2 

  0x000001bbddb32a6c: ;   {other}
  0x000001bbddb32a6c: 0f1f 8400 | 0000 0000 | e9a5 f1ff | ffba deff | ffff 4c89 | 5424 3044 | 8944 243c 

  0x000001bbddb32a88: ;   {runtime_call UncommonTrapBlob}
  0x000001bbddb32a88: c5f8 77e8 

  0x000001bbddb32a8c: ; ImmutableOopMap {[48]=Oop [60]=NarrowOop [96]=Oop }
                      ;*invokeinterface size {reexecute=0 rethrow=0 return_oop=0}
                      ; - ai.onnxruntime.OrtSession$Result::close@19 (line 1597)
                      ; - game.integration_project1_zaroc.model.ai.ZarocNeuralNet::evaluateBoard@196 (line 82)
  0x000001bbddb32a8c: 701b 65ff 

  0x000001bbddb32a90: ;   {other}
  0x000001bbddb32a90: 0f1f 8400 | 0020 0029 | ba45 ffff | ff4c 8b54 | 2428 4c89 | 5424 204c | 8b54 2430 | 4c89 5424 
  0x000001bbddb32ab0: 2844 8944 | 2430 6690 

  0x000001bbddb32ab8: ;   {runtime_call UncommonTrapBlob}
  0x000001bbddb32ab8: c5f8 77e8 

  0x000001bbddb32abc: ; ImmutableOopMap {[32]=Oop [40]=Oop [56]=Oop }
                      ;*ifne {reexecute=1 rethrow=0 return_oop=0}
                      ; - (reexecute) ai.onnxruntime.OnnxTensor::createTensor@4 (line 489)
                      ; - ai.onnxruntime.OnnxTensor::createTensor@7 (line 470)
                      ; - game.integration_project1_zaroc.model.ai.ZarocNeuralNet::evaluateBoard@48 (line 66)
  0x000001bbddb32abc: 401b 65ff 

  0x000001bbddb32ac0: ;   {other}
  0x000001bbddb32ac0: 0f1f 8400 | 3020 002a | ba45 ffff | ff48 8b6c | 2438 4c8b | 5424 284c | 8954 2420 | 4c8b 5424 
  0x000001bbddb32ae0: 304c 8954 | 2428 4889 | 4424 4044 | 895c 2448 

  0x000001bbddb32af0: ;   {runtime_call UncommonTrapBlob}
  0x000001bbddb32af0: c5f8 77e8 

  0x000001bbddb32af4: ; ImmutableOopMap {rbp=Oop [32]=Oop [40]=Oop [64]=Oop [88]=Oop [96]=Oop }
                      ;*ifne {reexecute=1 rethrow=0 return_oop=0}
                      ; - (reexecute) ai.onnxruntime.OrtSession::getInputNames@4 (line 149)
                      ; - game.integration_project1_zaroc.model.ai.ZarocNeuralNet::evaluateBoard@68 (line 68)
  0x000001bbddb32af4: 081b 65ff 

  0x000001bbddb32af8: ;   {other}
  0x000001bbddb32af8: 0f1f 8400 | 6820 002b | 498b d7c5 | f877 49ba | 8020 3384 | fd7f 0000 

  0x000001bbddb32b10: ;   {other}
  0x000001bbddb32b10: 41ff d20f | 1f84 0000 | 0000 00e9 | 4ee7 ffff | 498b d7c5 | f877 49ba | 8020 3384 | fd7f 0000 
  0x000001bbddb32b30: ;   {other}
  0x000001bbddb32b30: 41ff d20f | 1f84 0000 | 0000 00e9 | 9de7 ffff | 498b d7c5 | f877 49ba | 8020 3384 | fd7f 0000 
  0x000001bbddb32b50: ;   {other}
  0x000001bbddb32b50: 41ff d20f | 1f84 0000 | 0000 00e9 | 7de9 ffff | 498b d7c5 | f877 49ba | 8020 3384 | fd7f 0000 
  0x000001bbddb32b70: ;   {other}
  0x000001bbddb32b70: 41ff d20f | 1f84 0000 | 0000 00e9 | a7e9 ffff | ba45 ffff | ff48 8b6c | 2428 4c8b | 5424 304c 
  0x000001bbddb32b90: 8954 2420 | 4889 4424 | 3044 895c | 2438 6690 

  0x000001bbddb32ba0: ;   {runtime_call UncommonTrapBlob}
  0x000001bbddb32ba0: c5f8 77e8 

  0x000001bbddb32ba4: ; ImmutableOopMap {rbp=Oop [32]=Oop [48]=Oop [96]=Oop }
                      ;*ifne {reexecute=1 rethrow=0 return_oop=0}
                      ; - (reexecute) ai.onnxruntime.OrtSession$Result::get@4 (line 1627)
                      ; - game.integration_project1_zaroc.model.ai.ZarocNeuralNet::evaluateBoard@106 (line 71)
  0x000001bbddb32ba4: 581a 65ff 

  0x000001bbddb32ba8: ;   {other}
  0x000001bbddb32ba8: 0f1f 8400 | 1821 002c | 33ed 85db | 400f 94c5 | ba45 ffff | ff4c 8b5c | 2430 4c89 | 5c24 204c 
  0x000001bbddb32bc8: 8b5c 2438 | 4c89 5c24 | 30c5 fb11 | 4c24 3844 | 8954 2440 

  0x000001bbddb32bdc: ;   {runtime_call UncommonTrapBlob}
  0x000001bbddb32bdc: c5f8 77e8 

  0x000001bbddb32be0: ; ImmutableOopMap {[32]=Oop [48]=Oop [64]=NarrowOop [96]=Oop }
                      ;*ifeq {reexecute=1 rethrow=0 return_oop=0}
                      ; - (reexecute) java.lang.String::trim@4 (line 3775)
                      ; - game.integration_project1_zaroc.model.ai.ZarocNeuralNet::evaluateBoard@148 (line 77)
  0x000001bbddb32be0: 1c1a 65ff 

  0x000001bbddb32be4: ;   {other}
  0x000001bbddb32be4: 0f1f 8400 | 5421 002d | ba45 ffff | ffc5 fb11 | 4424 2044 | 895c 2428 

  0x000001bbddb32bfc: ;   {runtime_call UncommonTrapBlob}
  0x000001bbddb32bfc: c5f8 77e8 

  0x000001bbddb32c00: ; ImmutableOopMap {[96]=Oop }
                      ;*ifne {reexecute=1 rethrow=0 return_oop=0}
                      ; - (reexecute) ai.onnxruntime.OrtSession$Result::close@4 (line 1595)
                      ; - game.integration_project1_zaroc.model.ai.ZarocNeuralNet::evaluateBoard@196 (line 82)
  0x000001bbddb32c00: fc19 65ff 

  0x000001bbddb32c04: ;   {other}
  0x000001bbddb32c04: 0f1f 8400 | 7421 002e | ba45 ffff | ffc5 fb11 | 4424 2044 | 8954 2428 

  0x000001bbddb32c1c: ;   {runtime_call UncommonTrapBlob}
  0x000001bbddb32c1c: c5f8 77e8 

  0x000001bbddb32c20: ; ImmutableOopMap {[96]=Oop }
                      ;*ifne {reexecute=1 rethrow=0 return_oop=0}
                      ; - (reexecute) ai.onnxruntime.OnnxTensor::close@4 (line 159)
                      ; - game.integration_project1_zaroc.model.ai.ZarocNeuralNet::evaluateBoard@206 (line 83)
  0x000001bbddb32c20: dc19 65ff 

  0x000001bbddb32c24: ;   {other}
  0x000001bbddb32c24: 0f1f 8400 | 9421 002f | ba45 ffff | ff41 8beb 

  0x000001bbddb32c34: ;   {runtime_call UncommonTrapBlob}
  0x000001bbddb32c34: c5f8 77e8 

  0x000001bbddb32c38: ; ImmutableOopMap {}
                      ;*ifeq {reexecute=1 rethrow=0 return_oop=0}
                      ; - (reexecute) game.integration_project1_zaroc.model.ai.ZarocNeuralNet::evaluateBoard@4 (line 60)
  0x000001bbddb32c38: c419 65ff 

  0x000001bbddb32c3c: ;   {other}
  0x000001bbddb32c3c: 0f1f 8400 | ac21 0030 | ba45 ffff | ff41 8bea 

  0x000001bbddb32c4c: ;   {runtime_call UncommonTrapBlob}
  0x000001bbddb32c4c: c5f8 77e8 

  0x000001bbddb32c50: ; ImmutableOopMap {rbp=NarrowOop }
                      ;*ifnonnull {reexecute=1 rethrow=0 return_oop=0}
                      ; - (reexecute) game.integration_project1_zaroc.model.ai.ZarocNeuralNet::evaluateBoard@11 (line 60)
  0x000001bbddb32c50: ac19 65ff 

  0x000001bbddb32c54: ;   {other}
  0x000001bbddb32c54: 0f1f 8400 | c421 0031 | ba45 ffff | ff48 8b6c | 2438 4c8b | 4424 284c | 8944 2420 | 4c8b 4424 
  0x000001bbddb32c74: 304c 8944 | 2428 4489 | 5c24 4844 | 8954 244c 

  0x000001bbddb32c84: ;   {runtime_call UncommonTrapBlob}
  0x000001bbddb32c84: c5f8 77e8 

  0x000001bbddb32c88: ; ImmutableOopMap {rbp=Oop [32]=Oop [40]=Oop [88]=Oop [96]=Oop }
                      ;*if_icmpeq {reexecute=1 rethrow=0 return_oop=0}
                      ; - (reexecute) java.util.LinkedHashMap$LinkedHashIterator::nextNode@16 (line 1022)
                      ; - java.util.LinkedHashMap$LinkedKeyIterator::next@1 (line 1046)
                      ; - game.integration_project1_zaroc.model.ai.ZarocNeuralNet::evaluateBoard@76 (line 68)
  0x000001bbddb32c88: 7419 65ff 

  0x000001bbddb32c8c: ;   {other}
  0x000001bbddb32c8c: 0f1f 8400 | fc21 0032 | ba45 ffff | ff48 8b6c | 2438 4c8b | 5424 284c | 8954 2420 | 4c8b 5424 
  0x000001bbddb32cac: 304c 8954 | 2428 897c | 244c 6690 

  0x000001bbddb32cb8: ;   {runtime_call UncommonTrapBlob}
  0x000001bbddb32cb8: c5f8 77e8 

  0x000001bbddb32cbc: ; ImmutableOopMap {rbp=Oop [32]=Oop [40]=Oop [76]=NarrowOop [88]=Oop [96]=Oop }
                      ;*ifnonnull {reexecute=1 rethrow=0 return_oop=0}
                      ; - (reexecute) java.util.LinkedHashMap$LinkedHashIterator::nextNode@28 (line 1024)
                      ; - java.util.LinkedHashMap$LinkedKeyIterator::next@1 (line 1046)
                      ; - game.integration_project1_zaroc.model.ai.ZarocNeuralNet::evaluateBoard@76 (line 68)
  0x000001bbddb32cbc: 4019 65ff 

  0x000001bbddb32cc0: ;   {other}
  0x000001bbddb32cc0: 0f1f 8400 | 3022 0033 | ba45 ffff | ff48 8b6c | 2438 4c8b | 5424 284c | 8954 2420 | 4c8b 5424 
  0x000001bbddb32ce0: 304c 8954 | 2428 897c | 2448 4c89 | 6c24 5044 | 895c 244c 

  0x000001bbddb32cf4: ;   {runtime_call UncommonTrapBlob}
  0x000001bbddb32cf4: c5f8 77e8 

  0x000001bbddb32cf8: ; ImmutableOopMap {rbp=Oop [32]=Oop [40]=Oop [72]=NarrowOop [80]=Oop [88]=Oop [96]=Oop }
                      ;*ifeq {reexecute=1 rethrow=0 return_oop=0}
                      ; - (reexecute) java.util.LinkedHashMap$LinkedHashIterator::nextNode@49 (line 1027)
                      ; - java.util.LinkedHashMap$LinkedKeyIterator::next@1 (line 1046)
                      ; - game.integration_project1_zaroc.model.ai.ZarocNeuralNet::evaluateBoard@76 (line 68)
  0x000001bbddb32cf8: 0419 65ff 

  0x000001bbddb32cfc: ;   {other}
  0x000001bbddb32cfc: 0f1f 8400 | 6c22 0034 | 33ed 4585 | d240 0f94 | c5ba 45ff | ffff 4c8b | 5424 304c | 8954 2420 
  0x000001bbddb32d1c: 4c8b 5424 | 384c 8954 | 2430 c5fb | 114c 2438 

  0x000001bbddb32d2c: ;   {runtime_call UncommonTrapBlob}
  0x000001bbddb32d2c: c5f8 77e8 

  0x000001bbddb32d30: ; ImmutableOopMap {[32]=Oop [48]=Oop [96]=Oop }
                      ;*ifeq {reexecute=1 rethrow=0 return_oop=0}
                      ; - (reexecute) game.integration_project1_zaroc.model.gamelogic.Game::getCurrentTurn@7 (line 73)
                      ; - game.integration_project1_zaroc.model.ai.ZarocNeuralNet::evaluateBoard@139 (line 76)
  0x000001bbddb32d30: cc18 65ff 

  0x000001bbddb32d34: ;   {other}
  0x000001bbddb32d34: 0f1f 8400 | a422 0035 | ba45 ffff | ffc5 fb11 | 4424 284c | 8954 2430 | 4489 4424 | 384c 895c 
  0x000001bbddb32d54: 2440 6690 

  0x000001bbddb32d58: ;   {runtime_call UncommonTrapBlob}
  0x000001bbddb32d58: c5f8 77e8 

  0x000001bbddb32d5c: ; ImmutableOopMap {[48]=Oop [64]=Oop [96]=Oop }
                      ;*ifne {reexecute=1 rethrow=0 return_oop=0}
                      ; - (reexecute) ai.onnxruntime.OnnxTensor::close@4 (line 159)
                      ; - ai.onnxruntime.OrtSession$Result::close@51 (line 1600)
                      ; - game.integration_project1_zaroc.model.ai.ZarocNeuralNet::evaluateBoard@196 (line 82)
  0x000001bbddb32d5c: a018 65ff 

  0x000001bbddb32d60: ;   {other}
  0x000001bbddb32d60: 0f1f 8400 | d022 0036 | 498b d7c5 | f877 49ba | 8020 3384 | fd7f 0000 

  0x000001bbddb32d78: ;   {other}
  0x000001bbddb32d78: 41ff d20f | 1f84 0000 | 0000 00e9 | 00e7 ffff | ba45 ffff | ff48 8b6c | 2430 4c8b | 4424 384c 
  0x000001bbddb32d98: 8944 2428 | c5fb 114c | 2430 4489 | 5424 3844 | 895c 243c | 4489 4c24 | 4089 4c24 | 4466 6690 
  0x000001bbddb32db8: ;   {runtime_call UncommonTrapBlob}
  0x000001bbddb32db8: c5f8 77e8 

  0x000001bbddb32dbc: ; ImmutableOopMap {rbp=Oop [40]=Oop [56]=NarrowOop [60]=NarrowOop [96]=Oop }
                      ;*if_icmpgt {reexecute=1 rethrow=0 return_oop=0}
                      ; - (reexecute) java.lang.StringLatin1::trim@19 (line 573)
                      ; - java.lang.String::trim@11 (line 3775)
                      ; - game.integration_project1_zaroc.model.ai.ZarocNeuralNet::evaluateBoard@148 (line 77)
  0x000001bbddb32dbc: 4018 65ff 

  0x000001bbddb32dc0: ;   {other}
  0x000001bbddb32dc0: 0f1f 8400 | 3023 0037 | ba45 ffff | ff48 8b6c | 2430 488b | 4c24 3848 | 894c 2428 | c5fb 114c 
  0x000001bbddb32de0: 2430 4489 | 5424 3844 | 895c 243c | 4489 4c24 | 4044 8944 | 2444 6690 

  0x000001bbddb32df8: ;   {runtime_call UncommonTrapBlob}
  0x000001bbddb32df8: c5f8 77e8 

  0x000001bbddb32dfc: ; ImmutableOopMap {rbp=Oop [40]=Oop [56]=NarrowOop [60]=NarrowOop [96]=Oop }
                      ;*if_icmpgt {reexecute=1 rethrow=0 return_oop=0}
                      ; - (reexecute) java.lang.StringLatin1::trim@44 (line 576)
                      ; - java.lang.String::trim@11 (line 3775)
                      ; - game.integration_project1_zaroc.model.ai.ZarocNeuralNet::evaluateBoard@148 (line 77)
  0x000001bbddb32dfc: 0018 65ff 

  0x000001bbddb32e00: ;   {other}
  0x000001bbddb32e00: 0f1f 8400 | 7023 0038 | ba45 ffff | ffc5 fb11 | 4424 284c | 8954 2430 | 4489 5c24 | 3866 6690 
  0x000001bbddb32e20: ;   {runtime_call UncommonTrapBlob}
  0x000001bbddb32e20: c5f8 77e8 

  0x000001bbddb32e24: ; ImmutableOopMap {[48]=Oop [96]=Oop }
                      ;*ifeq {reexecute=1 rethrow=0 return_oop=0}
                      ; - (reexecute) ai.onnxruntime.OrtSession$Result::close@33 (line 1598)
                      ; - game.integration_project1_zaroc.model.ai.ZarocNeuralNet::evaluateBoard@196 (line 82)
  0x000001bbddb32e24: d817 65ff 

  0x000001bbddb32e28: ;   {other}
  0x000001bbddb32e28: 0f1f 8400 | 9823 0039 | ba45 ffff | ff48 8b6c | 2438 4c8b | 5424 284c | 8954 2420 | 4c8b 5424 
  0x000001bbddb32e48: 304c 8954 | 2428 48ff | 7424 6048 | 8f44 2430 | 48ff 7424 | 5848 8f44 | 2438 4c89 | 6c24 5089 
  0x000001bbddb32e68: 5c24 584c | 896c 2460 | 4489 5c24 | 5c66 6690 

  0x000001bbddb32e78: ;   {runtime_call UncommonTrapBlob}
  0x000001bbddb32e78: c5f8 77e8 

  0x000001bbddb32e7c: ; ImmutableOopMap {rbp=Oop [32]=Oop [40]=Oop [48]=Oop [56]=Oop [80]=Oop [88]=NarrowOop [96]=Oop }
                      ;*ifeq {reexecute=1 rethrow=0 return_oop=0}
                      ; - (reexecute) java.util.LinkedHashMap$LinkedHashIterator::<init>@16 (line 1011)
                      ; - java.util.LinkedHashMap$LinkedKeyIterator::<init>@3 (line 1045)
                      ; - java.util.LinkedHashMap$LinkedKeySet::iterator@12 (line 700)
                      ; - java.util.HashSet::iterator@7 (line 182)
                      ; - game.integration_project1_zaroc.model.ai.ZarocNeuralNet::evaluateBoard@71 (line 68)
  0x000001bbddb32e7c: 8017 65ff 

  0x000001bbddb32e80: ;   {other}
  0x000001bbddb32e80: 0f1f 8400 | f023 003a | bae4 ffff | ff48 8b6c | 2438 4c8b | 5c24 284c | 895c 2420 | 4c8b 5c24 
  0x000001bbddb32ea0: 304c 895c | 2428 48ff | 7424 6048 | 8f44 2430 | 48ff 7424 | 5848 8f44 | 2440 4c89 | 6c24 504c 
  0x000001bbddb32ec0: 896c 2458 | 8974 2460 | 4489 5424 | 6866 6690 

  0x000001bbddb32ed0: ;   {runtime_call UncommonTrapBlob}
  0x000001bbddb32ed0: c5f8 77e8 

  0x000001bbddb32ed4: ; ImmutableOopMap {rbp=Oop [32]=Oop [40]=Oop [48]=Oop [64]=Oop [80]=Oop [88]=Oop [104]=NarrowOop }
                      ;*aaload {reexecute=0 rethrow=0 return_oop=0}
                      ; - java.util.HashMap$HashIterator::<init>@70 (line 1593)
                      ; - java.util.HashMap$KeyIterator::<init>@2 (line 1626)
                      ; - java.util.HashMap$KeySet::iterator@8 (line 991)
                      ; - java.util.HashSet::iterator@7 (line 182)
                      ; - game.integration_project1_zaroc.model.ai.ZarocNeuralNet::evaluateBoard@71 (line 68)
  0x000001bbddb32ed4: 2817 65ff 

  0x000001bbddb32ed8: ;   {other}
  0x000001bbddb32ed8: 0f1f 8400 | 4824 003b | 4489 5424 | 484c 896c | 2440 498b | d7c5 f877 | 49ba 8020 | 3384 fd7f 
  0x000001bbddb32ef8: 0000 41ff 

  0x000001bbddb32efc: ;   {other}
  0x000001bbddb32efc: d20f 1f84 | 0000 0000 | 004c 8b6c | 2440 448b | 5424 48e9 | 7eef ffff | bac6 ffff | ff48 8b6c 
  0x000001bbddb32f1c: 2438 4c8b | 5424 284c | 8954 2420 | 4c8b 5424 | 304c 8954 | 2428 48ff | 7424 5848 | 8f44 2438 
  0x000001bbddb32f3c: 4889 5c24 | 4866 6690 

  0x000001bbddb32f44: ;   {runtime_call UncommonTrapBlob}
  0x000001bbddb32f44: c5f8 77e8 

  0x000001bbddb32f48: ; ImmutableOopMap {rbp=Oop [32]=Oop [40]=Oop [56]=Oop [72]=Oop [96]=Oop }
                      ;*invokeinterface iterator {reexecute=0 rethrow=0 return_oop=0}
                      ; - java.util.HashSet::iterator@7 (line 182)
                      ; - game.integration_project1_zaroc.model.ai.ZarocNeuralNet::evaluateBoard@71 (line 68)
  0x000001bbddb32f48: b416 65ff 

  0x000001bbddb32f4c: ;   {other}
  0x000001bbddb32f4c: 0f1f 8400 | bc24 003c | bac6 ffff | ff48 8b6c | 2438 4c8b | 5424 284c | 8954 2420 | 4c8b 5424 
  0x000001bbddb32f6c: 304c 8954 | 2428 4889 | 4424 4044 | 895c 2448 

  0x000001bbddb32f7c: ;   {runtime_call UncommonTrapBlob}
  0x000001bbddb32f7c: c5f8 77e8 

  0x000001bbddb32f80: ; ImmutableOopMap {rbp=Oop [32]=Oop [40]=Oop [64]=Oop [72]=NarrowOop [88]=Oop [96]=Oop }
                      ;*invokevirtual keySet {reexecute=0 rethrow=0 return_oop=0}
                      ; - java.util.HashSet::iterator@4 (line 182)
                      ; - game.integration_project1_zaroc.model.ai.ZarocNeuralNet::evaluateBoard@71 (line 68)
  0x000001bbddb32f80: 7c16 65ff 

  0x000001bbddb32f84: ;   {other}
  0x000001bbddb32f84: 0f1f 8400 | f424 003d | ba45 ffff | ff48 ff74 | 2438 488f | 4424 2048 | ff74 2458 | 488f 4424 
  0x000001bbddb32fa4: 404c 896c | 2450 6690 

  0x000001bbddb32fac: ;   {runtime_call UncommonTrapBlob}
  0x000001bbddb32fac: c5f8 77e8 

  0x000001bbddb32fb0: ; ImmutableOopMap {[32]=Oop [40]=Oop [48]=Oop [64]=Oop [80]=Oop [96]=Oop }
                      ;*ifle {reexecute=1 rethrow=0 return_oop=0}
                      ; - (reexecute) java.util.HashMap$HashIterator::<init>@45 (line 1592)
                      ; - java.util.HashMap$KeyIterator::<init>@2 (line 1626)
                      ; - java.util.HashMap$KeySet::iterator@8 (line 991)
                      ; - java.util.HashSet::iterator@7 (line 182)
                      ; - game.integration_project1_zaroc.model.ai.ZarocNeuralNet::evaluateBoard@71 (line 68)
  0x000001bbddb32fb0: 4c16 65ff 

  0x000001bbddb32fb4: ;   {other}
  0x000001bbddb32fb4: 0f1f 8400 | 2425 003e | ba45 ffff | ff48 8b6c | 2438 4c8b | 5424 284c | 8954 2420 | 4c8b 5424 
  0x000001bbddb32fd4: 304c 8954 | 2428 48ff | 7424 5848 | 8f44 2438 | 4c89 6c24 | 4889 5c24 | 5066 6690 

  0x000001bbddb32ff0: ;   {runtime_call UncommonTrapBlob}
  0x000001bbddb32ff0: c5f8 77e8 

  0x000001bbddb32ff4: ; ImmutableOopMap {rbp=Oop [32]=Oop [40]=Oop [56]=Oop [72]=Oop [96]=Oop }
                      ;*if_icmpge {reexecute=1 rethrow=0 return_oop=0}
                      ; - (reexecute) java.util.HashMap$HashIterator::<init>@54 (line 1593)
                      ; - java.util.HashMap$KeyIterator::<init>@2 (line 1626)
                      ; - java.util.HashMap$KeySet::iterator@8 (line 991)
                      ; - java.util.HashSet::iterator@7 (line 182)
                      ; - game.integration_project1_zaroc.model.ai.ZarocNeuralNet::evaluateBoard@71 (line 68)
  0x000001bbddb32ff4: 0816 65ff 

  0x000001bbddb32ff8: ;   {other}
  0x000001bbddb32ff8: 0f1f 8400 | 6825 003f | 498b d7c5 | f877 49ba | 8020 3384 | fd7f 0000 

  0x000001bbddb33010: ;   {other}
  0x000001bbddb33010: 41ff d20f | 1f84 0000 | 0000 00e9 | b9ef ffff | bae4 ffff | ff48 8b6c | 2438 4c8b | 5424 284c 
  0x000001bbddb33030: 8954 2420 | 4c8b 5424 | 304c 8954 | 2428 48ff | 7424 6048 | 8f44 2448 | 48ff 7424 | 5848 8f44 
  0x000001bbddb33050: 2450 4c89 | 4c24 5844 | 895c 2460 

  0x000001bbddb3305c: ;   {runtime_call UncommonTrapBlob}
  0x000001bbddb3305c: c5f8 77e8 

  0x000001bbddb33060: ; ImmutableOopMap {rbp=Oop [32]=Oop [40]=Oop [72]=Oop [80]=Oop [88]=Oop [96]=NarrowOop }
                      ;*baload {reexecute=0 rethrow=0 return_oop=0}
                      ; - java.lang.StringLatin1::hashCode@34 (line 190)
                      ; - java.lang.String::hashCode@27 (line 2365)
                      ; - java.util.HashMap::hash@9 (line 338)
                      ; - java.util.HashMap::put@2 (line 618)
                      ; - game.integration_project1_zaroc.model.ai.ZarocNeuralNet::evaluateBoard@86 (line 68)
  0x000001bbddb33060: 9c15 65ff 

  0x000001bbddb33064: ;   {other}
  0x000001bbddb33064: 0f1f 8400 | d425 0040 | bade ffff | ff48 8b6c | 2438 4c8b | 5424 284c | 8954 2420 | 4c8b 5424 
  0x000001bbddb33084: 304c 8954 | 2428 4489 | 5c24 4890 

  0x000001bbddb33090: ;   {runtime_call UncommonTrapBlob}
  0x000001bbddb33090: c5f8 77e8 

  0x000001bbddb33094: ; ImmutableOopMap {rbp=Oop [32]=Oop [40]=Oop [72]=NarrowOop [88]=Oop [96]=Oop }
                      ;*checkcast {reexecute=0 rethrow=0 return_oop=0}
                      ; - game.integration_project1_zaroc.model.ai.ZarocNeuralNet::evaluateBoard@81 (line 68)
  0x000001bbddb33094: 6815 65ff 

  0x000001bbddb33098: ;   {other}
  0x000001bbddb33098: 0f1f 8400 | 0826 0041 | bade ffff | ff48 8b6c | 2428 4c8b | 5424 304c | 8954 2420 | 4889 4424 
  0x000001bbddb330b8: 3044 895c | 2438 6690 

  0x000001bbddb330c0: ;   {runtime_call UncommonTrapBlob}
  0x000001bbddb330c0: c5f8 77e8 

  0x000001bbddb330c4: ; ImmutableOopMap {rbp=Oop [32]=Oop [48]=Oop [56]=NarrowOop [96]=Oop }
                      ;*checkcast {reexecute=0 rethrow=0 return_oop=0}
                      ; - ai.onnxruntime.OrtSession$Result::get@17 (line 1628)
                      ; - game.integration_project1_zaroc.model.ai.ZarocNeuralNet::evaluateBoard@106 (line 71)
  0x000001bbddb330c4: 3815 65ff 

  0x000001bbddb330c8: ;   {other}
  0x000001bbddb330c8: 0f1f 8400 | 3826 0042 | bade ffff | ff48 8b6c | 2428 4c8b | 5424 304c | 8954 2420 | 4c8b 5424 
  0x000001bbddb330e8: 384c 8954 | 2430 4889 | 4424 3890 

  0x000001bbddb330f4: ;   {runtime_call UncommonTrapBlob}
  0x000001bbddb330f4: c5f8 77e8 

  0x000001bbddb330f8: ; ImmutableOopMap {rbp=Oop [32]=Oop [48]=Oop [56]=Oop [96]=Oop }
                      ;*checkcast {reexecute=0 rethrow=0 return_oop=0}
                      ; - game.integration_project1_zaroc.model.ai.ZarocNeuralNet::evaluateBoard@114 (line 71)
  0x000001bbddb330f8: 0415 65ff 

  0x000001bbddb330fc: ;   {other}
  0x000001bbddb330fc: 0f1f 8400 | 6c26 0043 | bade ffff | ff48 8b6c | 2430 4c8b | 5424 384c | 8954 2428 | c5fb 114c 
  0x000001bbddb3311c: 2430 4489 | 4424 3890 

  0x000001bbddb33124: ;   {runtime_call UncommonTrapBlob}
  0x000001bbddb33124: c5f8 77e8 

  0x000001bbddb33128: ; ImmutableOopMap {rbp=Oop [40]=Oop [56]=NarrowOop [96]=Oop }
                      ;*checkcast {reexecute=0 rethrow=0 return_oop=0}
                      ; - game.integration_project1_zaroc.model.gamelogic.Game::getCurrentTurn@28 (line 74)
                      ; - game.integration_project1_zaroc.model.ai.ZarocNeuralNet::evaluateBoard@139 (line 76)
  0x000001bbddb33128: d414 65ff 

  0x000001bbddb3312c: ;   {other}
  0x000001bbddb3312c: 0f1f 8400 | 9c26 0044 | bade ffff | ffc5 fb11 | 4424 284c | 8954 2430 | 4489 4424 | 3866 6690 
  0x000001bbddb3314c: ;   {runtime_call UncommonTrapBlob}
  0x000001bbddb3314c: c5f8 77e8 

  0x000001bbddb33150: ; ImmutableOopMap {[48]=Oop [56]=NarrowOop [96]=Oop }
                      ;*checkcast {reexecute=0 rethrow=0 return_oop=0}
                      ; - ai.onnxruntime.OrtSession$Result::close@46 (line 1599)
                      ; - game.integration_project1_zaroc.model.ai.ZarocNeuralNet::evaluateBoard@196 (line 82)
  0x000001bbddb33150: ac14 65ff 

  0x000001bbddb33154: ;   {other}
  0x000001bbddb33154: 0f1f 8400 | c426 0045 | bade ffff | ff48 8b6c | 2438 4c8b | 5c24 284c | 895c 2420 | 4c8b 5c24 
  0x000001bbddb33174: 304c 895c | 2428 4889 | 4424 4044 | 8954 2448 

  0x000001bbddb33184: ;   {runtime_call UncommonTrapBlob}
  0x000001bbddb33184: c5f8 77e8 

  0x000001bbddb33188: ; ImmutableOopMap {rbp=Oop [32]=Oop [40]=Oop [64]=Oop [72]=NarrowOop [88]=Oop [96]=Oop }
                      ;*checkcast {reexecute=0 rethrow=0 return_oop=0}
                      ; - java.util.LinkedHashMap::sequencedKeySet@27 (line 649)
                      ; - java.util.LinkedHashMap::keySet@1 (line 628)
                      ; - java.util.HashSet::iterator@4 (line 182)
                      ; - game.integration_project1_zaroc.model.ai.ZarocNeuralNet::evaluateBoard@71 (line 68)
  0x000001bbddb33188: 7414 65ff 

  0x000001bbddb3318c: ;   {other}
  0x000001bbddb3318c: 0f1f 8400 | fc26 0046 | baf6 ffff | ff48 8b6c | 2438 4c8b | 5424 284c | 8954 2420 | 4c8b 5424 
  0x000001bbddb331ac: 304c 8954 | 2428 4889 | 5c24 3890 

  0x000001bbddb331b8: ;   {runtime_call UncommonTrapBlob}
  0x000001bbddb331b8: c5f8 77e8 

  0x000001bbddb331bc: ; ImmutableOopMap {rbp=Oop [32]=Oop [40]=Oop [56]=Oop }
                      ;*arraylength {reexecute=0 rethrow=0 return_oop=0}
                      ; - game.integration_project1_zaroc.model.ai.ZarocNeuralNet::evaluateBoard@33 (line 64)
  0x000001bbddb331bc: 4014 65ff 

  0x000001bbddb331c0: ;   {other}
  0x000001bbddb331c0: 0f1f 8400 | 3027 0047 | baf6 ffff | ff4c 8b54 | 2428 4c89 | 5424 2090 

  0x000001bbddb331d8: ;   {runtime_call UncommonTrapBlob}
  0x000001bbddb331d8: c5f8 77e8 

  0x000001bbddb331dc: ; ImmutableOopMap {[32]=Oop [48]=Oop [56]=Oop }
                      ;*getfield defaultAllocator {reexecute=1 rethrow=0 return_oop=0}
                      ; - (reexecute) ai.onnxruntime.OnnxTensor::createTensor@2 (line 470)
                      ; - game.integration_project1_zaroc.model.ai.ZarocNeuralNet::evaluateBoard@48 (line 66)
  0x000001bbddb331dc: 2014 65ff 

  0x000001bbddb331e0: ;   {other}
  0x000001bbddb331e0: 0f1f 8400 | 5027 0048 | baf6 ffff | ff4c 8b54 | 2428 4c89 | 5424 2090 

  0x000001bbddb331f8: ;   {runtime_call UncommonTrapBlob}
  0x000001bbddb331f8: c5f8 77e8 

  0x000001bbddb331fc: ; ImmutableOopMap {[32]=Oop [48]=Oop [56]=Oop }
                      ;*invokevirtual isClosed {reexecute=0 rethrow=0 return_oop=0}
                      ; - ai.onnxruntime.OnnxTensor::createTensor@1 (line 489)
                      ; - ai.onnxruntime.OnnxTensor::createTensor@7 (line 470)
                      ; - game.integration_project1_zaroc.model.ai.ZarocNeuralNet::evaluateBoard@48 (line 66)
  0x000001bbddb331fc: 0014 65ff 

  0x000001bbddb33200: ;   {other}
  0x000001bbddb33200: 0f1f 8400 | 7027 0049 | baf6 ffff | ff4c 8b54 | 2428 4c89 | 5424 2090 

  0x000001bbddb33218: ;   {runtime_call UncommonTrapBlob}
  0x000001bbddb33218: c5f8 77e8 

  0x000001bbddb3321c: ; ImmutableOopMap {[32]=Oop [48]=Oop [56]=Oop }
                      ;*getfield data {reexecute=1 rethrow=0 return_oop=0}
                      ; - (reexecute) ai.onnxruntime.OnnxTensor::createTensor@9 (line 755)
                      ; - ai.onnxruntime.OnnxTensor::createTensor@17 (line 491)
                      ; - ai.onnxruntime.OnnxTensor::createTensor@7 (line 470)
                      ; - game.integration_project1_zaroc.model.ai.ZarocNeuralNet::evaluateBoard@48 (line 66)
  0x000001bbddb3321c: e013 65ff 

  0x000001bbddb33220: ;   {other}
  0x000001bbddb33220: 0f1f 8400 | 9027 004a | baf6 ffff | ff4c 8b54 | 2428 4c89 | 5424 2090 

  0x000001bbddb33238: ;   {runtime_call UncommonTrapBlob}
  0x000001bbddb33238: c5f8 77e8 

  0x000001bbddb3323c: ; ImmutableOopMap {[32]=Oop [48]=Oop [56]=Oop }
                      ;*getfield onnxType {reexecute=1 rethrow=0 return_oop=0}
                      ; - (reexecute) ai.onnxruntime.OnnxTensor::createTensor@48 (line 756)
                      ; - ai.onnxruntime.OnnxTensor::createTensor@17 (line 491)
                      ; - ai.onnxruntime.OnnxTensor::createTensor@7 (line 470)
                      ; - game.integration_project1_zaroc.model.ai.ZarocNeuralNet::evaluateBoard@48 (line 66)
  0x000001bbddb3323c: c013 65ff 

  0x000001bbddb33240: ;   {other}
  0x000001bbddb33240: 0f1f 8400 | b027 004b | baf6 ffff | ff4c 8b54 | 2428 4c89 | 5424 2090 

  0x000001bbddb33258: ;   {runtime_call UncommonTrapBlob}
  0x000001bbddb33258: c5f8 77e8 

  0x000001bbddb3325c: ; ImmutableOopMap {[32]=Oop [48]=Oop [56]=Oop }
                      ;*getfield value {reexecute=1 rethrow=0 return_oop=0}
                      ; - (reexecute) ai.onnxruntime.OnnxTensor::createTensor@51 (line 756)
                      ; - ai.onnxruntime.OnnxTensor::createTensor@17 (line 491)
                      ; - ai.onnxruntime.OnnxTensor::createTensor@7 (line 470)
                      ; - game.integration_project1_zaroc.model.ai.ZarocNeuralNet::evaluateBoard@48 (line 66)
  0x000001bbddb3325c: a013 65ff 

  0x000001bbddb33260: ;   {other}
  0x000001bbddb33260: 0f1f 8400 | d027 004c | baf6 ffff | ff48 8b6c | 2438 4c8b | 5424 284c | 8954 2420 | 4c8b 5424 
  0x000001bbddb33280: 304c 8954 | 2428 4889 | 4424 4090 

  0x000001bbddb3328c: ;   {runtime_call UncommonTrapBlob}
  0x000001bbddb3328c: c5f8 77e8 

  0x000001bbddb33290: ; ImmutableOopMap {rbp=Oop [32]=Oop [40]=Oop [64]=Oop [88]=Oop [96]=Oop }
                      ;*invokevirtual getInputNames {reexecute=0 rethrow=0 return_oop=0}
                      ; - game.integration_project1_zaroc.model.ai.ZarocNeuralNet::evaluateBoard@68 (line 68)
  0x000001bbddb33290: 6c13 65ff 

  0x000001bbddb33294: ;   {other}
  0x000001bbddb33294: 0f1f 8400 | 0428 004d | baf6 ffff | ff48 8b6c | 2438 4c8b | 5424 284c | 8954 2420 | 4c8b 5424 
  0x000001bbddb332b4: 304c 8954 | 2428 4889 | 4424 4090 

  0x000001bbddb332c0: ;   {runtime_call UncommonTrapBlob}
  0x000001bbddb332c0: c5f8 77e8 

  0x000001bbddb332c4: ; ImmutableOopMap {rbp=Oop [32]=Oop [40]=Oop [64]=Oop [88]=Oop [96]=Oop }
                      ;*invokeinterface iterator {reexecute=0 rethrow=0 return_oop=0}
                      ; - game.integration_project1_zaroc.model.ai.ZarocNeuralNet::evaluateBoard@71 (line 68)
  0x000001bbddb332c4: 3813 65ff 

  0x000001bbddb332c8: ;   {other}
  0x000001bbddb332c8: 0f1f 8400 | 3828 004e | baf6 ffff | ff48 8b6c | 2438 4c8b | 5424 284c | 8954 2420 | 4c8b 5424 
  0x000001bbddb332e8: 304c 8954 | 2428 4889 | 4424 4090 

  0x000001bbddb332f4: ;   {runtime_call UncommonTrapBlob}
  0x000001bbddb332f4: c5f8 77e8 

  0x000001bbddb332f8: ; ImmutableOopMap {rbp=Oop [32]=Oop [40]=Oop [64]=Oop [88]=Oop [96]=Oop }
                      ;*invokevirtual keySet {reexecute=0 rethrow=0 return_oop=0}
                      ; - java.util.HashSet::iterator@4 (line 182)
                      ; - game.integration_project1_zaroc.model.ai.ZarocNeuralNet::evaluateBoard@71 (line 68)
  0x000001bbddb332f8: 0413 65ff 

  0x000001bbddb332fc: ;   {other}
  0x000001bbddb332fc: 0f1f 8400 | 6c28 004f | baf6 ffff | ff48 8b6c | 2438 4c8b | 5424 284c | 8954 2420 | 4c8b 5424 
  0x000001bbddb3331c: 304c 8954 | 2428 6690 

  0x000001bbddb33324: ;   {runtime_call UncommonTrapBlob}
  0x000001bbddb33324: c5f8 77e8 

  0x000001bbddb33328: ; ImmutableOopMap {rbp=Oop [32]=Oop [40]=Oop [88]=Oop [96]=Oop }
                      ;*getfield modCount {reexecute=1 rethrow=0 return_oop=0}
                      ; - (reexecute) java.util.LinkedHashMap$LinkedHashIterator::nextNode@9 (line 1022)
                      ; - java.util.LinkedHashMap$LinkedKeyIterator::next@1 (line 1046)
                      ; - game.integration_project1_zaroc.model.ai.ZarocNeuralNet::evaluateBoard@76 (line 68)
  0x000001bbddb33328: d412 65ff 

  0x000001bbddb3332c: ;   {other}
  0x000001bbddb3332c: 0f1f 8400 | 9c28 0050 | baf4 ffff | ff48 8b6c | 2438 4c8b | 5424 284c | 8954 2420 | 4c8b 5424 
  0x000001bbddb3334c: 304c 8954 | 2428 6690 

  0x000001bbddb33354: ;   {runtime_call UncommonTrapBlob}
  0x000001bbddb33354: c5f8 77e8 

  0x000001bbddb33358: ; ImmutableOopMap {rbp=Oop [32]=Oop [40]=Oop [88]=Oop [96]=Oop }
                      ;*checkcast {reexecute=0 rethrow=0 return_oop=0}
                      ; - game.integration_project1_zaroc.model.ai.ZarocNeuralNet::evaluateBoard@81 (line 68)
  0x000001bbddb33358: a412 65ff 

  0x000001bbddb3335c: ;   {other}
  0x000001bbddb3335c: 0f1f 8400 | cc28 0051 | baf6 ffff | ff48 8b6c | 2428 4c8b | 5424 304c | 8954 2420 

  0x000001bbddb33378: ;   {runtime_call UncommonTrapBlob}
  0x000001bbddb33378: c5f8 77e8 

  0x000001bbddb3337c: ; ImmutableOopMap {rbp=Oop [32]=Oop [88]=Oop [96]=Oop }
                      ;*invokevirtual run {reexecute=0 rethrow=0 return_oop=0}
                      ; - game.integration_project1_zaroc.model.ai.ZarocNeuralNet::evaluateBoard@98 (line 70)
  0x000001bbddb3337c: 8012 65ff 

  0x000001bbddb33380: ;   {other}
  0x000001bbddb33380: 0f1f 8400 | f028 0052 | baf6 ffff | ff48 8b6c | 2428 6690 

  0x000001bbddb33394: ;   {runtime_call UncommonTrapBlob}
  0x000001bbddb33394: c5f8 77e8 

  0x000001bbddb33398: ; ImmutableOopMap {rbp=Oop [48]=Oop [96]=Oop }
                      ;*invokevirtual get {reexecute=0 rethrow=0 return_oop=0}
                      ; - game.integration_project1_zaroc.model.ai.ZarocNeuralNet::evaluateBoard@106 (line 71)
  0x000001bbddb33398: 6412 65ff 

  0x000001bbddb3339c: ;   {other}
  0x000001bbddb3339c: 0f1f 8400 | 0c29 0053 | baf6 ffff | ff48 8b6c | 2428 4c8b | 5424 304c | 8954 2420 | 4889 4424 
  0x000001bbddb333bc: 3066 6690 

  0x000001bbddb333c0: ;   {runtime_call UncommonTrapBlob}
  0x000001bbddb333c0: c5f8 77e8 

  0x000001bbddb333c4: ; ImmutableOopMap {rbp=Oop [32]=Oop [48]=Oop [96]=Oop }
                      ;*invokeinterface get {reexecute=0 rethrow=0 return_oop=0}
                      ; - ai.onnxruntime.OrtSession$Result::get@12 (line 1628)
                      ; - game.integration_project1_zaroc.model.ai.ZarocNeuralNet::evaluateBoard@106 (line 71)
  0x000001bbddb333c4: 3812 65ff 

  0x000001bbddb333c8: ;   {other}
  0x000001bbddb333c8: 0f1f 8400 | 3829 0054 | baf6 ffff | ff48 8b6c | 2428 4c8b | 5424 304c | 8954 2420 | 4889 4424 
  0x000001bbddb333e8: 3066 6690 

  0x000001bbddb333ec: ;   {runtime_call UncommonTrapBlob}
  0x000001bbddb333ec: c5f8 77e8 

  0x000001bbddb333f0: ; ImmutableOopMap {rbp=Oop [32]=Oop [48]=Oop [96]=Oop }
                      ;*aaload {reexecute=0 rethrow=0 return_oop=0}
                      ; - java.util.ArrayList::elementData@5 (line 411)
                      ; - java.util.ArrayList::get@11 (line 428)
                      ; - ai.onnxruntime.OrtSession$Result::get@12 (line 1628)
                      ; - game.integration_project1_zaroc.model.ai.ZarocNeuralNet::evaluateBoard@106 (line 71)
  0x000001bbddb333f0: 0c12 65ff 

  0x000001bbddb333f4: ;   {other}
  0x000001bbddb333f4: 0f1f 8400 | 6429 0055 | baf4 ffff | ff48 8b6c | 2428 4c8b | 5424 304c | 8954 2420 | 4889 4424 
  0x000001bbddb33414: 3066 6690 

  0x000001bbddb33418: ;   {runtime_call UncommonTrapBlob}
  0x000001bbddb33418: c5f8 77e8 

  0x000001bbddb3341c: ; ImmutableOopMap {rbp=Oop [32]=Oop [48]=Oop [96]=Oop }
                      ;*checkcast {reexecute=0 rethrow=0 return_oop=0}
                      ; - ai.onnxruntime.OrtSession$Result::get@17 (line 1628)
                      ; - game.integration_project1_zaroc.model.ai.ZarocNeuralNet::evaluateBoard@106 (line 71)
  0x000001bbddb3341c: e011 65ff 

  0x000001bbddb33420: ;   {other}
  0x000001bbddb33420: 0f1f 8400 | 9029 0056 | baf4 ffff | ff48 8b6c | 2428 4c8b | 5424 304c | 8954 2420 

  0x000001bbddb3343c: ;   {runtime_call UncommonTrapBlob}
  0x000001bbddb3343c: c5f8 77e8 

  0x000001bbddb33440: ; ImmutableOopMap {rbp=Oop [32]=Oop [56]=Oop [96]=Oop }
                      ;*checkcast {reexecute=0 rethrow=0 return_oop=0}
                      ; - game.integration_project1_zaroc.model.ai.ZarocNeuralNet::evaluateBoard@114 (line 71)
  0x000001bbddb33440: bc11 65ff 

  0x000001bbddb33444: ;   {other}
  0x000001bbddb33444: 0f1f 8400 | b429 0057 | baf6 ffff | ff48 8b6c | 2428 4c8b | 5424 304c | 8954 2420 

  0x000001bbddb33460: ;   {runtime_call UncommonTrapBlob}
  0x000001bbddb33460: c5f8 77e8 

  0x000001bbddb33464: ; ImmutableOopMap {rbp=Oop [32]=Oop [56]=Oop [96]=Oop }
                      ;*faload {reexecute=0 rethrow=0 return_oop=0}
                      ; - game.integration_project1_zaroc.model.ai.ZarocNeuralNet::evaluateBoard@128 (line 74)
  0x000001bbddb33464: 9811 65ff 

  0x000001bbddb33468: ;   {other}
  0x000001bbddb33468: 0f1f 8400 | d829 0058 | baf6 ffff | ff48 8b6c | 2430 c5fb | 114c 2430 

  0x000001bbddb33480: ;   {runtime_call UncommonTrapBlob}
  0x000001bbddb33480: c5f8 77e8 

  0x000001bbddb33484: ; ImmutableOopMap {rbp=Oop [56]=Oop [96]=Oop }
                      ;*invokevirtual getCurrentTurn {reexecute=0 rethrow=0 return_oop=0}
                      ; - game.integration_project1_zaroc.model.ai.ZarocNeuralNet::evaluateBoard@139 (line 76)
  0x000001bbddb33484: 7811 65ff 

  0x000001bbddb33488: ;   {other}
  0x000001bbddb33488: 0f1f 8400 | f829 0059 | baf6 ffff | ff48 8b6c | 2430 c5fb | 114c 2430 

  0x000001bbddb334a0: ;   {runtime_call UncommonTrapBlob}
  0x000001bbddb334a0: c5f8 77e8 

  0x000001bbddb334a4: ; ImmutableOopMap {rbp=Oop [56]=Oop [96]=Oop }
                      ;*invokevirtual isEmpty {reexecute=0 rethrow=0 return_oop=0}
                      ; - game.integration_project1_zaroc.model.gamelogic.Game::getCurrentTurn@4 (line 73)
                      ; - game.integration_project1_zaroc.model.ai.ZarocNeuralNet::evaluateBoard@139 (line 76)
  0x000001bbddb334a4: 5811 65ff 

  0x000001bbddb334a8: ;   {other}
  0x000001bbddb334a8: 0f1f 8400 | 182a 005a | baf6 ffff | ff48 8b6c | 2430 4c8b | 5424 384c | 8954 2428 | c5fb 114c 
  0x000001bbddb334c8: 2430 4489 | 5c24 3890 

  0x000001bbddb334d0: ;   {runtime_call UncommonTrapBlob}
  0x000001bbddb334d0: c5f8 77e8 

  0x000001bbddb334d4: ; ImmutableOopMap {rbp=Oop [40]=Oop [96]=Oop }
                      ;*aaload {reexecute=0 rethrow=0 return_oop=0}
                      ; - java.util.ArrayList::elementData@5 (line 411)
                      ; - java.util.ArrayList::get@11 (line 428)
                      ; - game.integration_project1_zaroc.model.gamelogic.Game::getCurrentTurn@25 (line 74)
                      ; - game.integration_project1_zaroc.model.ai.ZarocNeuralNet::evaluateBoard@139 (line 76)
  0x000001bbddb334d4: 2811 65ff 

  0x000001bbddb334d8: ;   {other}
  0x000001bbddb334d8: 0f1f 8400 | 482a 005b | baf4 ffff | ff48 8b6c | 2430 c5fb | 114c 2430 

  0x000001bbddb334f0: ;   {runtime_call UncommonTrapBlob}
  0x000001bbddb334f0: c5f8 77e8 

  0x000001bbddb334f4: ; ImmutableOopMap {rbp=Oop [56]=Oop [96]=Oop }
                      ;*checkcast {reexecute=0 rethrow=0 return_oop=0}
                      ; - game.integration_project1_zaroc.model.gamelogic.Game::getCurrentTurn@28 (line 74)
                      ; - game.integration_project1_zaroc.model.ai.ZarocNeuralNet::evaluateBoard@139 (line 76)
  0x000001bbddb334f4: 0811 65ff 

  0x000001bbddb334f8: ;   {other}
  0x000001bbddb334f8: 0f1f 8400 | 682a 005c | baf6 ffff | ff48 8b6c | 2430 c5fb | 114c 2430 

  0x000001bbddb33510: ;   {runtime_call UncommonTrapBlob}
  0x000001bbddb33510: c5f8 77e8 

  0x000001bbddb33514: ; ImmutableOopMap {rbp=Oop [56]=Oop [96]=Oop }
                      ;*invokevirtual getUsername {reexecute=0 rethrow=0 return_oop=0}
                      ; - game.integration_project1_zaroc.model.ai.ZarocNeuralNet::evaluateBoard@145 (line 76)
  0x000001bbddb33514: e810 65ff 

  0x000001bbddb33518: ;   {other}
  0x000001bbddb33518: 0f1f 8400 | 882a 005d | baf6 ffff | ff48 8b6c | 2430 c5fb | 114c 2430 

  0x000001bbddb33530: ;   {runtime_call UncommonTrapBlob}
  0x000001bbddb33530: c5f8 77e8 

  0x000001bbddb33534: ; ImmutableOopMap {rbp=Oop [56]=Oop [96]=Oop }
                      ;*invokevirtual trim {reexecute=0 rethrow=0 return_oop=0}
                      ; - game.integration_project1_zaroc.model.ai.ZarocNeuralNet::evaluateBoard@148 (line 77)
  0x000001bbddb33534: c810 65ff 

  0x000001bbddb33538: ;   {other}
  0x000001bbddb33538: 0f1f 8400 | a82a 005e | baf6 ffff | ff48 8b6c | 2430 c5fb | 114c 2430 

  0x000001bbddb33550: ;   {runtime_call UncommonTrapBlob}
  0x000001bbddb33550: c5f8 77e8 

  0x000001bbddb33554: ; ImmutableOopMap {rbp=Oop [56]=Oop [96]=Oop }
                      ;*arraylength {reexecute=0 rethrow=0 return_oop=0}
                      ; - java.lang.StringLatin1::trim@1 (line 571)
                      ; - java.lang.String::trim@11 (line 3775)
                      ; - game.integration_project1_zaroc.model.ai.ZarocNeuralNet::evaluateBoard@148 (line 77)
  0x000001bbddb33554: a810 65ff 

  0x000001bbddb33558: ;   {other}
  0x000001bbddb33558: 0f1f 8400 | c82a 005f | baf6 ffff | ffc5 fb11 | 4424 2090 

  0x000001bbddb3356c: ;   {runtime_call UncommonTrapBlob}
  0x000001bbddb3356c: c5f8 77e8 

  0x000001bbddb33570: ; ImmutableOopMap {[96]=Oop }
                      ;*invokeinterface size {reexecute=0 rethrow=0 return_oop=0}
                      ; - ai.onnxruntime.OrtSession$Result::close@19 (line 1597)
                      ; - game.integration_project1_zaroc.model.ai.ZarocNeuralNet::evaluateBoard@196 (line 82)
  0x000001bbddb33570: 8c10 65ff 

  0x000001bbddb33574: ;   {other}
  0x000001bbddb33574: 0f1f 8400 | e42a 0060 | baf6 ffff | ffc5 fb11 | 4424 2890 

  0x000001bbddb33588: ;   {runtime_call UncommonTrapBlob}
  0x000001bbddb33588: c5f8 77e8 

  0x000001bbddb3358c: ; ImmutableOopMap {[96]=Oop }
                      ;*baload {reexecute=0 rethrow=0 return_oop=0}
                      ; - ai.onnxruntime.OrtSession$Result::close@32 (line 1598)
                      ; - game.integration_project1_zaroc.model.ai.ZarocNeuralNet::evaluateBoard@196 (line 82)
  0x000001bbddb3358c: 7010 65ff 

  0x000001bbddb33590: ;   {other}
  0x000001bbddb33590: 0f1f 8400 | 002b 0061 | baf6 ffff | ffc5 fb11 | 4424 2890 

  0x000001bbddb335a4: ;   {runtime_call UncommonTrapBlob}
  0x000001bbddb335a4: c5f8 77e8 

  0x000001bbddb335a8: ; ImmutableOopMap {[96]=Oop }
                      ;*invokeinterface get {reexecute=0 rethrow=0 return_oop=0}
                      ; - ai.onnxruntime.OrtSession$Result::close@41 (line 1599)
                      ; - game.integration_project1_zaroc.model.ai.ZarocNeuralNet::evaluateBoard@196 (line 82)
  0x000001bbddb335a8: 5410 65ff 

  0x000001bbddb335ac: ;   {other}
  0x000001bbddb335ac: 0f1f 8400 | 1c2b 0062 | baf6 ffff | ffc5 fb11 | 4424 2890 

  0x000001bbddb335c0: ;   {runtime_call UncommonTrapBlob}
  0x000001bbddb335c0: c5f8 77e8 

  0x000001bbddb335c4: ; ImmutableOopMap {[96]=Oop }
                      ;*aaload {reexecute=0 rethrow=0 return_oop=0}
                      ; - java.util.ArrayList::elementData@5 (line 411)
                      ; - java.util.ArrayList::get@11 (line 428)
                      ; - ai.onnxruntime.OrtSession$Result::close@41 (line 1599)
                      ; - game.integration_project1_zaroc.model.ai.ZarocNeuralNet::evaluateBoard@196 (line 82)
  0x000001bbddb335c4: 3810 65ff 

  0x000001bbddb335c8: ;   {other}
  0x000001bbddb335c8: 0f1f 8400 | 382b 0063 | baf4 ffff | ffc5 fb11 | 4424 284c | 8954 2430 

  0x000001bbddb335e0: ;   {runtime_call UncommonTrapBlob}
  0x000001bbddb335e0: c5f8 77e8 

  0x000001bbddb335e4: ; ImmutableOopMap {[48]=Oop [96]=Oop }
                      ;*checkcast {reexecute=0 rethrow=0 return_oop=0}
                      ; - ai.onnxruntime.OrtSession$Result::close@46 (line 1599)
                      ; - game.integration_project1_zaroc.model.ai.ZarocNeuralNet::evaluateBoard@196 (line 82)
  0x000001bbddb335e4: 1810 65ff 

  0x000001bbddb335e8: ;   {other}
  0x000001bbddb335e8: 0f1f 8400 | 582b 0064 | baf6 ffff | ff66 6690 

  0x000001bbddb335f8: ;   {runtime_call UncommonTrapBlob}
  0x000001bbddb335f8: c5f8 77e8 

  0x000001bbddb335fc: ; ImmutableOopMap {[96]=Oop }
                      ;*invokeinterface size {reexecute=0 rethrow=0 return_oop=0}
                      ; - ai.onnxruntime.OrtSession$Result::close@19 (line 1597)
                      ; - game.integration_project1_zaroc.model.ai.ZarocNeuralNet::evaluateBoard@196 (line 82)
  0x000001bbddb335fc: 0010 65ff 

  0x000001bbddb33600: ;   {other}
  0x000001bbddb33600: 0f1f 8400 | 702b 0065 | baf6 ffff | ff48 8b6c | 2438 4c8b | 5424 284c | 8954 2420 | 4c8b 5424 
  0x000001bbddb33620: 304c 8954 | 2428 48ff | 7424 5848 | 8f44 2438 

  0x000001bbddb33630: ;   {runtime_call UncommonTrapBlob}
  0x000001bbddb33630: c5f8 77e8 

  0x000001bbddb33634: ; ImmutableOopMap {rbp=Oop [32]=Oop [40]=Oop [56]=Oop [96]=Oop }
                      ;*getfield head {reexecute=1 rethrow=0 return_oop=0}
                      ; - (reexecute) java.util.LinkedHashMap$LinkedHashIterator::<init>@27 (line 1011)
                      ; - java.util.LinkedHashMap$LinkedKeyIterator::<init>@3 (line 1045)
                      ; - java.util.LinkedHashMap$LinkedKeySet::iterator@12 (line 700)
                      ; - java.util.HashSet::iterator@7 (line 182)
                      ; - game.integration_project1_zaroc.model.ai.ZarocNeuralNet::evaluateBoard@71 (line 68)
  0x000001bbddb33634: c80f 65ff 

  0x000001bbddb33638: ;   {other}
  0x000001bbddb33638: 0f1f 8400 | a82b 0066 | baf6 ffff | ff48 8b6c | 2438 4c8b | 5424 284c | 8954 2420 | 4c8b 5424 
  0x000001bbddb33658: 304c 8954 | 2428 6690 

  0x000001bbddb33660: ;   {runtime_call UncommonTrapBlob}
  0x000001bbddb33660: c5f8 77e8 

  0x000001bbddb33664: ; ImmutableOopMap {rbp=Oop [32]=Oop [40]=Oop [88]=Oop [96]=Oop }
                      ;*arraylength {reexecute=0 rethrow=0 return_oop=0}
                      ; - java.lang.StringLatin1::hashCode@1 (line 188)
                      ; - java.lang.String::hashCode@27 (line 2365)
                      ; - java.util.HashMap::hash@9 (line 338)
                      ; - java.util.HashMap::put@2 (line 618)
                      ; - game.integration_project1_zaroc.model.ai.ZarocNeuralNet::evaluateBoard@86 (line 68)
  0x000001bbddb33664: 980f 65ff 

  0x000001bbddb33668: ;   {other}
  0x000001bbddb33668: 0f1f 8400 | d82b 0067 | ba45 ffff | ff48 ff74 | 2438 488f | 4424 2048 | 8944 2448 | 4489 5424 
  0x000001bbddb33688: 5466 6690 

  0x000001bbddb3368c: ;   {runtime_call UncommonTrapBlob}
  0x000001bbddb3368c: c5f8 77e8 

  0x000001bbddb33690: ; ImmutableOopMap {rbp=Oop [32]=Oop [40]=Oop [48]=Oop [72]=Oop [84]=NarrowOop [88]=Oop [96]=Oop }
                      ;*ifnonnull {reexecute=1 rethrow=0 return_oop=0}
                      ; - (reexecute) java.util.LinkedHashMap::sequencedKeySet@6 (line 642)
                      ; - java.util.LinkedHashMap::keySet@1 (line 628)
                      ; - java.util.HashSet::iterator@4 (line 182)
                      ; - game.integration_project1_zaroc.model.ai.ZarocNeuralNet::evaluateBoard@71 (line 68)
  0x000001bbddb33690: 6c0f 65ff 

  0x000001bbddb33694: ;   {other}
  0x000001bbddb33694: 0f1f 8400 | 042c 0068 | baf6 ffff | ffc5 fb11 | 4c24 2890 

  0x000001bbddb336a8: ;   {runtime_call UncommonTrapBlob}
  0x000001bbddb336a8: c5f8 77e8 

  0x000001bbddb336ac: ; ImmutableOopMap {[56]=Oop [96]=Oop }
                      ;*arraylength {reexecute=0 rethrow=0 return_oop=0}
                      ; - java.lang.String::length@4 (line 1519)
                      ; - java.lang.String::equalsIgnoreCase@14 (line 1992)
                      ; - game.integration_project1_zaroc.model.ai.ZarocNeuralNet::evaluateBoard@152 (line 77)
  0x000001bbddb336ac: 500f 65ff 

  0x000001bbddb336b0: ;   {other}
  0x000001bbddb336b0: 0f1f 8400 | 202c 0069 | baf6 ffff | ff48 8b6c | 2438 4c8b | 5424 284c | 8954 2420 | 4c8b 5424 
  0x000001bbddb336d0: 304c 8954 | 2428 48ff | 7424 5848 | 8f44 2438 

  0x000001bbddb336e0: ;   {runtime_call UncommonTrapBlob}
  0x000001bbddb336e0: c5f8 77e8 

  0x000001bbddb336e4: ; ImmutableOopMap {rbp=Oop [32]=Oop [40]=Oop [56]=Oop [96]=Oop }
                      ;*getfield modCount {reexecute=1 rethrow=0 return_oop=0}
                      ; - (reexecute) java.util.HashMap$HashIterator::<init>@11 (line 1588)
                      ; - java.util.HashMap$KeyIterator::<init>@2 (line 1626)
                      ; - java.util.HashMap$KeySet::iterator@8 (line 991)
                      ; - java.util.HashSet::iterator@7 (line 182)
                      ; - game.integration_project1_zaroc.model.ai.ZarocNeuralNet::evaluateBoard@71 (line 68)
  0x000001bbddb336e4: 180f 65ff 

  0x000001bbddb336e8: ;   {other}
  0x000001bbddb336e8: 0f1f 8400 | 582c 006a | 488b d0e9 | df03 0000 | 4889 4424 | 20e9 1803 | 0000 448b | 5808 49ba 
  0x000001bbddb33708: 0000 0080 | bb01 0000 | 4d03 d34d 

  0x000001bbddb33714: ;   {metadata('java/lang/Exception')}
  0x000001bbddb33714: 8b52 4049 | bbb8 c000 | 80bb 0100 | 004d 3bd3 | 75ca 488b | d0e9 7f03 | 0000 e9f1 | 0000 00e9 
  0x000001bbddb33734: ec00 0000 | 488b 5424 | 204c 8bc0 

  0x000001bbddb33740: ;   {optimized virtual_call}
  0x000001bbddb33740: c5f8 77e8 

  0x000001bbddb33744: ; ImmutableOopMap {[32]=Oop [96]=Oop }
                      ;*invokevirtual addSuppressed {reexecute=0 rethrow=0 return_oop=0}
                      ; - game.integration_project1_zaroc.model.ai.ZarocNeuralNet::evaluateBoard@233 (line 70)
  0x000001bbddb33744: 38b3 64ff 

  0x000001bbddb33748: ;   {other}
  0x000001bbddb33748: 0f1f 8400 | b82c 006b | e9c5 0200 | 0048 8bd0 | e97a 0300 | 0048 8bd0 | e972 0300 | 00e9 f701 
  0x000001bbddb33768: 0000 488b | 5424 204c | 8bc0 6690 

  0x000001bbddb33774: ;   {optimized virtual_call}
  0x000001bbddb33774: c5f8 77e8 

  0x000001bbddb33778: ; ImmutableOopMap {[32]=Oop }
                      ;*invokevirtual addSuppressed {reexecute=0 rethrow=0 return_oop=0}
                      ; - game.integration_project1_zaroc.model.ai.ZarocNeuralNet::evaluateBoard@260 (line 66)
  0x000001bbddb33778: 04b3 64ff 

  0x000001bbddb3377c: ;   {other}
  0x000001bbddb3377c: 0f1f 8400 | ec2c 006c | e9a7 0200 | 0048 8bd0 | e946 0300 | 0044 8b58 

  0x000001bbddb33794: ;   {metadata('java/lang/IllegalArgumentException')}
  0x000001bbddb33794: 0849 ba48 | c706 80bb | 0100 0049 | b800 0000 | 80bb 0100 | 004d 03c3 | 4d8b 5850 | 4d3b da0f 
  0x000001bbddb337b4: 8485 0300 | 004d 8b50 

  0x000001bbddb337bc: ;   {metadata('java/lang/Exception')}
  0x000001bbddb337bc: 4049 bbb8 | c000 80bb | 0100 004d | 3bd3 7589 | 488b d0e9 | d902 0000 | 448b 5808 | 49ba 0000 
  0x000001bbddb337dc: 0080 bb01 | 0000 4d03 | d34d 8b52 

  0x000001bbddb337e8: ;   {metadata('java/lang/Exception')}
  0x000001bbddb337e8: 4049 bbb8 | c000 80bb | 0100 004d | 3bd3 0f85 | 61ff ffff | 488b d0e9 | a902 0000 | 4889 4424 
  0x000001bbddb33808: 20e9 0c02 | 0000 448b | 5008 49bb | 0000 0080 | bb01 0000 | 4d03 dae9 | 7302 0000 | 4889 4424 
  0x000001bbddb33828: 20e9 ec01 | 0000 4889 | 4424 20e9 | 0d01 0000 | 498b d0e9 | 9702 0000 | 488b d848 | 8d44 2470 
  0x000001bbddb33848: 4883 3800 | 0f84 7b00 | 0000 4c8b | 5500 41f6 | c202 0f84 | 6200 0000 | 4983 ba86 | 0000 0000 
  0x000001bbddb33868: 7409 49ff | 8a86 0000 | 00eb 4b49 | 8b82 9600 | 0000 490b | 828e 0000 | 0075 0a49 | c742 3e00 
  0x000001bbddb33888: 0000 00eb | 3e49 83ba | 9e00 0000 | 0074 2248 | 33c0 49c7 | 423e 0000 | 0000 f083 | 0424 0049 
  0x000001bbddb338a8: 83ba 9e00 | 0000 0075 | 0df0 4d0f | b17a 3e75 | 0583 c801 | eb0d a800 | eb09 4c8b | 10f0 4c0f 
  0x000001bbddb338c8: b155 0075 | 0a49 ff8f | 5005 0000 | 4533 d20f | 850f 0200 | 004c 8bc3 | 458b 5008 | 49bb 0000 
  0x000001bbddb338e8: ;   {no_reloc}
  0x000001bbddb338e8: 0080 bb01 | 0000 4d03 | da4d 8b53 

  0x000001bbddb338f4: ;   {metadata('java/lang/Exception')}
  0x000001bbddb338f4: 4049 bbb8 | c000 80bb | 0100 004d | 3bd3 0f85 | 30ff ffff | 498b d0e9 | 9d01 0000 | 448b 5008 
  0x000001bbddb33914: 49bb 0000 | 0080 bb01 | 0000 4d03 | da4d 8b53 

  0x000001bbddb33924: ;   {metadata('java/lang/Exception')}
  0x000001bbddb33924: 4049 bbb8 | c000 80bb | 0100 004d | 3bd3 0f85 | af01 0000 | 488b d0e9 | 6d01 0000 | 4889 4424 
  0x000001bbddb33944: 2048 8b54 | 2438 6690 

  0x000001bbddb3394c: ;   {optimized virtual_call}
  0x000001bbddb3394c: c5f8 77e8 

  0x000001bbddb33950: ; ImmutableOopMap {[32]=Oop [96]=Oop }
                      ;*invokevirtual close {reexecute=0 rethrow=0 return_oop=0}
                      ; - game.integration_project1_zaroc.model.ai.ZarocNeuralNet::evaluateBoard@221 (line 70)
  0x000001bbddb33950: 2cb1 64ff 

  0x000001bbddb33954: ;   {other}
  0x000001bbddb33954: 0f1f 8400 | c42e 006d | e9b9 0000 | 0048 8944 | 2420 e9af | 0000 0048 | 8944 2420 | e9a5 0000 
  0x000001bbddb33974: 0048 8bd8 | 4c8b 5c24 | 3048 8d44 | 2470 4883 | 3800 0f84 | 7900 0000 | 4d8b 1341 | f6c2 020f 
  0x000001bbddb33994: 8462 0000 | 0049 83ba | 8600 0000 | 0074 0949 | ff8a 8600 | 0000 eb4b | 498b 8296 | 0000 0049 
  0x000001bbddb339b4: 0b82 8e00 | 0000 750a | 49c7 423e | 0000 0000 | eb3d 4983 | ba9e 0000 | 0000 7422 | 4833 c049 
  0x000001bbddb339d4: c742 3e00 | 0000 00f0 | 8304 2400 | 4983 ba9e | 0000 0000 | 750d f04d | 0fb1 7a3e | 7505 83c8 
  0x000001bbddb339f4: 01eb 0ca8 | 00eb 084c | 8b10 f04d | 0fb1 1375 | 0a49 ff8f | 5005 0000 | 4533 d20f | 8501 0100 
  0x000001bbddb33a14: 0048 895c | 2420 488b | 5424 6090 

  0x000001bbddb33a20: ;   {optimized virtual_call}
  0x000001bbddb33a20: c5f8 77e8 

  0x000001bbddb33a24: ; ImmutableOopMap {[32]=Oop }
                      ;*invokevirtual close {reexecute=0 rethrow=0 return_oop=0}
                      ; - game.integration_project1_zaroc.model.ai.ZarocNeuralNet::evaluateBoard@248 (line 66)
  0x000001bbddb33a24: 58b0 64ff 

  0x000001bbddb33a28: ;   {other}
  0x000001bbddb33a28: 0f1f 8400 | 982f 006e | 4c8b 4424 | 2045 8b50 | 0849 bb00 | 0000 80bb | 0100 004d | 03da 4d8b 
  0x000001bbddb33a48: ;   {metadata('java/lang/Exception')}
  0x000001bbddb33a48: 5340 49bb | b8c0 0080 | bb01 0000 | 4d3b d375 | 7448 8b54 | 2420 eb4d | 448b 5008 | 49bb 0000 
  0x000001bbddb33a68: 0080 bb01 | 0000 4d03 | daeb 2444 | 8b50 0849 | bb00 0000 | 80bb 0100 | 004d 03da | eb11 448b 
  0x000001bbddb33a88: 5008 49bb | 0000 0080 | bb01 0000 | 4d03 da4d 

  0x000001bbddb33a98: ;   {metadata('java/lang/Exception')}
  0x000001bbddb33a98: 8b53 4049 | bbb8 c000 | 80bb 0100 | 004d 3bd3 | 752a 488b | d066 6690 

  0x000001bbddb33ab0: ;   {optimized virtual_call}
  0x000001bbddb33ab0: c5f8 77e8 

  0x000001bbddb33ab4: ; ImmutableOopMap {}
                      ;*invokevirtual printStackTrace {reexecute=0 rethrow=0 return_oop=0}
                      ; - game.integration_project1_zaroc.model.ai.ZarocNeuralNet::evaluateBoard@268 (line 85)
  0x000001bbddb33ab4: c8af 64ff 

  0x000001bbddb33ab8: ;   {other}
  0x000001bbddb33ab8: 0f1f 8400 | 2830 006f 

  0x000001bbddb33ac0: ;   {section_word}
  0x000001bbddb33ac0: c5fb 1005 | b8d4 ffff | e9e7 e2ff | ff48 8b54 | 2420 eb03 | 488b d0c5 | f877 4881 | c480 0000 
  0x000001bbddb33ae0: ;   {runtime_call _rethrow_Java}
  0x000001bbddb33ae0: 005d e919 | c87a ff48 | 8bd0 ebeb | 488b 4c24 | 6048 8d54 | 2470 4d8b | c7c5 f877 | 49ba a0d6 
  0x000001bbddb33b00: 7384 fd7f | 0000 41ff 

  0x000001bbddb33b08: ;   {other}
  0x000001bbddb33b08: d20f 1f84 | 0000 0000 | 00e9 c7fd | ffff 498b | cb48 8d54 | 2470 4d8b | c7c5 f877 | 49ba a0d6 
  0x000001bbddb33b28: 7384 fd7f | 0000 41ff 

  0x000001bbddb33b30: ;   {other}
  0x000001bbddb33b30: d20f 1f84 | 0000 0000 | 00e9 d7fe | ffff ba25 | 0000 0090 

  0x000001bbddb33b44: ;   {runtime_call UncommonTrapBlob}
  0x000001bbddb33b44: c5f8 77e8 

  0x000001bbddb33b48: ; ImmutableOopMap {rbp=NarrowOop [32]=Oop [40]=Oop [48]=Oop [72]=Oop }
                      ;*new {reexecute=0 rethrow=0 return_oop=0}
                      ; - java.nio.FloatBuffer::wrap@13 (line 438)
                      ; - java.nio.FloatBuffer::wrap@4 (line 465)
                      ; - game.integration_project1_zaroc.model.ai.ZarocNeuralNet::evaluateBoard@43 (line 66)
  0x000001bbddb33b48: b40a 65ff 

  0x000001bbddb33b4c: ;   {other}
  0x000001bbddb33b4c: 0f1f 8400 | bc30 0070 

  0x000001bbddb33b54: ;   {internal_word}
  0x000001bbddb33b54: 49ba bf1d | b3dd bb01 | 0000 4d89 | 9768 0400 

  0x000001bbddb33b64: ;   {runtime_call SafepointBlob}
  0x000001bbddb33b64: 00e9 961b 

  0x000001bbddb33b68: ;   {runtime_call StubRoutines (final stubs)}
  0x000001bbddb33b68: 65ff e8f1 | 1163 ffe9 | 6ad4 ffff | f4f4 f4f4 
[Stub Code]
  0x000001bbddb33b78: ;   {no_reloc}
  0x000001bbddb33b78: 48bb 0000 | 0000 0000 

  0x000001bbddb33b80: ;   {runtime_call}
  0x000001bbddb33b80: 0000 e9fb 

  0x000001bbddb33b84: ;   {static_stub}
  0x000001bbddb33b84: ffff ff48 | bb00 0000 | 0000 0000 

  0x000001bbddb33b90: ;   {runtime_call}
  0x000001bbddb33b90: 00e9 fbff 

  0x000001bbddb33b94: ;   {static_stub}
  0x000001bbddb33b94: ffff 48bb | 0000 0000 | 0000 0000 

  0x000001bbddb33ba0: ;   {runtime_call}
  0x000001bbddb33ba0: e9fb ffff 

  0x000001bbddb33ba4: ;   {static_stub}
  0x000001bbddb33ba4: ff48 bb00 | 0000 0000 

  0x000001bbddb33bac: ;   {runtime_call}
  0x000001bbddb33bac: 0000 00e9 | fbff ffff 

  0x000001bbddb33bb4: ;   {static_stub}
  0x000001bbddb33bb4: 48bb 0000 | 0000 0000 

  0x000001bbddb33bbc: ;   {runtime_call}
  0x000001bbddb33bbc: 0000 e9fb 

  0x000001bbddb33bc0: ;   {static_stub}
  0x000001bbddb33bc0: ffff ff48 | bb00 0000 | 0000 0000 

  0x000001bbddb33bcc: ;   {runtime_call}
  0x000001bbddb33bcc: 00e9 fbff 

  0x000001bbddb33bd0: ;   {static_stub}
  0x000001bbddb33bd0: ffff 48bb | 0000 0000 | 0000 0000 

  0x000001bbddb33bdc: ;   {runtime_call}
  0x000001bbddb33bdc: e9fb ffff 

  0x000001bbddb33be0: ;   {static_stub}
  0x000001bbddb33be0: ff48 bb00 | 0000 0000 

  0x000001bbddb33be8: ;   {runtime_call}
  0x000001bbddb33be8: 0000 00e9 | fbff ffff 

  0x000001bbddb33bf0: ;   {static_stub}
  0x000001bbddb33bf0: 48bb 0000 | 0000 0000 

  0x000001bbddb33bf8: ;   {runtime_call}
  0x000001bbddb33bf8: 0000 e9fb 

  0x000001bbddb33bfc: ;   {static_stub}
  0x000001bbddb33bfc: ffff ff48 | bb00 0000 | 0000 0000 

  0x000001bbddb33c08: ;   {runtime_call}
  0x000001bbddb33c08: 00e9 fbff 

  0x000001bbddb33c0c: ;   {static_stub}
  0x000001bbddb33c0c: ffff 48bb | 0000 0000 | 0000 0000 

  0x000001bbddb33c18: ;   {runtime_call}
  0x000001bbddb33c18: e9fb ffff 

  0x000001bbddb33c1c: ;   {static_stub}
  0x000001bbddb33c1c: ff48 bb00 | 0000 0000 

  0x000001bbddb33c24: ;   {runtime_call}
  0x000001bbddb33c24: 0000 00e9 | fbff ffff 

  0x000001bbddb33c2c: ;   {static_stub}
  0x000001bbddb33c2c: 48bb 0000 | 0000 0000 

  0x000001bbddb33c34: ;   {runtime_call}
  0x000001bbddb33c34: 0000 e9fb 

  0x000001bbddb33c38: ;   {static_stub}
  0x000001bbddb33c38: ffff ff48 | bb00 0000 | 0000 0000 

  0x000001bbddb33c44: ;   {runtime_call}
  0x000001bbddb33c44: 00e9 fbff 

  0x000001bbddb33c48: ;   {runtime_call ExceptionBlob}
  0x000001bbddb33c48: ffff e931 | 5d71 ffe8 | 0000 0000 | 4883 2c24 

  0x000001bbddb33c58: ;   {runtime_call DeoptimizationBlob}
  0x000001bbddb33c58: 05e9 420d | 65ff f4f4 
[/MachCode]


---------------  P R O C E S S  ---------------

Threads class SMR info:
_java_thread_list=0x000001bbf3a0ffa0, length=42, elements={
0x000001bbcbde8560, 0x000001bbedc5a9a0, 0x000001bbedc5c170, 0x000001bbedc5ff70,
0x000001bbedc60d30, 0x000001bbedc6f2a0, 0x000001bbedc73150, 0x000001bbedc7b760,
0x000001bbedc7c980, 0x000001bbedc709f0, 0x000001bbedc72ac0, 0x000001bbedc72430,
0x000001bbedc71710, 0x000001bbedc71da0, 0x000001bbedc737e0, 0x000001bbf32ddd10,
0x000001bbf32df0c0, 0x000001bbf32df750, 0x000001bbf32dd680, 0x000001bbf32de3a0,
0x000001bbf32dfde0, 0x000001bbf32e0470, 0x000001bbf32dea30, 0x000001bbf32e2540,
0x000001bbfabae210, 0x000001bbf32e1190, 0x000001bbf32e38f0, 0x000001bbf32e2bd0,
0x000001bbc16aa8c0, 0x000001bbc16aaf50, 0x000001bbc16ac990, 0x000001bbc16ad020,
0x000001bbc16ab5e0, 0x000001bbc16ad6b0, 0x000001bbc16add40, 0x000001bbc16abc70,
0x000001bbc16ac300, 0x000001bbf23669d0, 0x000001bbf23697c0, 0x000001bbf2367d80,
0x000001bbf2367060, 0x000001bbfa879ca0
}

Java Threads: ( => current thread )
  0x000001bbcbde8560 JavaThread "main"                              [_thread_blocked, id=14128, stack(0x0000008545900000,0x0000008545a00000) (1024K)]
  0x000001bbedc5a9a0 JavaThread "Reference Handler"          daemon [_thread_blocked, id=1108, stack(0x0000008546100000,0x0000008546200000) (1024K)]
  0x000001bbedc5c170 JavaThread "Finalizer"                  daemon [_thread_blocked, id=10644, stack(0x0000008546200000,0x0000008546300000) (1024K)]
  0x000001bbedc5ff70 JavaThread "Signal Dispatcher"          daemon [_thread_blocked, id=1960, stack(0x0000008546300000,0x0000008546400000) (1024K)]
  0x000001bbedc60d30 JavaThread "Attach Listener"            daemon [_thread_blocked, id=12460, stack(0x0000008546400000,0x0000008546500000) (1024K)]
  0x000001bbedc6f2a0 JavaThread "Service Thread"             daemon [_thread_blocked, id=26852, stack(0x0000008546500000,0x0000008546600000) (1024K)]
  0x000001bbedc73150 JavaThread "Monitor Deflation Thread"   daemon [_thread_blocked, id=13940, stack(0x0000008546600000,0x0000008546700000) (1024K)]
  0x000001bbedc7b760 JavaThread "C2 CompilerThread0"         daemon [_thread_blocked, id=21872, stack(0x0000008546700000,0x0000008546800000) (1024K)]
  0x000001bbedc7c980 JavaThread "C1 CompilerThread0"         daemon [_thread_blocked, id=22520, stack(0x0000008546800000,0x0000008546900000) (1024K)]
  0x000001bbedc709f0 JavaThread "Common-Cleaner"             daemon [_thread_blocked, id=25092, stack(0x0000008546a00000,0x0000008546b00000) (1024K)]
  0x000001bbedc72ac0 JavaThread "Monitor Ctrl-Break"         daemon [_thread_in_native, id=21176, stack(0x0000008547200000,0x0000008547300000) (1024K)]
  0x000001bbedc72430 JavaThread "Notification Thread"        daemon [_thread_blocked, id=21104, stack(0x0000008547300000,0x0000008547400000) (1024K)]
  0x000001bbedc71710 JavaThread "QuantumRenderer-0"          daemon [_thread_blocked, id=19828, stack(0x0000008547400000,0x0000008547500000) (1024K)]
  0x000001bbedc71da0 JavaThread "InvokeLaterDispatcher"      daemon [_thread_blocked, id=1984, stack(0x0000008547100000,0x0000008547200000) (1024K)]
  0x000001bbedc737e0 JavaThread "JavaFX Application Thread"         [_thread_blocked, id=20932, stack(0x0000008547000000,0x0000008547100000) (1024K)]
  0x000001bbf32ddd10 JavaThread "Thread-1"                   daemon [_thread_blocked, id=1516, stack(0x0000008546d00000,0x0000008546e00000) (1024K)]
  0x000001bbf32df0c0 JavaThread "JavaFX-Launcher"                   [_thread_blocked, id=24488, stack(0x0000008547a00000,0x0000008547b00000) (1024K)]
  0x000001bbf32df750 JavaThread "Cleaner-0"                  daemon [_thread_blocked, id=21980, stack(0x0000008547e00000,0x0000008547f00000) (1024K)]
  0x000001bbf32dd680 JavaThread "Media Resource Disposer"    daemon [_thread_blocked, id=5888, stack(0x0000008547f00000,0x0000008548000000) (1024K)]
  0x000001bbf32de3a0 JavaThread "JFXMedia Player EventQueueThread" daemon [_thread_blocked, id=13672, stack(0x0000008548200000,0x0000008548300000) (1024K)]
  0x000001bbf32dfde0 JavaThread "Prism Font Disposer"        daemon [_thread_blocked, id=7276, stack(0x0000008548800000,0x0000008548900000) (1024K)]
  0x000001bbf32e0470 JavaThread "Timer-0"                    daemon [_thread_blocked, id=26972, stack(0x0000008548e00000,0x0000008548f00000) (1024K)]
  0x000001bbf32dea30 JavaThread "Thread-14"                  daemon [_thread_blocked, id=19416, stack(0x0000008547c00000,0x0000008547d00000) (1024K)]
  0x000001bbf32e2540 JavaThread "Cleaner-1"                  daemon [_thread_blocked, id=14744, stack(0x0000008547d00000,0x0000008547e00000) (1024K)]
  0x000001bbfabae210 JavaThread "Thread-558"                 daemon [_thread_blocked, id=5256, stack(0x0000008545700000,0x0000008545800000) (1024K)]
  0x000001bbf32e1190 JavaThread "pool-12-thread-1"                  [_thread_blocked, id=20312, stack(0x0000008545800000,0x0000008545900000) (1024K)]
  0x000001bbf32e38f0 JavaThread "pool-12-thread-2"                  [_thread_blocked, id=26724, stack(0x0000008546900000,0x0000008546a00000) (1024K)]
  0x000001bbf32e2bd0 JavaThread "pool-12-thread-3"                  [_thread_blocked, id=13656, stack(0x0000008546b00000,0x0000008546c00000) (1024K)]
  0x000001bbc16aa8c0 JavaThread "pool-12-thread-4"                  [_thread_blocked, id=2448, stack(0x0000008547500000,0x0000008547600000) (1024K)]
=>0x000001bbc16aaf50 JavaThread "pool-12-thread-5"                  [_thread_in_vm, id=7792, stack(0x0000008548100000,0x0000008548200000) (1024K)]
  0x000001bbc16ac990 JavaThread "pool-12-thread-6"                  [_thread_blocked, id=11748, stack(0x0000008548c00000,0x0000008548d00000) (1024K)]
  0x000001bbc16ad020 JavaThread "pool-12-thread-7"                  [_thread_blocked, id=27200, stack(0x0000008548d00000,0x0000008548e00000) (1024K)]
  0x000001bbc16ab5e0 JavaThread "pool-12-thread-8"                  [_thread_blocked, id=23568, stack(0x0000008549810000,0x0000008549910000) (1024K)]
  0x000001bbc16ad6b0 JavaThread "pool-12-thread-9"                  [_thread_blocked, id=24464, stack(0x0000008549910000,0x0000008549a10000) (1024K)]
  0x000001bbc16add40 JavaThread "pool-12-thread-10"                 [_thread_blocked, id=23164, stack(0x0000008549a10000,0x0000008549b10000) (1024K)]
  0x000001bbc16abc70 JavaThread "pool-12-thread-11"                 [_thread_blocked, id=10532, stack(0x0000008549b10000,0x0000008549c10000) (1024K)]
  0x000001bbc16ac300 JavaThread "pool-12-thread-12"                 [_thread_blocked, id=8428, stack(0x0000008549c10000,0x0000008549d10000) (1024K)]
  0x000001bbf23669d0 JavaThread "pool-12-thread-13"                 [_thread_blocked, id=26636, stack(0x0000008549d10000,0x0000008549e10000) (1024K)]
  0x000001bbf23697c0 JavaThread "pool-12-thread-14"                 [_thread_blocked, id=19648, stack(0x0000008549e10000,0x0000008549f10000) (1024K)]
  0x000001bbf2367d80 JavaThread "pool-12-thread-15"                 [_thread_blocked, id=7660, stack(0x0000008549f10000,0x000000854a010000) (1024K)]
  0x000001bbf2367060 JavaThread "pool-12-thread-16"                 [_thread_blocked, id=26148, stack(0x000000854a010000,0x000000854a110000) (1024K)]
  0x000001bbfa879ca0 JavaThread "Unknown thread"             [_thread_blocked, id=23104, stack(0x0000008548700000,0x0000008548800000) (1024K)]
Total: 42

Other Threads:
  0x000001bbedc390a0 VMThread "VM Thread"                           [id=9524, stack(0x0000008546000000,0x0000008546100000) (1024K)] _threads_hazard_ptr=0x000001bbf3a0ffa0
  0x000001bbedc20090 WatcherThread "VM Periodic Task Thread"        [id=13708, stack(0x0000008545f00000,0x0000008546000000) (1024K)]
  0x000001bbcc124b30 WorkerThread "GC Thread#0"                     [id=15252, stack(0x0000008545a00000,0x0000008545b00000) (1024K)]
  0x000001bbf2fe2520 WorkerThread "GC Thread#1"                     [id=13600, stack(0x0000008546e00000,0x0000008546f00000) (1024K)]
  0x000001bbf323b2f0 WorkerThread "GC Thread#2"                     [id=12172, stack(0x0000008546f00000,0x0000008547000000) (1024K)]
  0x000001bbf323bdd0 WorkerThread "GC Thread#3"                     [id=9084, stack(0x0000008547700000,0x0000008547800000) (1024K)]
  0x000001bbf323c170 WorkerThread "GC Thread#4"                     [id=19808, stack(0x0000008547800000,0x0000008547900000) (1024K)]
  0x000001bbf3238eb0 WorkerThread "GC Thread#5"                     [id=17460, stack(0x0000008547900000,0x0000008547a00000) (1024K)]
  0x000001bbf3238b10 WorkerThread "GC Thread#6"                     [id=14664, stack(0x0000008549000000,0x0000008549100000) (1024K)]
  0x000001bbf3239d30 WorkerThread "GC Thread#7"                     [id=9988, stack(0x0000008549100000,0x0000008549200000) (1024K)]
  0x000001bbf32395f0 WorkerThread "GC Thread#8"                     [id=26084, stack(0x0000008549200000,0x0000008549300000) (1024K)]
  0x000001bbf3239990 WorkerThread "GC Thread#9"                     [id=11844, stack(0x0000008549300000,0x0000008549400000) (1024K)]
  0x000001bbf323a470 WorkerThread "GC Thread#10"                    [id=24292, stack(0x0000008549400000,0x0000008549500000) (1024K)]
  0x000001bbf323abb0 WorkerThread "GC Thread#11"                    [id=2940, stack(0x0000008549500000,0x0000008549600000) (1024K)]
  0x000001bbf323af50 WorkerThread "GC Thread#12"                    [id=6280, stack(0x0000008549600000,0x0000008549700000) (1024K)]
  0x000001bbcc1359b0 ConcurrentGCThread "G1 Main Marker"            [id=10924, stack(0x0000008545b00000,0x0000008545c00000) (1024K)]
  0x000001bbcbeae0e0 WorkerThread "G1 Conc#0"                       [id=9820, stack(0x0000008545c00000,0x0000008545d00000) (1024K)]
  0x000001bbfaf10770 WorkerThread "G1 Conc#1"                       [id=21244, stack(0x000000854b020000,0x000000854b120000) (1024K)]
  0x000001bbfaf11250 WorkerThread "G1 Conc#2"                       [id=2808, stack(0x000000854b120000,0x000000854b220000) (1024K)]
  0x000001bbedaf5a70 ConcurrentGCThread "G1 Refine#0"               [id=26476, stack(0x0000008545d00000,0x0000008545e00000) (1024K)]
  0x000001bbc1683850 ConcurrentGCThread "G1 Refine#1"               [id=27164, stack(0x000000854a210000,0x000000854a310000) (1024K)]
  0x000001bbc1683ca0 ConcurrentGCThread "G1 Refine#2"               [id=23676, stack(0x000000854a310000,0x000000854a410000) (1024K)]
  0x000001bbc1683400 ConcurrentGCThread "G1 Refine#3"               [id=3304, stack(0x000000854a410000,0x000000854a510000) (1024K)]
  0x000001bbc1682b60 ConcurrentGCThread "G1 Refine#4"               [id=4604, stack(0x000000854a510000,0x000000854a610000) (1024K)]
  0x000001bbc1682710 ConcurrentGCThread "G1 Refine#5"               [id=2660, stack(0x000000854a610000,0x000000854a710000) (1024K)]
  0x000001bbc16840f0 ConcurrentGCThread "G1 Refine#6"               [id=16244, stack(0x000000854a710000,0x000000854a810000) (1024K)]
  0x000001bbc1682fb0 ConcurrentGCThread "G1 Refine#7"               [id=19512, stack(0x000000854a810000,0x000000854a910000) (1024K)]
  0x000001bbfabaf430 ConcurrentGCThread "G1 Refine#8"               [id=18596, stack(0x000000854a910000,0x000000854aa10000) (1024K)]
  0x000001bbfabb0e10 ConcurrentGCThread "G1 Refine#9"               [id=5988, stack(0x000000854aa10000,0x000000854ab10000) (1024K)]
  0x000001bbfabb0570 ConcurrentGCThread "G1 Refine#10"              [id=22380, stack(0x000000854ab10000,0x000000854ac10000) (1024K)]
  0x000001bbfad7c660 ConcurrentGCThread "G1 Refine#11"              [id=8592, stack(0x000000854ac10000,0x000000854ad10000) (1024K)]
  0x000001bbedaf6480 ConcurrentGCThread "G1 Service"                [id=13452, stack(0x0000008545e00000,0x0000008545f00000) (1024K)]
Total: 32

Threads with active compile tasks:
Total: 0

VM state: synchronizing (normal execution)

VM Mutex/Monitor currently owned by a thread:  ([mutex/lock_event])
[0x00007ffd84c48548] Threads_lock - owner thread: 0x000001bbedc390a0
[0x00007ffd84c48648] Heap_lock - owner thread: 0x000001bbfa879ca0

OutOfMemory and StackOverflow Exception counts:
OutOfMemoryError java_heap_errors=3
LinkageErrors=55

Heap address: 0x0000000702c00000, size: 4052 MB, Compressed Oops mode: Zero based, Oop shift amount: 3

CDS archive(s) mapped at: [0x000001bb80000000-0x000001bb80c90000-0x000001bb80c90000), size 13172736, SharedBaseAddress: 0x000001bb80000000, ArchiveRelocationMode: 1.
Compressed class space mapped at: 0x000001bb81000000-0x000001bbc1000000, reserved size: 1073741824
Narrow klass base: 0x000001bb80000000, Narrow klass shift: 0, Narrow klass range: 0x100000000

GC Precious Log:
 CardTable entry size: 512
 Card Set container configuration: InlinePtr #cards 4 size 8 Array Of Cards #cards 16 size 48 Howl #buckets 8 coarsen threshold 3686 Howl Bitmap #cards 512 size 80 coarsen threshold 460 Card regions per heap region 1 cards per card region 4096
 CPUs: 16 total, 16 available
 Memory: 16202M
 Large Page Support: Disabled
 NUMA Support: Disabled
 Compressed Oops: Enabled (Zero based)
 Heap Region Size: 2M
 Heap Min Capacity: 8M
 Heap Initial Capacity: 254M
 Heap Max Capacity: 4052M
 Pre-touch: Disabled
 Parallel Workers: 13
 Concurrent Workers: 3
 Concurrent Refinement Workers: 13
 Periodic GC: Disabled

Heap:
 garbage-first heap   total 4149248K, used 4147678K [0x0000000702c00000, 0x0000000800000000)
  region size 2048K, 0 young (0K), 0 survivors (0K)
 Metaspace       used 21187K, committed 21504K, reserved 1114112K
  class space    used 2905K, committed 3072K, reserved 1048576K

Heap Regions: E=young(eden), S=young(survivor), O=old, HS=humongous(starts), HC=humongous(continues), CS=collection set, F=free, TAMS=top-at-mark-start, PB=parsable bottom
|   0|0x0000000702c00000, 0x0000000702e00000, 0x0000000702e00000|100%|HS|  |TAMS 0x0000000702c00000| PB 0x0000000702c00000| Untracked 
|   1|0x0000000702e00000, 0x0000000703000000, 0x0000000703000000|100%|HS|  |TAMS 0x0000000702e00000| PB 0x0000000702e00000| Untracked 
|   2|0x0000000703000000, 0x0000000703200000, 0x0000000703200000|100%| O|  |TAMS 0x0000000703000000| PB 0x0000000703000000| Untracked 
|   3|0x0000000703200000, 0x00000007033fffe8, 0x0000000703400000| 99%| O|  |TAMS 0x0000000703200000| PB 0x0000000703200000| Untracked 
|   4|0x0000000703400000, 0x00000007035ffff8, 0x0000000703600000| 99%| O|  |TAMS 0x0000000703400000| PB 0x0000000703400000| Untracked 
|   5|0x0000000703600000, 0x00000007037ffff8, 0x0000000703800000| 99%| O|  |TAMS 0x0000000703600000| PB 0x0000000703600000| Untracked 
|   6|0x0000000703800000, 0x0000000703a00000, 0x0000000703a00000|100%| O|  |TAMS 0x0000000703800000| PB 0x0000000703800000| Untracked 
|   7|0x0000000703a00000, 0x0000000703bffff0, 0x0000000703c00000| 99%| O|  |TAMS 0x0000000703a00000| PB 0x0000000703a00000| Untracked 
|   8|0x0000000703c00000, 0x0000000703e00000, 0x0000000703e00000|100%| O|  |TAMS 0x0000000703c00000| PB 0x0000000703c00000| Untracked 
|   9|0x0000000703e00000, 0x0000000703fffff0, 0x0000000704000000| 99%| O|  |TAMS 0x0000000703e00000| PB 0x0000000703e00000| Untracked 
|  10|0x0000000704000000, 0x00000007041ffff0, 0x0000000704200000| 99%| O|  |TAMS 0x0000000704000000| PB 0x0000000704000000| Untracked 
|  11|0x0000000704200000, 0x00000007043ffff0, 0x0000000704400000| 99%| O|  |TAMS 0x0000000704200000| PB 0x0000000704200000| Untracked 
|  12|0x0000000704400000, 0x00000007045ffff8, 0x0000000704600000| 99%| O|  |TAMS 0x0000000704400000| PB 0x0000000704400000| Untracked 
|  13|0x0000000704600000, 0x00000007047fffe0, 0x0000000704800000| 99%| O|  |TAMS 0x0000000704600000| PB 0x0000000704600000| Untracked 
|  14|0x0000000704800000, 0x0000000704a00000, 0x0000000704a00000|100%| O|  |TAMS 0x0000000704800000| PB 0x0000000704800000| Untracked 
|  15|0x0000000704a00000, 0x0000000704bffff8, 0x0000000704c00000| 99%| O|  |TAMS 0x0000000704a00000| PB 0x0000000704a00000| Untracked 
|  16|0x0000000704c00000, 0x0000000704dffff0, 0x0000000704e00000| 99%| O|  |TAMS 0x0000000704c00000| PB 0x0000000704c00000| Untracked 
|  17|0x0000000704e00000, 0x0000000704fff980, 0x0000000705000000| 99%| O|  |TAMS 0x0000000704e00000| PB 0x0000000704e00000| Untracked 
|  18|0x0000000705000000, 0x00000007051ffff8, 0x0000000705200000| 99%| O|  |TAMS 0x0000000705000000| PB 0x0000000705000000| Untracked 
|  19|0x0000000705200000, 0x00000007053fffe8, 0x0000000705400000| 99%| O|  |TAMS 0x0000000705200000| PB 0x0000000705200000| Untracked 
|  20|0x0000000705400000, 0x00000007055ffff0, 0x0000000705600000| 99%| O|  |TAMS 0x0000000705400000| PB 0x0000000705400000| Untracked 
|  21|0x0000000705600000, 0x00000007057ffff8, 0x0000000705800000| 99%| O|  |TAMS 0x0000000705600000| PB 0x0000000705600000| Untracked 
|  22|0x0000000705800000, 0x00000007059ffff0, 0x0000000705a00000| 99%| O|  |TAMS 0x0000000705800000| PB 0x0000000705800000| Untracked 
|  23|0x0000000705a00000, 0x0000000705bfffe8, 0x0000000705c00000| 99%| O|  |TAMS 0x0000000705a00000| PB 0x0000000705a00000| Untracked 
|  24|0x0000000705c00000, 0x0000000705dffff8, 0x0000000705e00000| 99%| O|  |TAMS 0x0000000705c00000| PB 0x0000000705c00000| Untracked 
|  25|0x0000000705e00000, 0x0000000705fffff8, 0x0000000706000000| 99%| O|  |TAMS 0x0000000705e00000| PB 0x0000000705e00000| Untracked 
|  26|0x0000000706000000, 0x00000007061fffe8, 0x0000000706200000| 99%| O|  |TAMS 0x0000000706000000| PB 0x0000000706000000| Untracked 
|  27|0x0000000706200000, 0x00000007063ffff8, 0x0000000706400000| 99%| O|  |TAMS 0x0000000706200000| PB 0x0000000706200000| Untracked 
|  28|0x0000000706400000, 0x00000007065ffff8, 0x0000000706600000| 99%| O|  |TAMS 0x0000000706400000| PB 0x0000000706400000| Untracked 
|  29|0x0000000706600000, 0x00000007067fffd0, 0x0000000706800000| 99%| O|  |TAMS 0x0000000706600000| PB 0x0000000706600000| Untracked 
|  30|0x0000000706800000, 0x00000007069fffe8, 0x0000000706a00000| 99%| O|  |TAMS 0x0000000706800000| PB 0x0000000706800000| Untracked 
|  31|0x0000000706a00000, 0x0000000706c00000, 0x0000000706c00000|100%| O|  |TAMS 0x0000000706a00000| PB 0x0000000706a00000| Untracked 
|  32|0x0000000706c00000, 0x0000000706e00000, 0x0000000706e00000|100%| O|  |TAMS 0x0000000706c00000| PB 0x0000000706c00000| Untracked 
|  33|0x0000000706e00000, 0x0000000706ffffe8, 0x0000000707000000| 99%| O|  |TAMS 0x0000000706e00000| PB 0x0000000706e00000| Untracked 
|  34|0x0000000707000000, 0x0000000707200000, 0x0000000707200000|100%| O|  |TAMS 0x0000000707000000| PB 0x0000000707000000| Untracked 
|  35|0x0000000707200000, 0x00000007073fffe0, 0x0000000707400000| 99%| O|  |TAMS 0x0000000707200000| PB 0x0000000707200000| Untracked 
|  36|0x0000000707400000, 0x0000000707600000, 0x0000000707600000|100%| O|  |TAMS 0x0000000707400000| PB 0x0000000707400000| Untracked 
|  37|0x0000000707600000, 0x00000007077ffff0, 0x0000000707800000| 99%| O|  |TAMS 0x0000000707600000| PB 0x0000000707600000| Untracked 
|  38|0x0000000707800000, 0x00000007079ffff0, 0x0000000707a00000| 99%| O|  |TAMS 0x0000000707800000| PB 0x0000000707800000| Untracked 
|  39|0x0000000707a00000, 0x0000000707bffff8, 0x0000000707c00000| 99%| O|  |TAMS 0x0000000707a00000| PB 0x0000000707a00000| Untracked 
|  40|0x0000000707c00000, 0x0000000707e00000, 0x0000000707e00000|100%| O|  |TAMS 0x0000000707c00000| PB 0x0000000707c00000| Untracked 
|  41|0x0000000707e00000, 0x0000000707ffffd0, 0x0000000708000000| 99%| O|  |TAMS 0x0000000707e00000| PB 0x0000000707e00000| Untracked 
|  42|0x0000000708000000, 0x00000007081ffff8, 0x0000000708200000| 99%| O|  |TAMS 0x0000000708000000| PB 0x0000000708000000| Untracked 
|  43|0x0000000708200000, 0x00000007083ffff8, 0x0000000708400000| 99%| O|  |TAMS 0x0000000708200000| PB 0x0000000708200000| Untracked 
|  44|0x0000000708400000, 0x00000007085ffff0, 0x0000000708600000| 99%| O|  |TAMS 0x0000000708400000| PB 0x0000000708400000| Untracked 
|  45|0x0000000708600000, 0x00000007087ffff8, 0x0000000708800000| 99%| O|  |TAMS 0x0000000708600000| PB 0x0000000708600000| Untracked 
|  46|0x0000000708800000, 0x00000007089ffff8, 0x0000000708a00000| 99%| O|  |TAMS 0x0000000708800000| PB 0x0000000708800000| Untracked 
|  47|0x0000000708a00000, 0x0000000708bffff0, 0x0000000708c00000| 99%| O|  |TAMS 0x0000000708a00000| PB 0x0000000708a00000| Untracked 
|  48|0x0000000708c00000, 0x0000000708e00000, 0x0000000708e00000|100%| O|  |TAMS 0x0000000708c00000| PB 0x0000000708c00000| Untracked 
|  49|0x0000000708e00000, 0x0000000709000000, 0x0000000709000000|100%| O|  |TAMS 0x0000000708e00000| PB 0x0000000708e00000| Untracked 
|  50|0x0000000709000000, 0x0000000709200000, 0x0000000709200000|100%| O|  |TAMS 0x0000000709000000| PB 0x0000000709000000| Untracked 
|  51|0x0000000709200000, 0x0000000709400000, 0x0000000709400000|100%| O|  |TAMS 0x0000000709200000| PB 0x0000000709200000| Untracked 
|  52|0x0000000709400000, 0x00000007095ffff0, 0x0000000709600000| 99%| O|  |TAMS 0x0000000709400000| PB 0x0000000709400000| Untracked 
|  53|0x0000000709600000, 0x00000007097fffe8, 0x0000000709800000| 99%| O|  |TAMS 0x0000000709600000| PB 0x0000000709600000| Untracked 
|  54|0x0000000709800000, 0x00000007099ffff8, 0x0000000709a00000| 99%| O|  |TAMS 0x0000000709800000| PB 0x0000000709800000| Untracked 
|  55|0x0000000709a00000, 0x0000000709bffff8, 0x0000000709c00000| 99%| O|  |TAMS 0x0000000709a00000| PB 0x0000000709a00000| Untracked 
|  56|0x0000000709c00000, 0x0000000709dffff8, 0x0000000709e00000| 99%| O|  |TAMS 0x0000000709c00000| PB 0x0000000709c00000| Untracked 
|  57|0x0000000709e00000, 0x0000000709ffffe8, 0x000000070a000000| 99%| O|  |TAMS 0x0000000709e00000| PB 0x0000000709e00000| Untracked 
|  58|0x000000070a000000, 0x000000070a1ffff0, 0x000000070a200000| 99%| O|  |TAMS 0x000000070a000000| PB 0x000000070a000000| Untracked 
|  59|0x000000070a200000, 0x000000070a3fffd8, 0x000000070a400000| 99%| O|  |TAMS 0x000000070a200000| PB 0x000000070a200000| Untracked 
|  60|0x000000070a400000, 0x000000070a600000, 0x000000070a600000|100%| O|  |TAMS 0x000000070a400000| PB 0x000000070a400000| Untracked 
|  61|0x000000070a600000, 0x000000070a800000, 0x000000070a800000|100%| O|  |TAMS 0x000000070a600000| PB 0x000000070a600000| Untracked 
|  62|0x000000070a800000, 0x000000070aa00000, 0x000000070aa00000|100%| O|  |TAMS 0x000000070a800000| PB 0x000000070a800000| Untracked 
|  63|0x000000070aa00000, 0x000000070abfffe8, 0x000000070ac00000| 99%| O|  |TAMS 0x000000070aa00000| PB 0x000000070aa00000| Untracked 
|  64|0x000000070ac00000, 0x000000070adffff0, 0x000000070ae00000| 99%| O|  |TAMS 0x000000070ac00000| PB 0x000000070ac00000| Untracked 
|  65|0x000000070ae00000, 0x000000070afffff0, 0x000000070b000000| 99%| O|  |TAMS 0x000000070ae00000| PB 0x000000070ae00000| Untracked 
|  66|0x000000070b000000, 0x000000070b200000, 0x000000070b200000|100%| O|  |TAMS 0x000000070b000000| PB 0x000000070b000000| Untracked 
|  67|0x000000070b200000, 0x000000070b3ffff8, 0x000000070b400000| 99%| O|  |TAMS 0x000000070b200000| PB 0x000000070b200000| Untracked 
|  68|0x000000070b400000, 0x000000070b5fffe0, 0x000000070b600000| 99%| O|  |TAMS 0x000000070b400000| PB 0x000000070b400000| Untracked 
|  69|0x000000070b600000, 0x000000070b7fffe0, 0x000000070b800000| 99%| O|  |TAMS 0x000000070b600000| PB 0x000000070b600000| Untracked 
|  70|0x000000070b800000, 0x000000070ba00000, 0x000000070ba00000|100%| O|  |TAMS 0x000000070b800000| PB 0x000000070b800000| Untracked 
|  71|0x000000070ba00000, 0x000000070bc00000, 0x000000070bc00000|100%| O|  |TAMS 0x000000070ba00000| PB 0x000000070ba00000| Untracked 
|  72|0x000000070bc00000, 0x000000070bdfffe8, 0x000000070be00000| 99%| O|  |TAMS 0x000000070bc00000| PB 0x000000070bc00000| Untracked 
|  73|0x000000070be00000, 0x000000070c000000, 0x000000070c000000|100%| O|  |TAMS 0x000000070be00000| PB 0x000000070be00000| Untracked 
|  74|0x000000070c000000, 0x000000070c1ffff8, 0x000000070c200000| 99%| O|  |TAMS 0x000000070c000000| PB 0x000000070c000000| Untracked 
|  75|0x000000070c200000, 0x000000070c400000, 0x000000070c400000|100%| O|  |TAMS 0x000000070c200000| PB 0x000000070c200000| Untracked 
|  76|0x000000070c400000, 0x000000070c600000, 0x000000070c600000|100%| O|  |TAMS 0x000000070c400000| PB 0x000000070c400000| Untracked 
|  77|0x000000070c600000, 0x000000070c7fffe0, 0x000000070c800000| 99%| O|  |TAMS 0x000000070c600000| PB 0x000000070c600000| Untracked 
|  78|0x000000070c800000, 0x000000070c9ffff0, 0x000000070ca00000| 99%| O|  |TAMS 0x000000070c800000| PB 0x000000070c800000| Untracked 
|  79|0x000000070ca00000, 0x000000070cbffff0, 0x000000070cc00000| 99%| O|  |TAMS 0x000000070ca00000| PB 0x000000070ca00000| Untracked 
|  80|0x000000070cc00000, 0x000000070ce00000, 0x000000070ce00000|100%| O|  |TAMS 0x000000070cc00000| PB 0x000000070cc00000| Untracked 
|  81|0x000000070ce00000, 0x000000070d000000, 0x000000070d000000|100%| O|  |TAMS 0x000000070ce00000| PB 0x000000070ce00000| Untracked 
|  82|0x000000070d000000, 0x000000070d1fffd0, 0x000000070d200000| 99%| O|  |TAMS 0x000000070d000000| PB 0x000000070d000000| Untracked 
|  83|0x000000070d200000, 0x000000070d3ffff0, 0x000000070d400000| 99%| O|  |TAMS 0x000000070d200000| PB 0x000000070d200000| Untracked 
|  84|0x000000070d400000, 0x000000070d5fffe0, 0x000000070d600000| 99%| O|  |TAMS 0x000000070d400000| PB 0x000000070d400000| Untracked 
|  85|0x000000070d600000, 0x000000070d7ffff8, 0x000000070d800000| 99%| O|  |TAMS 0x000000070d600000| PB 0x000000070d600000| Untracked 
|  86|0x000000070d800000, 0x000000070d9fffd0, 0x000000070da00000| 99%| O|  |TAMS 0x000000070d800000| PB 0x000000070d800000| Untracked 
|  87|0x000000070da00000, 0x000000070dbfffd0, 0x000000070dc00000| 99%| O|  |TAMS 0x000000070da00000| PB 0x000000070da00000| Untracked 
|  88|0x000000070dc00000, 0x000000070ddfffe8, 0x000000070de00000| 99%| O|  |TAMS 0x000000070dc00000| PB 0x000000070dc00000| Untracked 
|  89|0x000000070de00000, 0x000000070dffffd0, 0x000000070e000000| 99%| O|  |TAMS 0x000000070de00000| PB 0x000000070de00000| Untracked 
|  90|0x000000070e000000, 0x000000070e200000, 0x000000070e200000|100%| O|  |TAMS 0x000000070e000000| PB 0x000000070e000000| Untracked 
|  91|0x000000070e200000, 0x000000070e400000, 0x000000070e400000|100%| O|  |TAMS 0x000000070e200000| PB 0x000000070e200000| Untracked 
|  92|0x000000070e400000, 0x000000070e5ffff8, 0x000000070e600000| 99%| O|  |TAMS 0x000000070e400000| PB 0x000000070e400000| Untracked 
|  93|0x000000070e600000, 0x000000070e7fffe8, 0x000000070e800000| 99%| O|  |TAMS 0x000000070e600000| PB 0x000000070e600000| Untracked 
|  94|0x000000070e800000, 0x000000070e9fffe0, 0x000000070ea00000| 99%| O|  |TAMS 0x000000070e800000| PB 0x000000070e800000| Untracked 
|  95|0x000000070ea00000, 0x000000070ebfffe0, 0x000000070ec00000| 99%| O|  |TAMS 0x000000070ea00000| PB 0x000000070ea00000| Untracked 
|  96|0x000000070ec00000, 0x000000070edffff0, 0x000000070ee00000| 99%| O|  |TAMS 0x000000070ec00000| PB 0x000000070ec00000| Untracked 
|  97|0x000000070ee00000, 0x000000070effffe0, 0x000000070f000000| 99%| O|  |TAMS 0x000000070ee00000| PB 0x000000070ee00000| Untracked 
|  98|0x000000070f000000, 0x000000070f1ffff0, 0x000000070f200000| 99%| O|  |TAMS 0x000000070f000000| PB 0x000000070f000000| Untracked 
|  99|0x000000070f200000, 0x000000070f3ffff0, 0x000000070f400000| 99%| O|  |TAMS 0x000000070f200000| PB 0x000000070f200000| Untracked 
| 100|0x000000070f400000, 0x000000070f600000, 0x000000070f600000|100%| O|  |TAMS 0x000000070f400000| PB 0x000000070f400000| Untracked 
| 101|0x000000070f600000, 0x000000070f7ffff8, 0x000000070f800000| 99%| O|  |TAMS 0x000000070f600000| PB 0x000000070f600000| Untracked 
| 102|0x000000070f800000, 0x000000070fa00000, 0x000000070fa00000|100%| O|  |TAMS 0x000000070f800000| PB 0x000000070f800000| Untracked 
| 103|0x000000070fa00000, 0x000000070fbfffe8, 0x000000070fc00000| 99%| O|  |TAMS 0x000000070fa00000| PB 0x000000070fa00000| Untracked 
| 104|0x000000070fc00000, 0x000000070fdffff0, 0x000000070fe00000| 99%| O|  |TAMS 0x000000070fc00000| PB 0x000000070fc00000| Untracked 
| 105|0x000000070fe00000, 0x000000070ffffff8, 0x0000000710000000| 99%| O|  |TAMS 0x000000070fe00000| PB 0x000000070fe00000| Untracked 
| 106|0x0000000710000000, 0x00000007101fffe0, 0x0000000710200000| 99%| O|  |TAMS 0x0000000710000000| PB 0x0000000710000000| Untracked 
| 107|0x0000000710200000, 0x00000007103ffff0, 0x0000000710400000| 99%| O|  |TAMS 0x0000000710200000| PB 0x0000000710200000| Untracked 
| 108|0x0000000710400000, 0x00000007105fffe8, 0x0000000710600000| 99%| O|  |TAMS 0x0000000710400000| PB 0x0000000710400000| Untracked 
| 109|0x0000000710600000, 0x00000007107ffff8, 0x0000000710800000| 99%| O|  |TAMS 0x0000000710600000| PB 0x0000000710600000| Untracked 
| 110|0x0000000710800000, 0x00000007109ffff8, 0x0000000710a00000| 99%| O|  |TAMS 0x0000000710800000| PB 0x0000000710800000| Untracked 
| 111|0x0000000710a00000, 0x0000000710bfffe0, 0x0000000710c00000| 99%| O|  |TAMS 0x0000000710a00000| PB 0x0000000710a00000| Untracked 
| 112|0x0000000710c00000, 0x0000000710dffff0, 0x0000000710e00000| 99%| O|  |TAMS 0x0000000710c00000| PB 0x0000000710c00000| Untracked 
| 113|0x0000000710e00000, 0x0000000711000000, 0x0000000711000000|100%| O|  |TAMS 0x0000000710e00000| PB 0x0000000710e00000| Untracked 
| 114|0x0000000711000000, 0x00000007111ffff8, 0x0000000711200000| 99%| O|  |TAMS 0x0000000711000000| PB 0x0000000711000000| Untracked 
| 115|0x0000000711200000, 0x00000007113ffff0, 0x0000000711400000| 99%| O|  |TAMS 0x0000000711200000| PB 0x0000000711200000| Untracked 
| 116|0x0000000711400000, 0x00000007115fffe8, 0x0000000711600000| 99%| O|  |TAMS 0x0000000711400000| PB 0x0000000711400000| Untracked 
| 117|0x0000000711600000, 0x00000007117ffff0, 0x0000000711800000| 99%| O|  |TAMS 0x0000000711600000| PB 0x0000000711600000| Untracked 
| 118|0x0000000711800000, 0x00000007119ffff8, 0x0000000711a00000| 99%| O|  |TAMS 0x0000000711800000| PB 0x0000000711800000| Untracked 
| 119|0x0000000711a00000, 0x0000000711bffff8, 0x0000000711c00000| 99%| O|  |TAMS 0x0000000711a00000| PB 0x0000000711a00000| Untracked 
| 120|0x0000000711c00000, 0x0000000711dfffd8, 0x0000000711e00000| 99%| O|  |TAMS 0x0000000711c00000| PB 0x0000000711c00000| Untracked 
| 121|0x0000000711e00000, 0x0000000711fffff0, 0x0000000712000000| 99%| O|  |TAMS 0x0000000711e00000| PB 0x0000000711e00000| Untracked 
| 122|0x0000000712000000, 0x00000007121ffff8, 0x0000000712200000| 99%| O|  |TAMS 0x0000000712000000| PB 0x0000000712000000| Untracked 
| 123|0x0000000712200000, 0x00000007123ffff8, 0x0000000712400000| 99%| O|  |TAMS 0x0000000712200000| PB 0x0000000712200000| Untracked 
| 124|0x0000000712400000, 0x0000000712600000, 0x0000000712600000|100%| O|  |TAMS 0x0000000712400000| PB 0x0000000712400000| Untracked 
| 125|0x0000000712600000, 0x00000007127ffff8, 0x0000000712800000| 99%| O|  |TAMS 0x0000000712600000| PB 0x0000000712600000| Untracked 
| 126|0x0000000712800000, 0x00000007129fffe8, 0x0000000712a00000| 99%| O|  |TAMS 0x0000000712800000| PB 0x0000000712800000| Untracked 
| 127|0x0000000712a00000, 0x0000000712bffff8, 0x0000000712c00000| 99%| O|  |TAMS 0x0000000712a00000| PB 0x0000000712a00000| Untracked 
| 128|0x0000000712c00000, 0x0000000712dfffe8, 0x0000000712e00000| 99%| O|  |TAMS 0x0000000712c00000| PB 0x0000000712c00000| Untracked 
| 129|0x0000000712e00000, 0x0000000712fffff0, 0x0000000713000000| 99%| O|  |TAMS 0x0000000712e00000| PB 0x0000000712e00000| Untracked 
| 130|0x0000000713000000, 0x0000000713200000, 0x0000000713200000|100%| O|  |TAMS 0x0000000713000000| PB 0x0000000713000000| Untracked 
| 131|0x0000000713200000, 0x00000007133fffe0, 0x0000000713400000| 99%| O|  |TAMS 0x0000000713200000| PB 0x0000000713200000| Untracked 
| 132|0x0000000713400000, 0x0000000713600000, 0x0000000713600000|100%| O|  |TAMS 0x0000000713400000| PB 0x0000000713400000| Untracked 
| 133|0x0000000713600000, 0x00000007137fffe0, 0x0000000713800000| 99%| O|  |TAMS 0x0000000713600000| PB 0x0000000713600000| Untracked 
| 134|0x0000000713800000, 0x00000007139ffff8, 0x0000000713a00000| 99%| O|  |TAMS 0x0000000713800000| PB 0x0000000713800000| Untracked 
| 135|0x0000000713a00000, 0x0000000713bfffe0, 0x0000000713c00000| 99%| O|  |TAMS 0x0000000713a00000| PB 0x0000000713a00000| Untracked 
| 136|0x0000000713c00000, 0x0000000713dfffe8, 0x0000000713e00000| 99%| O|  |TAMS 0x0000000713c00000| PB 0x0000000713c00000| Untracked 
| 137|0x0000000713e00000, 0x0000000713ffffe0, 0x0000000714000000| 99%| O|  |TAMS 0x0000000713e00000| PB 0x0000000713e00000| Untracked 
| 138|0x0000000714000000, 0x00000007141ffff8, 0x0000000714200000| 99%| O|  |TAMS 0x0000000714000000| PB 0x0000000714000000| Untracked 
| 139|0x0000000714200000, 0x0000000714400000, 0x0000000714400000|100%| O|  |TAMS 0x0000000714200000| PB 0x0000000714200000| Untracked 
| 140|0x0000000714400000, 0x00000007145ffff0, 0x0000000714600000| 99%| O|  |TAMS 0x0000000714400000| PB 0x0000000714400000| Untracked 
| 141|0x0000000714600000, 0x0000000714800000, 0x0000000714800000|100%| O|  |TAMS 0x0000000714600000| PB 0x0000000714600000| Untracked 
| 142|0x0000000714800000, 0x0000000714a00000, 0x0000000714a00000|100%| O|  |TAMS 0x0000000714800000| PB 0x0000000714800000| Untracked 
| 143|0x0000000714a00000, 0x0000000714bffff0, 0x0000000714c00000| 99%| O|  |TAMS 0x0000000714a00000| PB 0x0000000714a00000| Untracked 
| 144|0x0000000714c00000, 0x0000000714e00000, 0x0000000714e00000|100%| O|  |TAMS 0x0000000714c00000| PB 0x0000000714c00000| Untracked 
| 145|0x0000000714e00000, 0x0000000714ffffd0, 0x0000000715000000| 99%| O|  |TAMS 0x0000000714e00000| PB 0x0000000714e00000| Untracked 
| 146|0x0000000715000000, 0x0000000715200000, 0x0000000715200000|100%| O|  |TAMS 0x0000000715000000| PB 0x0000000715000000| Untracked 
| 147|0x0000000715200000, 0x00000007153ffff0, 0x0000000715400000| 99%| O|  |TAMS 0x0000000715200000| PB 0x0000000715200000| Untracked 
| 148|0x0000000715400000, 0x00000007155ffff0, 0x0000000715600000| 99%| O|  |TAMS 0x0000000715400000| PB 0x0000000715400000| Untracked 
| 149|0x0000000715600000, 0x00000007157fffd0, 0x0000000715800000| 99%| O|  |TAMS 0x0000000715600000| PB 0x0000000715600000| Untracked 
| 150|0x0000000715800000, 0x00000007159ffff8, 0x0000000715a00000| 99%| O|  |TAMS 0x0000000715800000| PB 0x0000000715800000| Untracked 
| 151|0x0000000715a00000, 0x0000000715c00000, 0x0000000715c00000|100%| O|  |TAMS 0x0000000715a00000| PB 0x0000000715a00000| Untracked 
| 152|0x0000000715c00000, 0x0000000715dffff0, 0x0000000715e00000| 99%| O|  |TAMS 0x0000000715c00000| PB 0x0000000715c00000| Untracked 
| 153|0x0000000715e00000, 0x0000000715ffffe0, 0x0000000716000000| 99%| O|  |TAMS 0x0000000715e00000| PB 0x0000000715e00000| Untracked 
| 154|0x0000000716000000, 0x0000000716200000, 0x0000000716200000|100%| O|  |TAMS 0x0000000716000000| PB 0x0000000716000000| Untracked 
| 155|0x0000000716200000, 0x00000007163ffff0, 0x0000000716400000| 99%| O|  |TAMS 0x0000000716200000| PB 0x0000000716200000| Untracked 
| 156|0x0000000716400000, 0x00000007165fffe0, 0x0000000716600000| 99%| O|  |TAMS 0x0000000716400000| PB 0x0000000716400000| Untracked 
| 157|0x0000000716600000, 0x00000007167ffff8, 0x0000000716800000| 99%| O|  |TAMS 0x0000000716600000| PB 0x0000000716600000| Untracked 
| 158|0x0000000716800000, 0x00000007169fffe0, 0x0000000716a00000| 99%| O|  |TAMS 0x0000000716800000| PB 0x0000000716800000| Untracked 
| 159|0x0000000716a00000, 0x0000000716bffff0, 0x0000000716c00000| 99%| O|  |TAMS 0x0000000716a00000| PB 0x0000000716a00000| Untracked 
| 160|0x0000000716c00000, 0x0000000716e00000, 0x0000000716e00000|100%| O|  |TAMS 0x0000000716c00000| PB 0x0000000716c00000| Untracked 
| 161|0x0000000716e00000, 0x0000000716fffff0, 0x0000000717000000| 99%| O|  |TAMS 0x0000000716e00000| PB 0x0000000716e00000| Untracked 
| 162|0x0000000717000000, 0x0000000717200000, 0x0000000717200000|100%| O|  |TAMS 0x0000000717000000| PB 0x0000000717000000| Untracked 
| 163|0x0000000717200000, 0x00000007173ffff0, 0x0000000717400000| 99%| O|  |TAMS 0x0000000717200000| PB 0x0000000717200000| Untracked 
| 164|0x0000000717400000, 0x0000000717600000, 0x0000000717600000|100%| O|  |TAMS 0x0000000717400000| PB 0x0000000717400000| Untracked 
| 165|0x0000000717600000, 0x00000007177ffff0, 0x0000000717800000| 99%| O|  |TAMS 0x0000000717600000| PB 0x0000000717600000| Untracked 
| 166|0x0000000717800000, 0x0000000717a00000, 0x0000000717a00000|100%| O|  |TAMS 0x0000000717800000| PB 0x0000000717800000| Untracked 
| 167|0x0000000717a00000, 0x0000000717c00000, 0x0000000717c00000|100%| O|  |TAMS 0x0000000717a00000| PB 0x0000000717a00000| Untracked 
| 168|0x0000000717c00000, 0x0000000717e00000, 0x0000000717e00000|100%| O|  |TAMS 0x0000000717c00000| PB 0x0000000717c00000| Untracked 
| 169|0x0000000717e00000, 0x0000000717ffffd0, 0x0000000718000000| 99%| O|  |TAMS 0x0000000717e00000| PB 0x0000000717e00000| Untracked 
| 170|0x0000000718000000, 0x00000007181ffff0, 0x0000000718200000| 99%| O|  |TAMS 0x0000000718000000| PB 0x0000000718000000| Untracked 
| 171|0x0000000718200000, 0x00000007183ffff8, 0x0000000718400000| 99%| O|  |TAMS 0x0000000718200000| PB 0x0000000718200000| Untracked 
| 172|0x0000000718400000, 0x00000007185fffe8, 0x0000000718600000| 99%| O|  |TAMS 0x0000000718400000| PB 0x0000000718400000| Untracked 
| 173|0x0000000718600000, 0x00000007187fffd0, 0x0000000718800000| 99%| O|  |TAMS 0x0000000718600000| PB 0x0000000718600000| Untracked 
| 174|0x0000000718800000, 0x00000007189fffe0, 0x0000000718a00000| 99%| O|  |TAMS 0x0000000718800000| PB 0x0000000718800000| Untracked 
| 175|0x0000000718a00000, 0x0000000718bffff8, 0x0000000718c00000| 99%| O|  |TAMS 0x0000000718a00000| PB 0x0000000718a00000| Untracked 
| 176|0x0000000718c00000, 0x0000000718dfffe0, 0x0000000718e00000| 99%| O|  |TAMS 0x0000000718c00000| PB 0x0000000718c00000| Untracked 
| 177|0x0000000718e00000, 0x0000000718fffff8, 0x0000000719000000| 99%| O|  |TAMS 0x0000000718e00000| PB 0x0000000718e00000| Untracked 
| 178|0x0000000719000000, 0x0000000719200000, 0x0000000719200000|100%| O|  |TAMS 0x0000000719000000| PB 0x0000000719000000| Untracked 
| 179|0x0000000719200000, 0x00000007193ffff0, 0x0000000719400000| 99%| O|  |TAMS 0x0000000719200000| PB 0x0000000719200000| Untracked 
| 180|0x0000000719400000, 0x00000007195fffd0, 0x0000000719600000| 99%| O|  |TAMS 0x0000000719400000| PB 0x0000000719400000| Untracked 
| 181|0x0000000719600000, 0x0000000719800000, 0x0000000719800000|100%| O|  |TAMS 0x0000000719600000| PB 0x0000000719600000| Untracked 
| 182|0x0000000719800000, 0x00000007199fffe8, 0x0000000719a00000| 99%| O|  |TAMS 0x0000000719800000| PB 0x0000000719800000| Untracked 
| 183|0x0000000719a00000, 0x0000000719bffff8, 0x0000000719c00000| 99%| O|  |TAMS 0x0000000719a00000| PB 0x0000000719a00000| Untracked 
| 184|0x0000000719c00000, 0x0000000719dffff0, 0x0000000719e00000| 99%| O|  |TAMS 0x0000000719c00000| PB 0x0000000719c00000| Untracked 
| 185|0x0000000719e00000, 0x000000071a000000, 0x000000071a000000|100%| O|  |TAMS 0x0000000719e00000| PB 0x0000000719e00000| Untracked 
| 186|0x000000071a000000, 0x000000071a1ffff0, 0x000000071a200000| 99%| O|  |TAMS 0x000000071a000000| PB 0x000000071a000000| Untracked 
| 187|0x000000071a200000, 0x000000071a3fffd8, 0x000000071a400000| 99%| O|  |TAMS 0x000000071a200000| PB 0x000000071a200000| Untracked 
| 188|0x000000071a400000, 0x000000071a5ffff0, 0x000000071a600000| 99%| O|  |TAMS 0x000000071a400000| PB 0x000000071a400000| Untracked 
| 189|0x000000071a600000, 0x000000071a7fffe8, 0x000000071a800000| 99%| O|  |TAMS 0x000000071a600000| PB 0x000000071a600000| Untracked 
| 190|0x000000071a800000, 0x000000071a9fffe8, 0x000000071aa00000| 99%| O|  |TAMS 0x000000071a800000| PB 0x000000071a800000| Untracked 
| 191|0x000000071aa00000, 0x000000071abfffe8, 0x000000071ac00000| 99%| O|  |TAMS 0x000000071aa00000| PB 0x000000071aa00000| Untracked 
| 192|0x000000071ac00000, 0x000000071adfffe8, 0x000000071ae00000| 99%| O|  |TAMS 0x000000071ac00000| PB 0x000000071ac00000| Untracked 
| 193|0x000000071ae00000, 0x000000071affffe8, 0x000000071b000000| 99%| O|  |TAMS 0x000000071ae00000| PB 0x000000071ae00000| Untracked 
| 194|0x000000071b000000, 0x000000071b1ffff8, 0x000000071b200000| 99%| O|  |TAMS 0x000000071b000000| PB 0x000000071b000000| Untracked 
| 195|0x000000071b200000, 0x000000071b3ffff8, 0x000000071b400000| 99%| O|  |TAMS 0x000000071b200000| PB 0x000000071b200000| Untracked 
| 196|0x000000071b400000, 0x000000071b600000, 0x000000071b600000|100%| O|  |TAMS 0x000000071b400000| PB 0x000000071b400000| Untracked 
| 197|0x000000071b600000, 0x000000071b800000, 0x000000071b800000|100%| O|  |TAMS 0x000000071b600000| PB 0x000000071b600000| Untracked 
| 198|0x000000071b800000, 0x000000071b9fffe8, 0x000000071ba00000| 99%| O|  |TAMS 0x000000071b800000| PB 0x000000071b800000| Untracked 
| 199|0x000000071ba00000, 0x000000071bbffff8, 0x000000071bc00000| 99%| O|  |TAMS 0x000000071ba00000| PB 0x000000071ba00000| Untracked 
| 200|0x000000071bc00000, 0x000000071bdffff8, 0x000000071be00000| 99%| O|  |TAMS 0x000000071bc00000| PB 0x000000071bc00000| Untracked 
| 201|0x000000071be00000, 0x000000071bffffe0, 0x000000071c000000| 99%| O|  |TAMS 0x000000071be00000| PB 0x000000071be00000| Untracked 
| 202|0x000000071c000000, 0x000000071c200000, 0x000000071c200000|100%| O|  |TAMS 0x000000071c000000| PB 0x000000071c000000| Untracked 
| 203|0x000000071c200000, 0x000000071c400000, 0x000000071c400000|100%| O|  |TAMS 0x000000071c200000| PB 0x000000071c200000| Untracked 
| 204|0x000000071c400000, 0x000000071c5fffd8, 0x000000071c600000| 99%| O|  |TAMS 0x000000071c400000| PB 0x000000071c400000| Untracked 
| 205|0x000000071c600000, 0x000000071c7ffff0, 0x000000071c800000| 99%| O|  |TAMS 0x000000071c600000| PB 0x000000071c600000| Untracked 
| 206|0x000000071c800000, 0x000000071c9ffff0, 0x000000071ca00000| 99%| O|  |TAMS 0x000000071c800000| PB 0x000000071c800000| Untracked 
| 207|0x000000071ca00000, 0x000000071cbfffe0, 0x000000071cc00000| 99%| O|  |TAMS 0x000000071ca00000| PB 0x000000071ca00000| Untracked 
| 208|0x000000071cc00000, 0x000000071cdffff8, 0x000000071ce00000| 99%| O|  |TAMS 0x000000071cc00000| PB 0x000000071cc00000| Untracked 
| 209|0x000000071ce00000, 0x000000071cfffff8, 0x000000071d000000| 99%| O|  |TAMS 0x000000071ce00000| PB 0x000000071ce00000| Untracked 
| 210|0x000000071d000000, 0x000000071d1ffff8, 0x000000071d200000| 99%| O|  |TAMS 0x000000071d000000| PB 0x000000071d000000| Untracked 
| 211|0x000000071d200000, 0x000000071d400000, 0x000000071d400000|100%| O|  |TAMS 0x000000071d200000| PB 0x000000071d200000| Untracked 
| 212|0x000000071d400000, 0x000000071d600000, 0x000000071d600000|100%| O|  |TAMS 0x000000071d400000| PB 0x000000071d400000| Untracked 
| 213|0x000000071d600000, 0x000000071d7ffff8, 0x000000071d800000| 99%| O|  |TAMS 0x000000071d600000| PB 0x000000071d600000| Untracked 
| 214|0x000000071d800000, 0x000000071d9fffd8, 0x000000071da00000| 99%| O|  |TAMS 0x000000071d800000| PB 0x000000071d800000| Untracked 
| 215|0x000000071da00000, 0x000000071dbffff8, 0x000000071dc00000| 99%| O|  |TAMS 0x000000071da00000| PB 0x000000071da00000| Untracked 
| 216|0x000000071dc00000, 0x000000071ddffff0, 0x000000071de00000| 99%| O|  |TAMS 0x000000071dc00000| PB 0x000000071dc00000| Untracked 
| 217|0x000000071de00000, 0x000000071dffffe8, 0x000000071e000000| 99%| O|  |TAMS 0x000000071de00000| PB 0x000000071de00000| Untracked 
| 218|0x000000071e000000, 0x000000071e1ffff0, 0x000000071e200000| 99%| O|  |TAMS 0x000000071e000000| PB 0x000000071e000000| Untracked 
| 219|0x000000071e200000, 0x000000071e400000, 0x000000071e400000|100%| O|  |TAMS 0x000000071e200000| PB 0x000000071e200000| Untracked 
| 220|0x000000071e400000, 0x000000071e600000, 0x000000071e600000|100%| O|  |TAMS 0x000000071e400000| PB 0x000000071e400000| Untracked 
| 221|0x000000071e600000, 0x000000071e7fffe8, 0x000000071e800000| 99%| O|  |TAMS 0x000000071e600000| PB 0x000000071e600000| Untracked 
| 222|0x000000071e800000, 0x000000071e9ffff8, 0x000000071ea00000| 99%| O|  |TAMS 0x000000071e800000| PB 0x000000071e800000| Untracked 
| 223|0x000000071ea00000, 0x000000071ebffff0, 0x000000071ec00000| 99%| O|  |TAMS 0x000000071ea00000| PB 0x000000071ea00000| Untracked 
| 224|0x000000071ec00000, 0x000000071edfffd0, 0x000000071ee00000| 99%| O|  |TAMS 0x000000071ec00000| PB 0x000000071ec00000| Untracked 
| 225|0x000000071ee00000, 0x000000071effffe8, 0x000000071f000000| 99%| O|  |TAMS 0x000000071ee00000| PB 0x000000071ee00000| Untracked 
| 226|0x000000071f000000, 0x000000071f1ffff8, 0x000000071f200000| 99%| O|  |TAMS 0x000000071f000000| PB 0x000000071f000000| Untracked 
| 227|0x000000071f200000, 0x000000071f3ffff8, 0x000000071f400000| 99%| O|  |TAMS 0x000000071f200000| PB 0x000000071f200000| Untracked 
| 228|0x000000071f400000, 0x000000071f5ffff0, 0x000000071f600000| 99%| O|  |TAMS 0x000000071f400000| PB 0x000000071f400000| Untracked 
| 229|0x000000071f600000, 0x000000071f800000, 0x000000071f800000|100%| O|  |TAMS 0x000000071f600000| PB 0x000000071f600000| Untracked 
| 230|0x000000071f800000, 0x000000071f9fffe0, 0x000000071fa00000| 99%| O|  |TAMS 0x000000071f800000| PB 0x000000071f800000| Untracked 
| 231|0x000000071fa00000, 0x000000071fbfffe8, 0x000000071fc00000| 99%| O|  |TAMS 0x000000071fa00000| PB 0x000000071fa00000| Untracked 
| 232|0x000000071fc00000, 0x000000071fdffff0, 0x000000071fe00000| 99%| O|  |TAMS 0x000000071fc00000| PB 0x000000071fc00000| Untracked 
| 233|0x000000071fe00000, 0x0000000720000000, 0x0000000720000000|100%| O|  |TAMS 0x000000071fe00000| PB 0x000000071fe00000| Untracked 
| 234|0x0000000720000000, 0x00000007201fffe8, 0x0000000720200000| 99%| O|  |TAMS 0x0000000720000000| PB 0x0000000720000000| Untracked 
| 235|0x0000000720200000, 0x00000007203ffff0, 0x0000000720400000| 99%| O|  |TAMS 0x0000000720200000| PB 0x0000000720200000| Untracked 
| 236|0x0000000720400000, 0x00000007205ffff0, 0x0000000720600000| 99%| O|  |TAMS 0x0000000720400000| PB 0x0000000720400000| Untracked 
| 237|0x0000000720600000, 0x0000000720800000, 0x0000000720800000|100%| O|  |TAMS 0x0000000720600000| PB 0x0000000720600000| Untracked 
| 238|0x0000000720800000, 0x00000007209ffff0, 0x0000000720a00000| 99%| O|  |TAMS 0x0000000720800000| PB 0x0000000720800000| Untracked 
| 239|0x0000000720a00000, 0x0000000720bfffe8, 0x0000000720c00000| 99%| O|  |TAMS 0x0000000720a00000| PB 0x0000000720a00000| Untracked 
| 240|0x0000000720c00000, 0x0000000720e00000, 0x0000000720e00000|100%| O|  |TAMS 0x0000000720c00000| PB 0x0000000720c00000| Untracked 
| 241|0x0000000720e00000, 0x0000000720fffff8, 0x0000000721000000| 99%| O|  |TAMS 0x0000000720e00000| PB 0x0000000720e00000| Untracked 
| 242|0x0000000721000000, 0x0000000721200000, 0x0000000721200000|100%| O|  |TAMS 0x0000000721000000| PB 0x0000000721000000| Untracked 
| 243|0x0000000721200000, 0x00000007213ffff0, 0x0000000721400000| 99%| O|  |TAMS 0x0000000721200000| PB 0x0000000721200000| Untracked 
| 244|0x0000000721400000, 0x0000000721600000, 0x0000000721600000|100%| O|  |TAMS 0x0000000721400000| PB 0x0000000721400000| Untracked 
| 245|0x0000000721600000, 0x00000007217ffff0, 0x0000000721800000| 99%| O|  |TAMS 0x0000000721600000| PB 0x0000000721600000| Untracked 
| 246|0x0000000721800000, 0x00000007219ffff0, 0x0000000721a00000| 99%| O|  |TAMS 0x0000000721800000| PB 0x0000000721800000| Untracked 
| 247|0x0000000721a00000, 0x0000000721bffff8, 0x0000000721c00000| 99%| O|  |TAMS 0x0000000721a00000| PB 0x0000000721a00000| Untracked 
| 248|0x0000000721c00000, 0x0000000721dffff8, 0x0000000721e00000| 99%| O|  |TAMS 0x0000000721c00000| PB 0x0000000721c00000| Untracked 
| 249|0x0000000721e00000, 0x0000000722000000, 0x0000000722000000|100%| O|  |TAMS 0x0000000721e00000| PB 0x0000000721e00000| Untracked 
| 250|0x0000000722000000, 0x00000007221fffd0, 0x0000000722200000| 99%| O|  |TAMS 0x0000000722000000| PB 0x0000000722000000| Untracked 
| 251|0x0000000722200000, 0x00000007223fffe0, 0x0000000722400000| 99%| O|  |TAMS 0x0000000722200000| PB 0x0000000722200000| Untracked 
| 252|0x0000000722400000, 0x00000007225ffff0, 0x0000000722600000| 99%| O|  |TAMS 0x0000000722400000| PB 0x0000000722400000| Untracked 
| 253|0x0000000722600000, 0x00000007227fffd0, 0x0000000722800000| 99%| O|  |TAMS 0x0000000722600000| PB 0x0000000722600000| Untracked 
| 254|0x0000000722800000, 0x00000007229ffff0, 0x0000000722a00000| 99%| O|  |TAMS 0x0000000722800000| PB 0x0000000722800000| Untracked 
| 255|0x0000000722a00000, 0x0000000722bfffe8, 0x0000000722c00000| 99%| O|  |TAMS 0x0000000722a00000| PB 0x0000000722a00000| Untracked 
| 256|0x0000000722c00000, 0x0000000722dffff0, 0x0000000722e00000| 99%| O|  |TAMS 0x0000000722c00000| PB 0x0000000722c00000| Untracked 
| 257|0x0000000722e00000, 0x0000000722fffff8, 0x0000000723000000| 99%| O|  |TAMS 0x0000000722e00000| PB 0x0000000722e00000| Untracked 
| 258|0x0000000723000000, 0x00000007231fffe8, 0x0000000723200000| 99%| O|  |TAMS 0x0000000723000000| PB 0x0000000723000000| Untracked 
| 259|0x0000000723200000, 0x0000000723400000, 0x0000000723400000|100%| O|  |TAMS 0x0000000723200000| PB 0x0000000723200000| Untracked 
| 260|0x0000000723400000, 0x0000000723600000, 0x0000000723600000|100%| O|  |TAMS 0x0000000723400000| PB 0x0000000723400000| Untracked 
| 261|0x0000000723600000, 0x00000007237ffff8, 0x0000000723800000| 99%| O|  |TAMS 0x0000000723600000| PB 0x0000000723600000| Untracked 
| 262|0x0000000723800000, 0x00000007239ffff0, 0x0000000723a00000| 99%| O|  |TAMS 0x0000000723800000| PB 0x0000000723800000| Untracked 
| 263|0x0000000723a00000, 0x0000000723bfffe8, 0x0000000723c00000| 99%| O|  |TAMS 0x0000000723a00000| PB 0x0000000723a00000| Untracked 
| 264|0x0000000723c00000, 0x0000000723dffff8, 0x0000000723e00000| 99%| O|  |TAMS 0x0000000723c00000| PB 0x0000000723c00000| Untracked 
| 265|0x0000000723e00000, 0x0000000724000000, 0x0000000724000000|100%| O|  |TAMS 0x0000000723e00000| PB 0x0000000723e00000| Untracked 
| 266|0x0000000724000000, 0x00000007241ffff8, 0x0000000724200000| 99%| O|  |TAMS 0x0000000724000000| PB 0x0000000724000000| Untracked 
| 267|0x0000000724200000, 0x00000007243fffe8, 0x0000000724400000| 99%| O|  |TAMS 0x0000000724200000| PB 0x0000000724200000| Untracked 
| 268|0x0000000724400000, 0x00000007245fffe8, 0x0000000724600000| 99%| O|  |TAMS 0x0000000724400000| PB 0x0000000724400000| Untracked 
| 269|0x0000000724600000, 0x0000000724800000, 0x0000000724800000|100%| O|  |TAMS 0x0000000724600000| PB 0x0000000724600000| Untracked 
| 270|0x0000000724800000, 0x00000007249ffff0, 0x0000000724a00000| 99%| O|  |TAMS 0x0000000724800000| PB 0x0000000724800000| Untracked 
| 271|0x0000000724a00000, 0x0000000724bfffd0, 0x0000000724c00000| 99%| O|  |TAMS 0x0000000724a00000| PB 0x0000000724a00000| Untracked 
| 272|0x0000000724c00000, 0x0000000724dfffe8, 0x0000000724e00000| 99%| O|  |TAMS 0x0000000724c00000| PB 0x0000000724c00000| Untracked 
| 273|0x0000000724e00000, 0x0000000724ffffe8, 0x0000000725000000| 99%| O|  |TAMS 0x0000000724e00000| PB 0x0000000724e00000| Untracked 
| 274|0x0000000725000000, 0x00000007251ffff8, 0x0000000725200000| 99%| O|  |TAMS 0x0000000725000000| PB 0x0000000725000000| Untracked 
| 275|0x0000000725200000, 0x00000007253fffe0, 0x0000000725400000| 99%| O|  |TAMS 0x0000000725200000| PB 0x0000000725200000| Untracked 
| 276|0x0000000725400000, 0x00000007255ffff8, 0x0000000725600000| 99%| O|  |TAMS 0x0000000725400000| PB 0x0000000725400000| Untracked 
| 277|0x0000000725600000, 0x00000007257ffff0, 0x0000000725800000| 99%| O|  |TAMS 0x0000000725600000| PB 0x0000000725600000| Untracked 
| 278|0x0000000725800000, 0x00000007259ffff0, 0x0000000725a00000| 99%| O|  |TAMS 0x0000000725800000| PB 0x0000000725800000| Untracked 
| 279|0x0000000725a00000, 0x0000000725c00000, 0x0000000725c00000|100%| O|  |TAMS 0x0000000725a00000| PB 0x0000000725a00000| Untracked 
| 280|0x0000000725c00000, 0x0000000725dffff0, 0x0000000725e00000| 99%| O|  |TAMS 0x0000000725c00000| PB 0x0000000725c00000| Untracked 
| 281|0x0000000725e00000, 0x0000000726000000, 0x0000000726000000|100%| O|  |TAMS 0x0000000725e00000| PB 0x0000000725e00000| Untracked 
| 282|0x0000000726000000, 0x0000000726200000, 0x0000000726200000|100%| O|  |TAMS 0x0000000726000000| PB 0x0000000726000000| Untracked 
| 283|0x0000000726200000, 0x00000007263ffff8, 0x0000000726400000| 99%| O|  |TAMS 0x0000000726200000| PB 0x0000000726200000| Untracked 
| 284|0x0000000726400000, 0x00000007265ffff8, 0x0000000726600000| 99%| O|  |TAMS 0x0000000726400000| PB 0x0000000726400000| Untracked 
| 285|0x0000000726600000, 0x0000000726800000, 0x0000000726800000|100%| O|  |TAMS 0x0000000726600000| PB 0x0000000726600000| Untracked 
| 286|0x0000000726800000, 0x0000000726a00000, 0x0000000726a00000|100%| O|  |TAMS 0x0000000726800000| PB 0x0000000726800000| Untracked 
| 287|0x0000000726a00000, 0x0000000726bffff8, 0x0000000726c00000| 99%| O|  |TAMS 0x0000000726a00000| PB 0x0000000726a00000| Untracked 
| 288|0x0000000726c00000, 0x0000000726dfffe0, 0x0000000726e00000| 99%| O|  |TAMS 0x0000000726c00000| PB 0x0000000726c00000| Untracked 
| 289|0x0000000726e00000, 0x0000000727000000, 0x0000000727000000|100%| O|  |TAMS 0x0000000726e00000| PB 0x0000000726e00000| Untracked 
| 290|0x0000000727000000, 0x0000000727200000, 0x0000000727200000|100%| O|  |TAMS 0x0000000727000000| PB 0x0000000727000000| Untracked 
| 291|0x0000000727200000, 0x00000007273ffff0, 0x0000000727400000| 99%| O|  |TAMS 0x0000000727200000| PB 0x0000000727200000| Untracked 
| 292|0x0000000727400000, 0x0000000727600000, 0x0000000727600000|100%| O|  |TAMS 0x0000000727400000| PB 0x0000000727400000| Untracked 
| 293|0x0000000727600000, 0x0000000727800000, 0x0000000727800000|100%| O|  |TAMS 0x0000000727600000| PB 0x0000000727600000| Untracked 
| 294|0x0000000727800000, 0x00000007279fffd8, 0x0000000727a00000| 99%| O|  |TAMS 0x0000000727800000| PB 0x0000000727800000| Untracked 
| 295|0x0000000727a00000, 0x0000000727bfffe8, 0x0000000727c00000| 99%| O|  |TAMS 0x0000000727a00000| PB 0x0000000727a00000| Untracked 
| 296|0x0000000727c00000, 0x0000000727dffff8, 0x0000000727e00000| 99%| O|  |TAMS 0x0000000727c00000| PB 0x0000000727c00000| Untracked 
| 297|0x0000000727e00000, 0x0000000727fffff8, 0x0000000728000000| 99%| O|  |TAMS 0x0000000727e00000| PB 0x0000000727e00000| Untracked 
| 298|0x0000000728000000, 0x0000000728200000, 0x0000000728200000|100%| O|  |TAMS 0x0000000728000000| PB 0x0000000728000000| Untracked 
| 299|0x0000000728200000, 0x00000007283ffff8, 0x0000000728400000| 99%| O|  |TAMS 0x0000000728200000| PB 0x0000000728200000| Untracked 
| 300|0x0000000728400000, 0x00000007285fffd0, 0x0000000728600000| 99%| O|  |TAMS 0x0000000728400000| PB 0x0000000728400000| Untracked 
| 301|0x0000000728600000, 0x00000007287ffff0, 0x0000000728800000| 99%| O|  |TAMS 0x0000000728600000| PB 0x0000000728600000| Untracked 
| 302|0x0000000728800000, 0x0000000728a00000, 0x0000000728a00000|100%| O|  |TAMS 0x0000000728800000| PB 0x0000000728800000| Untracked 
| 303|0x0000000728a00000, 0x0000000728bfffe8, 0x0000000728c00000| 99%| O|  |TAMS 0x0000000728a00000| PB 0x0000000728a00000| Untracked 
| 304|0x0000000728c00000, 0x0000000728dffff0, 0x0000000728e00000| 99%| O|  |TAMS 0x0000000728c00000| PB 0x0000000728c00000| Untracked 
| 305|0x0000000728e00000, 0x0000000728fffff8, 0x0000000729000000| 99%| O|  |TAMS 0x0000000728e00000| PB 0x0000000728e00000| Untracked 
| 306|0x0000000729000000, 0x00000007291ffff0, 0x0000000729200000| 99%| O|  |TAMS 0x0000000729000000| PB 0x0000000729000000| Untracked 
| 307|0x0000000729200000, 0x0000000729400000, 0x0000000729400000|100%| O|  |TAMS 0x0000000729200000| PB 0x0000000729200000| Untracked 
| 308|0x0000000729400000, 0x00000007295fffd8, 0x0000000729600000| 99%| O|  |TAMS 0x0000000729400000| PB 0x0000000729400000| Untracked 
| 309|0x0000000729600000, 0x00000007297ffff0, 0x0000000729800000| 99%| O|  |TAMS 0x0000000729600000| PB 0x0000000729600000| Untracked 
| 310|0x0000000729800000, 0x00000007299ffff0, 0x0000000729a00000| 99%| O|  |TAMS 0x0000000729800000| PB 0x0000000729800000| Untracked 
| 311|0x0000000729a00000, 0x0000000729c00000, 0x0000000729c00000|100%| O|  |TAMS 0x0000000729a00000| PB 0x0000000729a00000| Untracked 
| 312|0x0000000729c00000, 0x0000000729e00000, 0x0000000729e00000|100%| O|  |TAMS 0x0000000729c00000| PB 0x0000000729c00000| Untracked 
| 313|0x0000000729e00000, 0x0000000729fffff0, 0x000000072a000000| 99%| O|  |TAMS 0x0000000729e00000| PB 0x0000000729e00000| Untracked 
| 314|0x000000072a000000, 0x000000072a1fffd8, 0x000000072a200000| 99%| O|  |TAMS 0x000000072a000000| PB 0x000000072a000000| Untracked 
| 315|0x000000072a200000, 0x000000072a3ffff0, 0x000000072a400000| 99%| O|  |TAMS 0x000000072a200000| PB 0x000000072a200000| Untracked 
| 316|0x000000072a400000, 0x000000072a5fffe0, 0x000000072a600000| 99%| O|  |TAMS 0x000000072a400000| PB 0x000000072a400000| Untracked 
| 317|0x000000072a600000, 0x000000072a800000, 0x000000072a800000|100%| O|  |TAMS 0x000000072a600000| PB 0x000000072a600000| Untracked 
| 318|0x000000072a800000, 0x000000072aa00000, 0x000000072aa00000|100%| O|  |TAMS 0x000000072a800000| PB 0x000000072a800000| Untracked 
| 319|0x000000072aa00000, 0x000000072abffff8, 0x000000072ac00000| 99%| O|  |TAMS 0x000000072aa00000| PB 0x000000072aa00000| Untracked 
| 320|0x000000072ac00000, 0x000000072ae00000, 0x000000072ae00000|100%| O|  |TAMS 0x000000072ac00000| PB 0x000000072ac00000| Untracked 
| 321|0x000000072ae00000, 0x000000072affffe0, 0x000000072b000000| 99%| O|  |TAMS 0x000000072ae00000| PB 0x000000072ae00000| Untracked 
| 322|0x000000072b000000, 0x000000072b1fffe8, 0x000000072b200000| 99%| O|  |TAMS 0x000000072b000000| PB 0x000000072b000000| Untracked 
| 323|0x000000072b200000, 0x000000072b400000, 0x000000072b400000|100%| O|  |TAMS 0x000000072b200000| PB 0x000000072b200000| Untracked 
| 324|0x000000072b400000, 0x000000072b5ffff8, 0x000000072b600000| 99%| O|  |TAMS 0x000000072b400000| PB 0x000000072b400000| Untracked 
| 325|0x000000072b600000, 0x000000072b800000, 0x000000072b800000|100%| O|  |TAMS 0x000000072b600000| PB 0x000000072b600000| Untracked 
| 326|0x000000072b800000, 0x000000072ba00000, 0x000000072ba00000|100%| O|  |TAMS 0x000000072b800000| PB 0x000000072b800000| Untracked 
| 327|0x000000072ba00000, 0x000000072bbfffe0, 0x000000072bc00000| 99%| O|  |TAMS 0x000000072ba00000| PB 0x000000072ba00000| Untracked 
| 328|0x000000072bc00000, 0x000000072bdffff8, 0x000000072be00000| 99%| O|  |TAMS 0x000000072bc00000| PB 0x000000072bc00000| Untracked 
| 329|0x000000072be00000, 0x000000072bffffd8, 0x000000072c000000| 99%| O|  |TAMS 0x000000072be00000| PB 0x000000072be00000| Untracked 
| 330|0x000000072c000000, 0x000000072c1ffff0, 0x000000072c200000| 99%| O|  |TAMS 0x000000072c000000| PB 0x000000072c000000| Untracked 
| 331|0x000000072c200000, 0x000000072c400000, 0x000000072c400000|100%| O|  |TAMS 0x000000072c200000| PB 0x000000072c200000| Untracked 
| 332|0x000000072c400000, 0x000000072c5fffe8, 0x000000072c600000| 99%| O|  |TAMS 0x000000072c400000| PB 0x000000072c400000| Untracked 
| 333|0x000000072c600000, 0x000000072c7ffff0, 0x000000072c800000| 99%| O|  |TAMS 0x000000072c600000| PB 0x000000072c600000| Untracked 
| 334|0x000000072c800000, 0x000000072c9ffff8, 0x000000072ca00000| 99%| O|  |TAMS 0x000000072c800000| PB 0x000000072c800000| Untracked 
| 335|0x000000072ca00000, 0x000000072cbffff0, 0x000000072cc00000| 99%| O|  |TAMS 0x000000072ca00000| PB 0x000000072ca00000| Untracked 
| 336|0x000000072cc00000, 0x000000072cdffff8, 0x000000072ce00000| 99%| O|  |TAMS 0x000000072cc00000| PB 0x000000072cc00000| Untracked 
| 337|0x000000072ce00000, 0x000000072d000000, 0x000000072d000000|100%| O|  |TAMS 0x000000072ce00000| PB 0x000000072ce00000| Untracked 
| 338|0x000000072d000000, 0x000000072d1ffff8, 0x000000072d200000| 99%| O|  |TAMS 0x000000072d000000| PB 0x000000072d000000| Untracked 
| 339|0x000000072d200000, 0x000000072d3ffff8, 0x000000072d400000| 99%| O|  |TAMS 0x000000072d200000| PB 0x000000072d200000| Untracked 
| 340|0x000000072d400000, 0x000000072d5ffff0, 0x000000072d600000| 99%| O|  |TAMS 0x000000072d400000| PB 0x000000072d400000| Untracked 
| 341|0x000000072d600000, 0x000000072d7ffff0, 0x000000072d800000| 99%| O|  |TAMS 0x000000072d600000| PB 0x000000072d600000| Untracked 
| 342|0x000000072d800000, 0x000000072d9ffff8, 0x000000072da00000| 99%| O|  |TAMS 0x000000072d800000| PB 0x000000072d800000| Untracked 
| 343|0x000000072da00000, 0x000000072dbffff8, 0x000000072dc00000| 99%| O|  |TAMS 0x000000072da00000| PB 0x000000072da00000| Untracked 
| 344|0x000000072dc00000, 0x000000072de00000, 0x000000072de00000|100%| O|  |TAMS 0x000000072dc00000| PB 0x000000072dc00000| Untracked 
| 345|0x000000072de00000, 0x000000072e000000, 0x000000072e000000|100%| O|  |TAMS 0x000000072de00000| PB 0x000000072de00000| Untracked 
| 346|0x000000072e000000, 0x000000072e200000, 0x000000072e200000|100%| O|  |TAMS 0x000000072e000000| PB 0x000000072e000000| Untracked 
| 347|0x000000072e200000, 0x000000072e3fffe8, 0x000000072e400000| 99%| O|  |TAMS 0x000000072e200000| PB 0x000000072e200000| Untracked 
| 348|0x000000072e400000, 0x000000072e5fffe8, 0x000000072e600000| 99%| O|  |TAMS 0x000000072e400000| PB 0x000000072e400000| Untracked 
| 349|0x000000072e600000, 0x000000072e7ffff8, 0x000000072e800000| 99%| O|  |TAMS 0x000000072e600000| PB 0x000000072e600000| Untracked 
| 350|0x000000072e800000, 0x000000072e9ffff0, 0x000000072ea00000| 99%| O|  |TAMS 0x000000072e800000| PB 0x000000072e800000| Untracked 
| 351|0x000000072ea00000, 0x000000072ebffff8, 0x000000072ec00000| 99%| O|  |TAMS 0x000000072ea00000| PB 0x000000072ea00000| Untracked 
| 352|0x000000072ec00000, 0x000000072edffff0, 0x000000072ee00000| 99%| O|  |TAMS 0x000000072ec00000| PB 0x000000072ec00000| Untracked 
| 353|0x000000072ee00000, 0x000000072f000000, 0x000000072f000000|100%| O|  |TAMS 0x000000072ee00000| PB 0x000000072ee00000| Untracked 
| 354|0x000000072f000000, 0x000000072f200000, 0x000000072f200000|100%| O|  |TAMS 0x000000072f000000| PB 0x000000072f000000| Untracked 
| 355|0x000000072f200000, 0x000000072f3ffff8, 0x000000072f400000| 99%| O|  |TAMS 0x000000072f200000| PB 0x000000072f200000| Untracked 
| 356|0x000000072f400000, 0x000000072f5fffe8, 0x000000072f600000| 99%| O|  |TAMS 0x000000072f400000| PB 0x000000072f400000| Untracked 
| 357|0x000000072f600000, 0x000000072f7ffff8, 0x000000072f800000| 99%| O|  |TAMS 0x000000072f600000| PB 0x000000072f600000| Untracked 
| 358|0x000000072f800000, 0x000000072f9fffe0, 0x000000072fa00000| 99%| O|  |TAMS 0x000000072f800000| PB 0x000000072f800000| Untracked 
| 359|0x000000072fa00000, 0x000000072fbfffe0, 0x000000072fc00000| 99%| O|  |TAMS 0x000000072fa00000| PB 0x000000072fa00000| Untracked 
| 360|0x000000072fc00000, 0x000000072fdffff0, 0x000000072fe00000| 99%| O|  |TAMS 0x000000072fc00000| PB 0x000000072fc00000| Untracked 
| 361|0x000000072fe00000, 0x000000072ffffff8, 0x0000000730000000| 99%| O|  |TAMS 0x000000072fe00000| PB 0x000000072fe00000| Untracked 
| 362|0x0000000730000000, 0x00000007301fffe0, 0x0000000730200000| 99%| O|  |TAMS 0x0000000730000000| PB 0x0000000730000000| Untracked 
| 363|0x0000000730200000, 0x00000007303ffff0, 0x0000000730400000| 99%| O|  |TAMS 0x0000000730200000| PB 0x0000000730200000| Untracked 
| 364|0x0000000730400000, 0x00000007305ffff0, 0x0000000730600000| 99%| O|  |TAMS 0x0000000730400000| PB 0x0000000730400000| Untracked 
| 365|0x0000000730600000, 0x0000000730800000, 0x0000000730800000|100%| O|  |TAMS 0x0000000730600000| PB 0x0000000730600000| Untracked 
| 366|0x0000000730800000, 0x00000007309fffd0, 0x0000000730a00000| 99%| O|  |TAMS 0x0000000730800000| PB 0x0000000730800000| Untracked 
| 367|0x0000000730a00000, 0x0000000730bffff8, 0x0000000730c00000| 99%| O|  |TAMS 0x0000000730a00000| PB 0x0000000730a00000| Untracked 
| 368|0x0000000730c00000, 0x0000000730e00000, 0x0000000730e00000|100%| O|  |TAMS 0x0000000730c00000| PB 0x0000000730c00000| Untracked 
| 369|0x0000000730e00000, 0x0000000731000000, 0x0000000731000000|100%| O|  |TAMS 0x0000000730e00000| PB 0x0000000730e00000| Untracked 
| 370|0x0000000731000000, 0x00000007311fffd0, 0x0000000731200000| 99%| O|  |TAMS 0x0000000731000000| PB 0x0000000731000000| Untracked 
| 371|0x0000000731200000, 0x00000007313fffd8, 0x0000000731400000| 99%| O|  |TAMS 0x0000000731200000| PB 0x0000000731200000| Untracked 
| 372|0x0000000731400000, 0x00000007315fffe0, 0x0000000731600000| 99%| O|  |TAMS 0x0000000731400000| PB 0x0000000731400000| Untracked 
| 373|0x0000000731600000, 0x00000007317fffe0, 0x0000000731800000| 99%| O|  |TAMS 0x0000000731600000| PB 0x0000000731600000| Untracked 
| 374|0x0000000731800000, 0x0000000731a00000, 0x0000000731a00000|100%| O|  |TAMS 0x0000000731800000| PB 0x0000000731800000| Untracked 
| 375|0x0000000731a00000, 0x0000000731bffff0, 0x0000000731c00000| 99%| O|  |TAMS 0x0000000731a00000| PB 0x0000000731a00000| Untracked 
| 376|0x0000000731c00000, 0x0000000731dffff0, 0x0000000731e00000| 99%| O|  |TAMS 0x0000000731c00000| PB 0x0000000731c00000| Untracked 
| 377|0x0000000731e00000, 0x0000000731fffff0, 0x0000000732000000| 99%| O|  |TAMS 0x0000000731e00000| PB 0x0000000731e00000| Untracked 
| 378|0x0000000732000000, 0x00000007321ffff8, 0x0000000732200000| 99%| O|  |TAMS 0x0000000732000000| PB 0x0000000732000000| Untracked 
| 379|0x0000000732200000, 0x00000007323fffd0, 0x0000000732400000| 99%| O|  |TAMS 0x0000000732200000| PB 0x0000000732200000| Untracked 
| 380|0x0000000732400000, 0x00000007325ffff8, 0x0000000732600000| 99%| O|  |TAMS 0x0000000732400000| PB 0x0000000732400000| Untracked 
| 381|0x0000000732600000, 0x00000007327ffff0, 0x0000000732800000| 99%| O|  |TAMS 0x0000000732600000| PB 0x0000000732600000| Untracked 
| 382|0x0000000732800000, 0x00000007329ffff0, 0x0000000732a00000| 99%| O|  |TAMS 0x0000000732800000| PB 0x0000000732800000| Untracked 
| 383|0x0000000732a00000, 0x0000000732bffff0, 0x0000000732c00000| 99%| O|  |TAMS 0x0000000732a00000| PB 0x0000000732a00000| Untracked 
| 384|0x0000000732c00000, 0x0000000732dffff0, 0x0000000732e00000| 99%| O|  |TAMS 0x0000000732c00000| PB 0x0000000732c00000| Untracked 
| 385|0x0000000732e00000, 0x0000000732fffff8, 0x0000000733000000| 99%| O|  |TAMS 0x0000000732e00000| PB 0x0000000732e00000| Untracked 
| 386|0x0000000733000000, 0x00000007331ffff8, 0x0000000733200000| 99%| O|  |TAMS 0x0000000733000000| PB 0x0000000733000000| Untracked 
| 387|0x0000000733200000, 0x00000007333ffff8, 0x0000000733400000| 99%| O|  |TAMS 0x0000000733200000| PB 0x0000000733200000| Untracked 
| 388|0x0000000733400000, 0x00000007335ffff8, 0x0000000733600000| 99%| O|  |TAMS 0x0000000733400000| PB 0x0000000733400000| Untracked 
| 389|0x0000000733600000, 0x0000000733800000, 0x0000000733800000|100%| O|  |TAMS 0x0000000733600000| PB 0x0000000733600000| Untracked 
| 390|0x0000000733800000, 0x00000007339fffe8, 0x0000000733a00000| 99%| O|  |TAMS 0x0000000733800000| PB 0x0000000733800000| Untracked 
| 391|0x0000000733a00000, 0x0000000733bffff8, 0x0000000733c00000| 99%| O|  |TAMS 0x0000000733a00000| PB 0x0000000733a00000| Untracked 
| 392|0x0000000733c00000, 0x0000000733dffff0, 0x0000000733e00000| 99%| O|  |TAMS 0x0000000733c00000| PB 0x0000000733c00000| Untracked 
| 393|0x0000000733e00000, 0x0000000733ffffe8, 0x0000000734000000| 99%| O|  |TAMS 0x0000000733e00000| PB 0x0000000733e00000| Untracked 
| 394|0x0000000734000000, 0x00000007341ffff0, 0x0000000734200000| 99%| O|  |TAMS 0x0000000734000000| PB 0x0000000734000000| Untracked 
| 395|0x0000000734200000, 0x00000007343fffe0, 0x0000000734400000| 99%| O|  |TAMS 0x0000000734200000| PB 0x0000000734200000| Untracked 
| 396|0x0000000734400000, 0x00000007345ffff0, 0x0000000734600000| 99%| O|  |TAMS 0x0000000734400000| PB 0x0000000734400000| Untracked 
| 397|0x0000000734600000, 0x00000007347fffe0, 0x0000000734800000| 99%| O|  |TAMS 0x0000000734600000| PB 0x0000000734600000| Untracked 
| 398|0x0000000734800000, 0x0000000734a00000, 0x0000000734a00000|100%| O|  |TAMS 0x0000000734800000| PB 0x0000000734800000| Untracked 
| 399|0x0000000734a00000, 0x0000000734c00000, 0x0000000734c00000|100%| O|  |TAMS 0x0000000734a00000| PB 0x0000000734a00000| Untracked 
| 400|0x0000000734c00000, 0x0000000734dffff8, 0x0000000734e00000| 99%| O|  |TAMS 0x0000000734c00000| PB 0x0000000734c00000| Untracked 
| 401|0x0000000734e00000, 0x0000000734ffffe8, 0x0000000735000000| 99%| O|  |TAMS 0x0000000734e00000| PB 0x0000000734e00000| Untracked 
| 402|0x0000000735000000, 0x00000007351fffd0, 0x0000000735200000| 99%| O|  |TAMS 0x0000000735000000| PB 0x0000000735000000| Untracked 
| 403|0x0000000735200000, 0x0000000735400000, 0x0000000735400000|100%| O|  |TAMS 0x0000000735200000| PB 0x0000000735200000| Untracked 
| 404|0x0000000735400000, 0x00000007355ffff8, 0x0000000735600000| 99%| O|  |TAMS 0x0000000735400000| PB 0x0000000735400000| Untracked 
| 405|0x0000000735600000, 0x0000000735800000, 0x0000000735800000|100%| O|  |TAMS 0x0000000735600000| PB 0x0000000735600000| Untracked 
| 406|0x0000000735800000, 0x00000007359ffff0, 0x0000000735a00000| 99%| O|  |TAMS 0x0000000735800000| PB 0x0000000735800000| Untracked 
| 407|0x0000000735a00000, 0x0000000735bffff0, 0x0000000735c00000| 99%| O|  |TAMS 0x0000000735a00000| PB 0x0000000735a00000| Untracked 
| 408|0x0000000735c00000, 0x0000000735e00000, 0x0000000735e00000|100%| O|  |TAMS 0x0000000735c00000| PB 0x0000000735c00000| Untracked 
| 409|0x0000000735e00000, 0x0000000736000000, 0x0000000736000000|100%| O|  |TAMS 0x0000000735e00000| PB 0x0000000735e00000| Untracked 
| 410|0x0000000736000000, 0x00000007361ffff8, 0x0000000736200000| 99%| O|  |TAMS 0x0000000736000000| PB 0x0000000736000000| Untracked 
| 411|0x0000000736200000, 0x00000007363ffff8, 0x0000000736400000| 99%| O|  |TAMS 0x0000000736200000| PB 0x0000000736200000| Untracked 
| 412|0x0000000736400000, 0x00000007365ffff8, 0x0000000736600000| 99%| O|  |TAMS 0x0000000736400000| PB 0x0000000736400000| Untracked 
| 413|0x0000000736600000, 0x00000007367ffff8, 0x0000000736800000| 99%| O|  |TAMS 0x0000000736600000| PB 0x0000000736600000| Untracked 
| 414|0x0000000736800000, 0x0000000736a00000, 0x0000000736a00000|100%| O|  |TAMS 0x0000000736800000| PB 0x0000000736800000| Untracked 
| 415|0x0000000736a00000, 0x0000000736bfffe8, 0x0000000736c00000| 99%| O|  |TAMS 0x0000000736a00000| PB 0x0000000736a00000| Untracked 
| 416|0x0000000736c00000, 0x0000000736e00000, 0x0000000736e00000|100%| O|  |TAMS 0x0000000736c00000| PB 0x0000000736c00000| Untracked 
| 417|0x0000000736e00000, 0x0000000737000000, 0x0000000737000000|100%| O|  |TAMS 0x0000000736e00000| PB 0x0000000736e00000| Untracked 
| 418|0x0000000737000000, 0x0000000737200000, 0x0000000737200000|100%| O|  |TAMS 0x0000000737000000| PB 0x0000000737000000| Untracked 
| 419|0x0000000737200000, 0x0000000737400000, 0x0000000737400000|100%| O|  |TAMS 0x0000000737200000| PB 0x0000000737200000| Untracked 
| 420|0x0000000737400000, 0x00000007375fffd8, 0x0000000737600000| 99%| O|  |TAMS 0x0000000737400000| PB 0x0000000737400000| Untracked 
| 421|0x0000000737600000, 0x0000000737800000, 0x0000000737800000|100%| O|  |TAMS 0x0000000737600000| PB 0x0000000737600000| Untracked 
| 422|0x0000000737800000, 0x00000007379ffff0, 0x0000000737a00000| 99%| O|  |TAMS 0x0000000737800000| PB 0x0000000737800000| Untracked 
| 423|0x0000000737a00000, 0x0000000737bffff0, 0x0000000737c00000| 99%| O|  |TAMS 0x0000000737a00000| PB 0x0000000737a00000| Untracked 
| 424|0x0000000737c00000, 0x0000000737dffff0, 0x0000000737e00000| 99%| O|  |TAMS 0x0000000737c00000| PB 0x0000000737c00000| Untracked 
| 425|0x0000000737e00000, 0x0000000738000000, 0x0000000738000000|100%| O|  |TAMS 0x0000000737e00000| PB 0x0000000737e00000| Untracked 
| 426|0x0000000738000000, 0x0000000738200000, 0x0000000738200000|100%| O|  |TAMS 0x0000000738000000| PB 0x0000000738000000| Untracked 
| 427|0x0000000738200000, 0x0000000738400000, 0x0000000738400000|100%| O|  |TAMS 0x0000000738200000| PB 0x0000000738200000| Untracked 
| 428|0x0000000738400000, 0x00000007385fffe8, 0x0000000738600000| 99%| O|  |TAMS 0x0000000738400000| PB 0x0000000738400000| Untracked 
| 429|0x0000000738600000, 0x00000007387fffe0, 0x0000000738800000| 99%| O|  |TAMS 0x0000000738600000| PB 0x0000000738600000| Untracked 
| 430|0x0000000738800000, 0x00000007389ffff8, 0x0000000738a00000| 99%| O|  |TAMS 0x0000000738800000| PB 0x0000000738800000| Untracked 
| 431|0x0000000738a00000, 0x0000000738c00000, 0x0000000738c00000|100%| O|  |TAMS 0x0000000738a00000| PB 0x0000000738a00000| Untracked 
| 432|0x0000000738c00000, 0x0000000738dfffe8, 0x0000000738e00000| 99%| O|  |TAMS 0x0000000738c00000| PB 0x0000000738c00000| Untracked 
| 433|0x0000000738e00000, 0x0000000738fffff8, 0x0000000739000000| 99%| O|  |TAMS 0x0000000738e00000| PB 0x0000000738e00000| Untracked 
| 434|0x0000000739000000, 0x00000007391ffff0, 0x0000000739200000| 99%| O|  |TAMS 0x0000000739000000| PB 0x0000000739000000| Untracked 
| 435|0x0000000739200000, 0x00000007393fffe8, 0x0000000739400000| 99%| O|  |TAMS 0x0000000739200000| PB 0x0000000739200000| Untracked 
| 436|0x0000000739400000, 0x00000007395ffff8, 0x0000000739600000| 99%| O|  |TAMS 0x0000000739400000| PB 0x0000000739400000| Untracked 
| 437|0x0000000739600000, 0x00000007397fffe0, 0x0000000739800000| 99%| O|  |TAMS 0x0000000739600000| PB 0x0000000739600000| Untracked 
| 438|0x0000000739800000, 0x00000007399ffff0, 0x0000000739a00000| 99%| O|  |TAMS 0x0000000739800000| PB 0x0000000739800000| Untracked 
| 439|0x0000000739a00000, 0x0000000739bffff0, 0x0000000739c00000| 99%| O|  |TAMS 0x0000000739a00000| PB 0x0000000739a00000| Untracked 
| 440|0x0000000739c00000, 0x0000000739dffff8, 0x0000000739e00000| 99%| O|  |TAMS 0x0000000739c00000| PB 0x0000000739c00000| Untracked 
| 441|0x0000000739e00000, 0x0000000739fffff8, 0x000000073a000000| 99%| O|  |TAMS 0x0000000739e00000| PB 0x0000000739e00000| Untracked 
| 442|0x000000073a000000, 0x000000073a1fffe8, 0x000000073a200000| 99%| O|  |TAMS 0x000000073a000000| PB 0x000000073a000000| Untracked 
| 443|0x000000073a200000, 0x000000073a400000, 0x000000073a400000|100%| O|  |TAMS 0x000000073a200000| PB 0x000000073a200000| Untracked 
| 444|0x000000073a400000, 0x000000073a600000, 0x000000073a600000|100%| O|  |TAMS 0x000000073a400000| PB 0x000000073a400000| Untracked 
| 445|0x000000073a600000, 0x000000073a7ffff8, 0x000000073a800000| 99%| O|  |TAMS 0x000000073a600000| PB 0x000000073a600000| Untracked 
| 446|0x000000073a800000, 0x000000073aa00000, 0x000000073aa00000|100%| O|  |TAMS 0x000000073a800000| PB 0x000000073a800000| Untracked 
| 447|0x000000073aa00000, 0x000000073abfffe8, 0x000000073ac00000| 99%| O|  |TAMS 0x000000073aa00000| PB 0x000000073aa00000| Untracked 
| 448|0x000000073ac00000, 0x000000073adfffd8, 0x000000073ae00000| 99%| O|  |TAMS 0x000000073ac00000| PB 0x000000073ac00000| Untracked 
| 449|0x000000073ae00000, 0x000000073afffff8, 0x000000073b000000| 99%| O|  |TAMS 0x000000073ae00000| PB 0x000000073ae00000| Untracked 
| 450|0x000000073b000000, 0x000000073b200000, 0x000000073b200000|100%| O|  |TAMS 0x000000073b000000| PB 0x000000073b000000| Untracked 
| 451|0x000000073b200000, 0x000000073b3ffff0, 0x000000073b400000| 99%| O|  |TAMS 0x000000073b200000| PB 0x000000073b200000| Untracked 
| 452|0x000000073b400000, 0x000000073b5ffff8, 0x000000073b600000| 99%| O|  |TAMS 0x000000073b400000| PB 0x000000073b400000| Untracked 
| 453|0x000000073b600000, 0x000000073b7ffff8, 0x000000073b800000| 99%| O|  |TAMS 0x000000073b600000| PB 0x000000073b600000| Untracked 
| 454|0x000000073b800000, 0x000000073b9fffe0, 0x000000073ba00000| 99%| O|  |TAMS 0x000000073b800000| PB 0x000000073b800000| Untracked 
| 455|0x000000073ba00000, 0x000000073bc00000, 0x000000073bc00000|100%| O|  |TAMS 0x000000073ba00000| PB 0x000000073ba00000| Untracked 
| 456|0x000000073bc00000, 0x000000073bdffff0, 0x000000073be00000| 99%| O|  |TAMS 0x000000073bc00000| PB 0x000000073bc00000| Untracked 
| 457|0x000000073be00000, 0x000000073bfffff8, 0x000000073c000000| 99%| O|  |TAMS 0x000000073be00000| PB 0x000000073be00000| Untracked 
| 458|0x000000073c000000, 0x000000073c1ffff0, 0x000000073c200000| 99%| O|  |TAMS 0x000000073c000000| PB 0x000000073c000000| Untracked 
| 459|0x000000073c200000, 0x000000073c3ffff8, 0x000000073c400000| 99%| O|  |TAMS 0x000000073c200000| PB 0x000000073c200000| Untracked 
| 460|0x000000073c400000, 0x000000073c5ffff8, 0x000000073c600000| 99%| O|  |TAMS 0x000000073c400000| PB 0x000000073c400000| Untracked 
| 461|0x000000073c600000, 0x000000073c7ffff8, 0x000000073c800000| 99%| O|  |TAMS 0x000000073c600000| PB 0x000000073c600000| Untracked 
| 462|0x000000073c800000, 0x000000073c9ffff8, 0x000000073ca00000| 99%| O|  |TAMS 0x000000073c800000| PB 0x000000073c800000| Untracked 
| 463|0x000000073ca00000, 0x000000073cbfffd8, 0x000000073cc00000| 99%| O|  |TAMS 0x000000073ca00000| PB 0x000000073ca00000| Untracked 
| 464|0x000000073cc00000, 0x000000073cdffff8, 0x000000073ce00000| 99%| O|  |TAMS 0x000000073cc00000| PB 0x000000073cc00000| Untracked 
| 465|0x000000073ce00000, 0x000000073cfffff0, 0x000000073d000000| 99%| O|  |TAMS 0x000000073ce00000| PB 0x000000073ce00000| Untracked 
| 466|0x000000073d000000, 0x000000073d1fffe8, 0x000000073d200000| 99%| O|  |TAMS 0x000000073d000000| PB 0x000000073d000000| Untracked 
| 467|0x000000073d200000, 0x000000073d3fffe8, 0x000000073d400000| 99%| O|  |TAMS 0x000000073d200000| PB 0x000000073d200000| Untracked 
| 468|0x000000073d400000, 0x000000073d5ffff0, 0x000000073d600000| 99%| O|  |TAMS 0x000000073d400000| PB 0x000000073d400000| Untracked 
| 469|0x000000073d600000, 0x000000073d7ffff0, 0x000000073d800000| 99%| O|  |TAMS 0x000000073d600000| PB 0x000000073d600000| Untracked 
| 470|0x000000073d800000, 0x000000073da00000, 0x000000073da00000|100%| O|  |TAMS 0x000000073d800000| PB 0x000000073d800000| Untracked 
| 471|0x000000073da00000, 0x000000073dbffff0, 0x000000073dc00000| 99%| O|  |TAMS 0x000000073da00000| PB 0x000000073da00000| Untracked 
| 472|0x000000073dc00000, 0x000000073de00000, 0x000000073de00000|100%| O|  |TAMS 0x000000073dc00000| PB 0x000000073dc00000| Untracked 
| 473|0x000000073de00000, 0x000000073e000000, 0x000000073e000000|100%| O|  |TAMS 0x000000073de00000| PB 0x000000073de00000| Untracked 
| 474|0x000000073e000000, 0x000000073e1ffff0, 0x000000073e200000| 99%| O|  |TAMS 0x000000073e000000| PB 0x000000073e000000| Untracked 
| 475|0x000000073e200000, 0x000000073e400000, 0x000000073e400000|100%| O|  |TAMS 0x000000073e200000| PB 0x000000073e200000| Untracked 
| 476|0x000000073e400000, 0x000000073e600000, 0x000000073e600000|100%| O|  |TAMS 0x000000073e400000| PB 0x000000073e400000| Untracked 
| 477|0x000000073e600000, 0x000000073e7ffff0, 0x000000073e800000| 99%| O|  |TAMS 0x000000073e600000| PB 0x000000073e600000| Untracked 
| 478|0x000000073e800000, 0x000000073ea00000, 0x000000073ea00000|100%| O|  |TAMS 0x000000073e800000| PB 0x000000073e800000| Untracked 
| 479|0x000000073ea00000, 0x000000073ebfffe0, 0x000000073ec00000| 99%| O|  |TAMS 0x000000073ea00000| PB 0x000000073ea00000| Untracked 
| 480|0x000000073ec00000, 0x000000073edffff8, 0x000000073ee00000| 99%| O|  |TAMS 0x000000073ec00000| PB 0x000000073ec00000| Untracked 
| 481|0x000000073ee00000, 0x000000073f000000, 0x000000073f000000|100%| O|  |TAMS 0x000000073ee00000| PB 0x000000073ee00000| Untracked 
| 482|0x000000073f000000, 0x000000073f200000, 0x000000073f200000|100%| O|  |TAMS 0x000000073f000000| PB 0x000000073f000000| Untracked 
| 483|0x000000073f200000, 0x000000073f400000, 0x000000073f400000|100%| O|  |TAMS 0x000000073f200000| PB 0x000000073f200000| Untracked 
| 484|0x000000073f400000, 0x000000073f5ffff8, 0x000000073f600000| 99%| O|  |TAMS 0x000000073f400000| PB 0x000000073f400000| Untracked 
| 485|0x000000073f600000, 0x000000073f7fffd8, 0x000000073f800000| 99%| O|  |TAMS 0x000000073f600000| PB 0x000000073f600000| Untracked 
| 486|0x000000073f800000, 0x000000073fa00000, 0x000000073fa00000|100%| O|  |TAMS 0x000000073f800000| PB 0x000000073f800000| Untracked 
| 487|0x000000073fa00000, 0x000000073fbffff8, 0x000000073fc00000| 99%| O|  |TAMS 0x000000073fa00000| PB 0x000000073fa00000| Untracked 
| 488|0x000000073fc00000, 0x000000073fdfffe0, 0x000000073fe00000| 99%| O|  |TAMS 0x000000073fc00000| PB 0x000000073fc00000| Untracked 
| 489|0x000000073fe00000, 0x000000073ffffff0, 0x0000000740000000| 99%| O|  |TAMS 0x000000073fe00000| PB 0x000000073fe00000| Untracked 
| 490|0x0000000740000000, 0x00000007401ffff8, 0x0000000740200000| 99%| O|  |TAMS 0x0000000740000000| PB 0x0000000740000000| Untracked 
| 491|0x0000000740200000, 0x00000007403ffff0, 0x0000000740400000| 99%| O|  |TAMS 0x0000000740200000| PB 0x0000000740200000| Untracked 
| 492|0x0000000740400000, 0x00000007405ffff0, 0x0000000740600000| 99%| O|  |TAMS 0x0000000740400000| PB 0x0000000740400000| Untracked 
| 493|0x0000000740600000, 0x0000000740800000, 0x0000000740800000|100%| O|  |TAMS 0x0000000740600000| PB 0x0000000740600000| Untracked 
| 494|0x0000000740800000, 0x00000007409fffe8, 0x0000000740a00000| 99%| O|  |TAMS 0x0000000740800000| PB 0x0000000740800000| Untracked 
| 495|0x0000000740a00000, 0x0000000740c00000, 0x0000000740c00000|100%| O|  |TAMS 0x0000000740a00000| PB 0x0000000740a00000| Untracked 
| 496|0x0000000740c00000, 0x0000000740e00000, 0x0000000740e00000|100%| O|  |TAMS 0x0000000740c00000| PB 0x0000000740c00000| Untracked 
| 497|0x0000000740e00000, 0x0000000740fffff8, 0x0000000741000000| 99%| O|  |TAMS 0x0000000740e00000| PB 0x0000000740e00000| Untracked 
| 498|0x0000000741000000, 0x00000007411ffff0, 0x0000000741200000| 99%| O|  |TAMS 0x0000000741000000| PB 0x0000000741000000| Untracked 
| 499|0x0000000741200000, 0x00000007413ffff0, 0x0000000741400000| 99%| O|  |TAMS 0x0000000741200000| PB 0x0000000741200000| Untracked 
| 500|0x0000000741400000, 0x00000007415ffff0, 0x0000000741600000| 99%| O|  |TAMS 0x0000000741400000| PB 0x0000000741400000| Untracked 
| 501|0x0000000741600000, 0x00000007417ffff0, 0x0000000741800000| 99%| O|  |TAMS 0x0000000741600000| PB 0x0000000741600000| Untracked 
| 502|0x0000000741800000, 0x00000007419fffd0, 0x0000000741a00000| 99%| O|  |TAMS 0x0000000741800000| PB 0x0000000741800000| Untracked 
| 503|0x0000000741a00000, 0x0000000741bffff8, 0x0000000741c00000| 99%| O|  |TAMS 0x0000000741a00000| PB 0x0000000741a00000| Untracked 
| 504|0x0000000741c00000, 0x0000000741dffff8, 0x0000000741e00000| 99%| O|  |TAMS 0x0000000741c00000| PB 0x0000000741c00000| Untracked 
| 505|0x0000000741e00000, 0x0000000742000000, 0x0000000742000000|100%| O|  |TAMS 0x0000000741e00000| PB 0x0000000741e00000| Untracked 
| 506|0x0000000742000000, 0x00000007421ffff0, 0x0000000742200000| 99%| O|  |TAMS 0x0000000742000000| PB 0x0000000742000000| Untracked 
| 507|0x0000000742200000, 0x00000007423ffff0, 0x0000000742400000| 99%| O|  |TAMS 0x0000000742200000| PB 0x0000000742200000| Untracked 
| 508|0x0000000742400000, 0x00000007425fffe8, 0x0000000742600000| 99%| O|  |TAMS 0x0000000742400000| PB 0x0000000742400000| Untracked 
| 509|0x0000000742600000, 0x0000000742800000, 0x0000000742800000|100%| O|  |TAMS 0x0000000742600000| PB 0x0000000742600000| Untracked 
| 510|0x0000000742800000, 0x00000007429ffff8, 0x0000000742a00000| 99%| O|  |TAMS 0x0000000742800000| PB 0x0000000742800000| Untracked 
| 511|0x0000000742a00000, 0x0000000742c00000, 0x0000000742c00000|100%| O|  |TAMS 0x0000000742a00000| PB 0x0000000742a00000| Untracked 
| 512|0x0000000742c00000, 0x0000000742e00000, 0x0000000742e00000|100%| O|  |TAMS 0x0000000742c00000| PB 0x0000000742c00000| Untracked 
| 513|0x0000000742e00000, 0x0000000742fffff0, 0x0000000743000000| 99%| O|  |TAMS 0x0000000742e00000| PB 0x0000000742e00000| Untracked 
| 514|0x0000000743000000, 0x0000000743200000, 0x0000000743200000|100%| O|  |TAMS 0x0000000743000000| PB 0x0000000743000000| Untracked 
| 515|0x0000000743200000, 0x0000000743400000, 0x0000000743400000|100%| O|  |TAMS 0x0000000743200000| PB 0x0000000743200000| Untracked 
| 516|0x0000000743400000, 0x00000007435ffff0, 0x0000000743600000| 99%| O|  |TAMS 0x0000000743400000| PB 0x0000000743400000| Untracked 
| 517|0x0000000743600000, 0x00000007437ffff0, 0x0000000743800000| 99%| O|  |TAMS 0x0000000743600000| PB 0x0000000743600000| Untracked 
| 518|0x0000000743800000, 0x00000007439ffff0, 0x0000000743a00000| 99%| O|  |TAMS 0x0000000743800000| PB 0x0000000743800000| Untracked 
| 519|0x0000000743a00000, 0x0000000743bffff8, 0x0000000743c00000| 99%| O|  |TAMS 0x0000000743a00000| PB 0x0000000743a00000| Untracked 
| 520|0x0000000743c00000, 0x0000000743e00000, 0x0000000743e00000|100%| O|  |TAMS 0x0000000743c00000| PB 0x0000000743c00000| Untracked 
| 521|0x0000000743e00000, 0x0000000744000000, 0x0000000744000000|100%| O|  |TAMS 0x0000000743e00000| PB 0x0000000743e00000| Untracked 
| 522|0x0000000744000000, 0x00000007441fffe8, 0x0000000744200000| 99%| O|  |TAMS 0x0000000744000000| PB 0x0000000744000000| Untracked 
| 523|0x0000000744200000, 0x00000007443fffd8, 0x0000000744400000| 99%| O|  |TAMS 0x0000000744200000| PB 0x0000000744200000| Untracked 
| 524|0x0000000744400000, 0x0000000744600000, 0x0000000744600000|100%| O|  |TAMS 0x0000000744400000| PB 0x0000000744400000| Untracked 
| 525|0x0000000744600000, 0x00000007447ffff0, 0x0000000744800000| 99%| O|  |TAMS 0x0000000744600000| PB 0x0000000744600000| Untracked 
| 526|0x0000000744800000, 0x00000007449fffe0, 0x0000000744a00000| 99%| O|  |TAMS 0x0000000744800000| PB 0x0000000744800000| Untracked 
| 527|0x0000000744a00000, 0x0000000744bffff8, 0x0000000744c00000| 99%| O|  |TAMS 0x0000000744a00000| PB 0x0000000744a00000| Untracked 
| 528|0x0000000744c00000, 0x0000000744dffff0, 0x0000000744e00000| 99%| O|  |TAMS 0x0000000744c00000| PB 0x0000000744c00000| Untracked 
| 529|0x0000000744e00000, 0x0000000745000000, 0x0000000745000000|100%| O|  |TAMS 0x0000000744e00000| PB 0x0000000744e00000| Untracked 
| 530|0x0000000745000000, 0x00000007451fffe0, 0x0000000745200000| 99%| O|  |TAMS 0x0000000745000000| PB 0x0000000745000000| Untracked 
| 531|0x0000000745200000, 0x00000007453ffff8, 0x0000000745400000| 99%| O|  |TAMS 0x0000000745200000| PB 0x0000000745200000| Untracked 
| 532|0x0000000745400000, 0x00000007455fffe0, 0x0000000745600000| 99%| O|  |TAMS 0x0000000745400000| PB 0x0000000745400000| Untracked 
| 533|0x0000000745600000, 0x00000007457fffe0, 0x0000000745800000| 99%| O|  |TAMS 0x0000000745600000| PB 0x0000000745600000| Untracked 
| 534|0x0000000745800000, 0x00000007459ffff0, 0x0000000745a00000| 99%| O|  |TAMS 0x0000000745800000| PB 0x0000000745800000| Untracked 
| 535|0x0000000745a00000, 0x0000000745bffff8, 0x0000000745c00000| 99%| O|  |TAMS 0x0000000745a00000| PB 0x0000000745a00000| Untracked 
| 536|0x0000000745c00000, 0x0000000745dfffe8, 0x0000000745e00000| 99%| O|  |TAMS 0x0000000745c00000| PB 0x0000000745c00000| Untracked 
| 537|0x0000000745e00000, 0x0000000745fffff8, 0x0000000746000000| 99%| O|  |TAMS 0x0000000745e00000| PB 0x0000000745e00000| Untracked 
| 538|0x0000000746000000, 0x00000007461fffd0, 0x0000000746200000| 99%| O|  |TAMS 0x0000000746000000| PB 0x0000000746000000| Untracked 
| 539|0x0000000746200000, 0x00000007463ffff0, 0x0000000746400000| 99%| O|  |TAMS 0x0000000746200000| PB 0x0000000746200000| Untracked 
| 540|0x0000000746400000, 0x0000000746600000, 0x0000000746600000|100%| O|  |TAMS 0x0000000746400000| PB 0x0000000746400000| Untracked 
| 541|0x0000000746600000, 0x00000007467ffff0, 0x0000000746800000| 99%| O|  |TAMS 0x0000000746600000| PB 0x0000000746600000| Untracked 
| 542|0x0000000746800000, 0x00000007469ffff8, 0x0000000746a00000| 99%| O|  |TAMS 0x0000000746800000| PB 0x0000000746800000| Untracked 
| 543|0x0000000746a00000, 0x0000000746bfffd0, 0x0000000746c00000| 99%| O|  |TAMS 0x0000000746a00000| PB 0x0000000746a00000| Untracked 
| 544|0x0000000746c00000, 0x0000000746dfffe8, 0x0000000746e00000| 99%| O|  |TAMS 0x0000000746c00000| PB 0x0000000746c00000| Untracked 
| 545|0x0000000746e00000, 0x0000000746fffff0, 0x0000000747000000| 99%| O|  |TAMS 0x0000000746e00000| PB 0x0000000746e00000| Untracked 
| 546|0x0000000747000000, 0x0000000747200000, 0x0000000747200000|100%| O|  |TAMS 0x0000000747000000| PB 0x0000000747000000| Untracked 
| 547|0x0000000747200000, 0x00000007473ffff8, 0x0000000747400000| 99%| O|  |TAMS 0x0000000747200000| PB 0x0000000747200000| Untracked 
| 548|0x0000000747400000, 0x00000007475ffff0, 0x0000000747600000| 99%| O|  |TAMS 0x0000000747400000| PB 0x0000000747400000| Untracked 
| 549|0x0000000747600000, 0x00000007477ffff8, 0x0000000747800000| 99%| O|  |TAMS 0x0000000747600000| PB 0x0000000747600000| Untracked 
| 550|0x0000000747800000, 0x00000007479ffff0, 0x0000000747a00000| 99%| O|  |TAMS 0x0000000747800000| PB 0x0000000747800000| Untracked 
| 551|0x0000000747a00000, 0x0000000747bffff8, 0x0000000747c00000| 99%| O|  |TAMS 0x0000000747a00000| PB 0x0000000747a00000| Untracked 
| 552|0x0000000747c00000, 0x0000000747e00000, 0x0000000747e00000|100%| O|  |TAMS 0x0000000747c00000| PB 0x0000000747c00000| Untracked 
| 553|0x0000000747e00000, 0x0000000747fffff0, 0x0000000748000000| 99%| O|  |TAMS 0x0000000747e00000| PB 0x0000000747e00000| Untracked 
| 554|0x0000000748000000, 0x00000007481ffff8, 0x0000000748200000| 99%| O|  |TAMS 0x0000000748000000| PB 0x0000000748000000| Untracked 
| 555|0x0000000748200000, 0x00000007483ffff8, 0x0000000748400000| 99%| O|  |TAMS 0x0000000748200000| PB 0x0000000748200000| Untracked 
| 556|0x0000000748400000, 0x00000007485fffe0, 0x0000000748600000| 99%| O|  |TAMS 0x0000000748400000| PB 0x0000000748400000| Untracked 
| 557|0x0000000748600000, 0x00000007487ffff0, 0x0000000748800000| 99%| O|  |TAMS 0x0000000748600000| PB 0x0000000748600000| Untracked 
| 558|0x0000000748800000, 0x00000007489ffff8, 0x0000000748a00000| 99%| O|  |TAMS 0x0000000748800000| PB 0x0000000748800000| Untracked 
| 559|0x0000000748a00000, 0x0000000748c00000, 0x0000000748c00000|100%| O|  |TAMS 0x0000000748a00000| PB 0x0000000748a00000| Untracked 
| 560|0x0000000748c00000, 0x0000000748dfffd0, 0x0000000748e00000| 99%| O|  |TAMS 0x0000000748c00000| PB 0x0000000748c00000| Untracked 
| 561|0x0000000748e00000, 0x0000000748fffff0, 0x0000000749000000| 99%| O|  |TAMS 0x0000000748e00000| PB 0x0000000748e00000| Untracked 
| 562|0x0000000749000000, 0x00000007491fffe8, 0x0000000749200000| 99%| O|  |TAMS 0x0000000749000000| PB 0x0000000749000000| Untracked 
| 563|0x0000000749200000, 0x00000007493ffff0, 0x0000000749400000| 99%| O|  |TAMS 0x0000000749200000| PB 0x0000000749200000| Untracked 
| 564|0x0000000749400000, 0x00000007495fffd8, 0x0000000749600000| 99%| O|  |TAMS 0x0000000749400000| PB 0x0000000749400000| Untracked 
| 565|0x0000000749600000, 0x00000007497fffe8, 0x0000000749800000| 99%| O|  |TAMS 0x0000000749600000| PB 0x0000000749600000| Untracked 
| 566|0x0000000749800000, 0x00000007499ffff0, 0x0000000749a00000| 99%| O|  |TAMS 0x0000000749800000| PB 0x0000000749800000| Untracked 
| 567|0x0000000749a00000, 0x0000000749bffff0, 0x0000000749c00000| 99%| O|  |TAMS 0x0000000749a00000| PB 0x0000000749a00000| Untracked 
| 568|0x0000000749c00000, 0x0000000749dffff0, 0x0000000749e00000| 99%| O|  |TAMS 0x0000000749c00000| PB 0x0000000749c00000| Untracked 
| 569|0x0000000749e00000, 0x0000000749ffffd0, 0x000000074a000000| 99%| O|  |TAMS 0x0000000749e00000| PB 0x0000000749e00000| Untracked 
| 570|0x000000074a000000, 0x000000074a200000, 0x000000074a200000|100%| O|  |TAMS 0x000000074a000000| PB 0x000000074a000000| Untracked 
| 571|0x000000074a200000, 0x000000074a3fffe8, 0x000000074a400000| 99%| O|  |TAMS 0x000000074a200000| PB 0x000000074a200000| Untracked 
| 572|0x000000074a400000, 0x000000074a5ffff8, 0x000000074a600000| 99%| O|  |TAMS 0x000000074a400000| PB 0x000000074a400000| Untracked 
| 573|0x000000074a600000, 0x000000074a7ffff8, 0x000000074a800000| 99%| O|  |TAMS 0x000000074a600000| PB 0x000000074a600000| Untracked 
| 574|0x000000074a800000, 0x000000074a9fffe0, 0x000000074aa00000| 99%| O|  |TAMS 0x000000074a800000| PB 0x000000074a800000| Untracked 
| 575|0x000000074aa00000, 0x000000074abffff0, 0x000000074ac00000| 99%| O|  |TAMS 0x000000074aa00000| PB 0x000000074aa00000| Untracked 
| 576|0x000000074ac00000, 0x000000074adfffe0, 0x000000074ae00000| 99%| O|  |TAMS 0x000000074ac00000| PB 0x000000074ac00000| Untracked 
| 577|0x000000074ae00000, 0x000000074b000000, 0x000000074b000000|100%| O|  |TAMS 0x000000074ae00000| PB 0x000000074ae00000| Untracked 
| 578|0x000000074b000000, 0x000000074b1ffff8, 0x000000074b200000| 99%| O|  |TAMS 0x000000074b000000| PB 0x000000074b000000| Untracked 
| 579|0x000000074b200000, 0x000000074b3ffff0, 0x000000074b400000| 99%| O|  |TAMS 0x000000074b200000| PB 0x000000074b200000| Untracked 
| 580|0x000000074b400000, 0x000000074b5fffe0, 0x000000074b600000| 99%| O|  |TAMS 0x000000074b400000| PB 0x000000074b400000| Untracked 
| 581|0x000000074b600000, 0x000000074b800000, 0x000000074b800000|100%| O|  |TAMS 0x000000074b600000| PB 0x000000074b600000| Untracked 
| 582|0x000000074b800000, 0x000000074b9ffff0, 0x000000074ba00000| 99%| O|  |TAMS 0x000000074b800000| PB 0x000000074b800000| Untracked 
| 583|0x000000074ba00000, 0x000000074bbffff8, 0x000000074bc00000| 99%| O|  |TAMS 0x000000074ba00000| PB 0x000000074ba00000| Untracked 
| 584|0x000000074bc00000, 0x000000074bdffff8, 0x000000074be00000| 99%| O|  |TAMS 0x000000074bc00000| PB 0x000000074bc00000| Untracked 
| 585|0x000000074be00000, 0x000000074bfffff8, 0x000000074c000000| 99%| O|  |TAMS 0x000000074be00000| PB 0x000000074be00000| Untracked 
| 586|0x000000074c000000, 0x000000074c1ffff8, 0x000000074c200000| 99%| O|  |TAMS 0x000000074c000000| PB 0x000000074c000000| Untracked 
| 587|0x000000074c200000, 0x000000074c3fffe8, 0x000000074c400000| 99%| O|  |TAMS 0x000000074c200000| PB 0x000000074c200000| Untracked 
| 588|0x000000074c400000, 0x000000074c5fffd0, 0x000000074c600000| 99%| O|  |TAMS 0x000000074c400000| PB 0x000000074c400000| Untracked 
| 589|0x000000074c600000, 0x000000074c7ffff0, 0x000000074c800000| 99%| O|  |TAMS 0x000000074c600000| PB 0x000000074c600000| Untracked 
| 590|0x000000074c800000, 0x000000074ca00000, 0x000000074ca00000|100%| O|  |TAMS 0x000000074c800000| PB 0x000000074c800000| Untracked 
| 591|0x000000074ca00000, 0x000000074cbffff0, 0x000000074cc00000| 99%| O|  |TAMS 0x000000074ca00000| PB 0x000000074ca00000| Untracked 
| 592|0x000000074cc00000, 0x000000074cdffff8, 0x000000074ce00000| 99%| O|  |TAMS 0x000000074cc00000| PB 0x000000074cc00000| Untracked 
| 593|0x000000074ce00000, 0x000000074cfffff8, 0x000000074d000000| 99%| O|  |TAMS 0x000000074ce00000| PB 0x000000074ce00000| Untracked 
| 594|0x000000074d000000, 0x000000074d200000, 0x000000074d200000|100%| O|  |TAMS 0x000000074d000000| PB 0x000000074d000000| Untracked 
| 595|0x000000074d200000, 0x000000074d3fffd8, 0x000000074d400000| 99%| O|  |TAMS 0x000000074d200000| PB 0x000000074d200000| Untracked 
| 596|0x000000074d400000, 0x000000074d5ffff8, 0x000000074d600000| 99%| O|  |TAMS 0x000000074d400000| PB 0x000000074d400000| Untracked 
| 597|0x000000074d600000, 0x000000074d7ffff8, 0x000000074d800000| 99%| O|  |TAMS 0x000000074d600000| PB 0x000000074d600000| Untracked 
| 598|0x000000074d800000, 0x000000074d9fffe0, 0x000000074da00000| 99%| O|  |TAMS 0x000000074d800000| PB 0x000000074d800000| Untracked 
| 599|0x000000074da00000, 0x000000074dbffff8, 0x000000074dc00000| 99%| O|  |TAMS 0x000000074da00000| PB 0x000000074da00000| Untracked 
| 600|0x000000074dc00000, 0x000000074ddffff0, 0x000000074de00000| 99%| O|  |TAMS 0x000000074dc00000| PB 0x000000074dc00000| Untracked 
| 601|0x000000074de00000, 0x000000074e000000, 0x000000074e000000|100%| O|  |TAMS 0x000000074de00000| PB 0x000000074de00000| Untracked 
| 602|0x000000074e000000, 0x000000074e1fffe0, 0x000000074e200000| 99%| O|  |TAMS 0x000000074e000000| PB 0x000000074e000000| Untracked 
| 603|0x000000074e200000, 0x000000074e3ffff8, 0x000000074e400000| 99%| O|  |TAMS 0x000000074e200000| PB 0x000000074e200000| Untracked 
| 604|0x000000074e400000, 0x000000074e5ffff8, 0x000000074e600000| 99%| O|  |TAMS 0x000000074e400000| PB 0x000000074e400000| Untracked 
| 605|0x000000074e600000, 0x000000074e7fffe8, 0x000000074e800000| 99%| O|  |TAMS 0x000000074e600000| PB 0x000000074e600000| Untracked 
| 606|0x000000074e800000, 0x000000074e9fffd8, 0x000000074ea00000| 99%| O|  |TAMS 0x000000074e800000| PB 0x000000074e800000| Untracked 
| 607|0x000000074ea00000, 0x000000074ec00000, 0x000000074ec00000|100%| O|  |TAMS 0x000000074ea00000| PB 0x000000074ea00000| Untracked 
| 608|0x000000074ec00000, 0x000000074edffff8, 0x000000074ee00000| 99%| O|  |TAMS 0x000000074ec00000| PB 0x000000074ec00000| Untracked 
| 609|0x000000074ee00000, 0x000000074f000000, 0x000000074f000000|100%| O|  |TAMS 0x000000074ee00000| PB 0x000000074ee00000| Untracked 
| 610|0x000000074f000000, 0x000000074f1ffff8, 0x000000074f200000| 99%| O|  |TAMS 0x000000074f000000| PB 0x000000074f000000| Untracked 
| 611|0x000000074f200000, 0x000000074f3ffff0, 0x000000074f400000| 99%| O|  |TAMS 0x000000074f200000| PB 0x000000074f200000| Untracked 
| 612|0x000000074f400000, 0x000000074f5fffe0, 0x000000074f600000| 99%| O|  |TAMS 0x000000074f400000| PB 0x000000074f400000| Untracked 
| 613|0x000000074f600000, 0x000000074f7fffd8, 0x000000074f800000| 99%| O|  |TAMS 0x000000074f600000| PB 0x000000074f600000| Untracked 
| 614|0x000000074f800000, 0x000000074f9ffff0, 0x000000074fa00000| 99%| O|  |TAMS 0x000000074f800000| PB 0x000000074f800000| Untracked 
| 615|0x000000074fa00000, 0x000000074fc00000, 0x000000074fc00000|100%| O|  |TAMS 0x000000074fa00000| PB 0x000000074fa00000| Untracked 
| 616|0x000000074fc00000, 0x000000074fdfffe8, 0x000000074fe00000| 99%| O|  |TAMS 0x000000074fc00000| PB 0x000000074fc00000| Untracked 
| 617|0x000000074fe00000, 0x0000000750000000, 0x0000000750000000|100%| O|  |TAMS 0x000000074fe00000| PB 0x000000074fe00000| Untracked 
| 618|0x0000000750000000, 0x0000000750200000, 0x0000000750200000|100%| O|  |TAMS 0x0000000750000000| PB 0x0000000750000000| Untracked 
| 619|0x0000000750200000, 0x00000007503ffff0, 0x0000000750400000| 99%| O|  |TAMS 0x0000000750200000| PB 0x0000000750200000| Untracked 
| 620|0x0000000750400000, 0x00000007505ffff8, 0x0000000750600000| 99%| O|  |TAMS 0x0000000750400000| PB 0x0000000750400000| Untracked 
| 621|0x0000000750600000, 0x00000007507fffe8, 0x0000000750800000| 99%| O|  |TAMS 0x0000000750600000| PB 0x0000000750600000| Untracked 
| 622|0x0000000750800000, 0x0000000750a00000, 0x0000000750a00000|100%| O|  |TAMS 0x0000000750800000| PB 0x0000000750800000| Untracked 
| 623|0x0000000750a00000, 0x0000000750bffff0, 0x0000000750c00000| 99%| O|  |TAMS 0x0000000750a00000| PB 0x0000000750a00000| Untracked 
| 624|0x0000000750c00000, 0x0000000750dfffe0, 0x0000000750e00000| 99%| O|  |TAMS 0x0000000750c00000| PB 0x0000000750c00000| Untracked 
| 625|0x0000000750e00000, 0x0000000750fffff0, 0x0000000751000000| 99%| O|  |TAMS 0x0000000750e00000| PB 0x0000000750e00000| Untracked 
| 626|0x0000000751000000, 0x0000000751200000, 0x0000000751200000|100%| O|  |TAMS 0x0000000751000000| PB 0x0000000751000000| Untracked 
| 627|0x0000000751200000, 0x00000007513fffe0, 0x0000000751400000| 99%| O|  |TAMS 0x0000000751200000| PB 0x0000000751200000| Untracked 
| 628|0x0000000751400000, 0x00000007515ffff0, 0x0000000751600000| 99%| O|  |TAMS 0x0000000751400000| PB 0x0000000751400000| Untracked 
| 629|0x0000000751600000, 0x00000007517fffe8, 0x0000000751800000| 99%| O|  |TAMS 0x0000000751600000| PB 0x0000000751600000| Untracked 
| 630|0x0000000751800000, 0x0000000751a00000, 0x0000000751a00000|100%| O|  |TAMS 0x0000000751800000| PB 0x0000000751800000| Untracked 
| 631|0x0000000751a00000, 0x0000000751bfffd8, 0x0000000751c00000| 99%| O|  |TAMS 0x0000000751a00000| PB 0x0000000751a00000| Untracked 
| 632|0x0000000751c00000, 0x0000000751e00000, 0x0000000751e00000|100%| O|  |TAMS 0x0000000751c00000| PB 0x0000000751c00000| Untracked 
| 633|0x0000000751e00000, 0x0000000751ffffe8, 0x0000000752000000| 99%| O|  |TAMS 0x0000000751e00000| PB 0x0000000751e00000| Untracked 
| 634|0x0000000752000000, 0x00000007521ffff8, 0x0000000752200000| 99%| O|  |TAMS 0x0000000752000000| PB 0x0000000752000000| Untracked 
| 635|0x0000000752200000, 0x00000007523ffff8, 0x0000000752400000| 99%| O|  |TAMS 0x0000000752200000| PB 0x0000000752200000| Untracked 
| 636|0x0000000752400000, 0x0000000752600000, 0x0000000752600000|100%| O|  |TAMS 0x0000000752400000| PB 0x0000000752400000| Untracked 
| 637|0x0000000752600000, 0x00000007527ffff0, 0x0000000752800000| 99%| O|  |TAMS 0x0000000752600000| PB 0x0000000752600000| Untracked 
| 638|0x0000000752800000, 0x00000007529fffe8, 0x0000000752a00000| 99%| O|  |TAMS 0x0000000752800000| PB 0x0000000752800000| Untracked 
| 639|0x0000000752a00000, 0x0000000752bfffe8, 0x0000000752c00000| 99%| O|  |TAMS 0x0000000752a00000| PB 0x0000000752a00000| Untracked 
| 640|0x0000000752c00000, 0x0000000752e00000, 0x0000000752e00000|100%| O|  |TAMS 0x0000000752c00000| PB 0x0000000752c00000| Untracked 
| 641|0x0000000752e00000, 0x0000000753000000, 0x0000000753000000|100%| O|  |TAMS 0x0000000752e00000| PB 0x0000000752e00000| Untracked 
| 642|0x0000000753000000, 0x0000000753200000, 0x0000000753200000|100%| O|  |TAMS 0x0000000753000000| PB 0x0000000753000000| Untracked 
| 643|0x0000000753200000, 0x00000007533ffff8, 0x0000000753400000| 99%| O|  |TAMS 0x0000000753200000| PB 0x0000000753200000| Untracked 
| 644|0x0000000753400000, 0x0000000753600000, 0x0000000753600000|100%| O|  |TAMS 0x0000000753400000| PB 0x0000000753400000| Untracked 
| 645|0x0000000753600000, 0x00000007537ffff0, 0x0000000753800000| 99%| O|  |TAMS 0x0000000753600000| PB 0x0000000753600000| Untracked 
| 646|0x0000000753800000, 0x00000007539ffff0, 0x0000000753a00000| 99%| O|  |TAMS 0x0000000753800000| PB 0x0000000753800000| Untracked 
| 647|0x0000000753a00000, 0x0000000753c00000, 0x0000000753c00000|100%| O|  |TAMS 0x0000000753a00000| PB 0x0000000753a00000| Untracked 
| 648|0x0000000753c00000, 0x0000000753dffff0, 0x0000000753e00000| 99%| O|  |TAMS 0x0000000753c00000| PB 0x0000000753c00000| Untracked 
| 649|0x0000000753e00000, 0x0000000754000000, 0x0000000754000000|100%| O|  |TAMS 0x0000000753e00000| PB 0x0000000753e00000| Untracked 
| 650|0x0000000754000000, 0x0000000754200000, 0x0000000754200000|100%| O|  |TAMS 0x0000000754000000| PB 0x0000000754000000| Untracked 
| 651|0x0000000754200000, 0x00000007543fffe8, 0x0000000754400000| 99%| O|  |TAMS 0x0000000754200000| PB 0x0000000754200000| Untracked 
| 652|0x0000000754400000, 0x00000007545ffff8, 0x0000000754600000| 99%| O|  |TAMS 0x0000000754400000| PB 0x0000000754400000| Untracked 
| 653|0x0000000754600000, 0x00000007547fffe0, 0x0000000754800000| 99%| O|  |TAMS 0x0000000754600000| PB 0x0000000754600000| Untracked 
| 654|0x0000000754800000, 0x0000000754a00000, 0x0000000754a00000|100%| O|  |TAMS 0x0000000754800000| PB 0x0000000754800000| Untracked 
| 655|0x0000000754a00000, 0x0000000754bfffe0, 0x0000000754c00000| 99%| O|  |TAMS 0x0000000754a00000| PB 0x0000000754a00000| Untracked 
| 656|0x0000000754c00000, 0x0000000754dfffe0, 0x0000000754e00000| 99%| O|  |TAMS 0x0000000754c00000| PB 0x0000000754c00000| Untracked 
| 657|0x0000000754e00000, 0x0000000754ffffe0, 0x0000000755000000| 99%| O|  |TAMS 0x0000000754e00000| PB 0x0000000754e00000| Untracked 
| 658|0x0000000755000000, 0x00000007551fffe0, 0x0000000755200000| 99%| O|  |TAMS 0x0000000755000000| PB 0x0000000755000000| Untracked 
| 659|0x0000000755200000, 0x00000007553ffff0, 0x0000000755400000| 99%| O|  |TAMS 0x0000000755200000| PB 0x0000000755200000| Untracked 
| 660|0x0000000755400000, 0x00000007555fffe8, 0x0000000755600000| 99%| O|  |TAMS 0x0000000755400000| PB 0x0000000755400000| Untracked 
| 661|0x0000000755600000, 0x00000007557fffe0, 0x0000000755800000| 99%| O|  |TAMS 0x0000000755600000| PB 0x0000000755600000| Untracked 
| 662|0x0000000755800000, 0x0000000755a00000, 0x0000000755a00000|100%| O|  |TAMS 0x0000000755800000| PB 0x0000000755800000| Untracked 
| 663|0x0000000755a00000, 0x0000000755bffff0, 0x0000000755c00000| 99%| O|  |TAMS 0x0000000755a00000| PB 0x0000000755a00000| Untracked 
| 664|0x0000000755c00000, 0x0000000755dffff0, 0x0000000755e00000| 99%| O|  |TAMS 0x0000000755c00000| PB 0x0000000755c00000| Untracked 
| 665|0x0000000755e00000, 0x0000000755fffff8, 0x0000000756000000| 99%| O|  |TAMS 0x0000000755e00000| PB 0x0000000755e00000| Untracked 
| 666|0x0000000756000000, 0x00000007561ffff0, 0x0000000756200000| 99%| O|  |TAMS 0x0000000756000000| PB 0x0000000756000000| Untracked 
| 667|0x0000000756200000, 0x00000007563ffff0, 0x0000000756400000| 99%| O|  |TAMS 0x0000000756200000| PB 0x0000000756200000| Untracked 
| 668|0x0000000756400000, 0x00000007565ffff0, 0x0000000756600000| 99%| O|  |TAMS 0x0000000756400000| PB 0x0000000756400000| Untracked 
| 669|0x0000000756600000, 0x00000007567fffe0, 0x0000000756800000| 99%| O|  |TAMS 0x0000000756600000| PB 0x0000000756600000| Untracked 
| 670|0x0000000756800000, 0x00000007569fffe8, 0x0000000756a00000| 99%| O|  |TAMS 0x0000000756800000| PB 0x0000000756800000| Untracked 
| 671|0x0000000756a00000, 0x0000000756c00000, 0x0000000756c00000|100%| O|  |TAMS 0x0000000756a00000| PB 0x0000000756a00000| Untracked 
| 672|0x0000000756c00000, 0x0000000756e00000, 0x0000000756e00000|100%| O|  |TAMS 0x0000000756c00000| PB 0x0000000756c00000| Untracked 
| 673|0x0000000756e00000, 0x0000000756fffff0, 0x0000000757000000| 99%| O|  |TAMS 0x0000000756e00000| PB 0x0000000756e00000| Untracked 
| 674|0x0000000757000000, 0x00000007571fffd8, 0x0000000757200000| 99%| O|  |TAMS 0x0000000757000000| PB 0x0000000757000000| Untracked 
| 675|0x0000000757200000, 0x00000007573ffff8, 0x0000000757400000| 99%| O|  |TAMS 0x0000000757200000| PB 0x0000000757200000| Untracked 
| 676|0x0000000757400000, 0x00000007575fffe0, 0x0000000757600000| 99%| O|  |TAMS 0x0000000757400000| PB 0x0000000757400000| Untracked 
| 677|0x0000000757600000, 0x00000007577ffff0, 0x0000000757800000| 99%| O|  |TAMS 0x0000000757600000| PB 0x0000000757600000| Untracked 
| 678|0x0000000757800000, 0x0000000757a00000, 0x0000000757a00000|100%| O|  |TAMS 0x0000000757800000| PB 0x0000000757800000| Untracked 
| 679|0x0000000757a00000, 0x0000000757bffff8, 0x0000000757c00000| 99%| O|  |TAMS 0x0000000757a00000| PB 0x0000000757a00000| Untracked 
| 680|0x0000000757c00000, 0x0000000757dffff0, 0x0000000757e00000| 99%| O|  |TAMS 0x0000000757c00000| PB 0x0000000757c00000| Untracked 
| 681|0x0000000757e00000, 0x0000000758000000, 0x0000000758000000|100%| O|  |TAMS 0x0000000757e00000| PB 0x0000000757e00000| Untracked 
| 682|0x0000000758000000, 0x00000007581ffff8, 0x0000000758200000| 99%| O|  |TAMS 0x0000000758000000| PB 0x0000000758000000| Untracked 
| 683|0x0000000758200000, 0x00000007583fffe0, 0x0000000758400000| 99%| O|  |TAMS 0x0000000758200000| PB 0x0000000758200000| Untracked 
| 684|0x0000000758400000, 0x00000007585fffe8, 0x0000000758600000| 99%| O|  |TAMS 0x0000000758400000| PB 0x0000000758400000| Untracked 
| 685|0x0000000758600000, 0x00000007587ffff8, 0x0000000758800000| 99%| O|  |TAMS 0x0000000758600000| PB 0x0000000758600000| Untracked 
| 686|0x0000000758800000, 0x0000000758a00000, 0x0000000758a00000|100%| O|  |TAMS 0x0000000758800000| PB 0x0000000758800000| Untracked 
| 687|0x0000000758a00000, 0x0000000758bfffe8, 0x0000000758c00000| 99%| O|  |TAMS 0x0000000758a00000| PB 0x0000000758a00000| Untracked 
| 688|0x0000000758c00000, 0x0000000758dffff0, 0x0000000758e00000| 99%| O|  |TAMS 0x0000000758c00000| PB 0x0000000758c00000| Untracked 
| 689|0x0000000758e00000, 0x0000000759000000, 0x0000000759000000|100%| O|  |TAMS 0x0000000758e00000| PB 0x0000000758e00000| Untracked 
| 690|0x0000000759000000, 0x00000007591fffe8, 0x0000000759200000| 99%| O|  |TAMS 0x0000000759000000| PB 0x0000000759000000| Untracked 
| 691|0x0000000759200000, 0x00000007593fffe8, 0x0000000759400000| 99%| O|  |TAMS 0x0000000759200000| PB 0x0000000759200000| Untracked 
| 692|0x0000000759400000, 0x00000007595fffe8, 0x0000000759600000| 99%| O|  |TAMS 0x0000000759400000| PB 0x0000000759400000| Untracked 
| 693|0x0000000759600000, 0x0000000759800000, 0x0000000759800000|100%| O|  |TAMS 0x0000000759600000| PB 0x0000000759600000| Untracked 
| 694|0x0000000759800000, 0x00000007599fffe8, 0x0000000759a00000| 99%| O|  |TAMS 0x0000000759800000| PB 0x0000000759800000| Untracked 
| 695|0x0000000759a00000, 0x0000000759c00000, 0x0000000759c00000|100%| O|  |TAMS 0x0000000759a00000| PB 0x0000000759a00000| Untracked 
| 696|0x0000000759c00000, 0x0000000759dfffe8, 0x0000000759e00000| 99%| O|  |TAMS 0x0000000759c00000| PB 0x0000000759c00000| Untracked 
| 697|0x0000000759e00000, 0x0000000759fffff0, 0x000000075a000000| 99%| O|  |TAMS 0x0000000759e00000| PB 0x0000000759e00000| Untracked 
| 698|0x000000075a000000, 0x000000075a1ffff8, 0x000000075a200000| 99%| O|  |TAMS 0x000000075a000000| PB 0x000000075a000000| Untracked 
| 699|0x000000075a200000, 0x000000075a3ffff8, 0x000000075a400000| 99%| O|  |TAMS 0x000000075a200000| PB 0x000000075a200000| Untracked 
| 700|0x000000075a400000, 0x000000075a5fffe8, 0x000000075a600000| 99%| O|  |TAMS 0x000000075a400000| PB 0x000000075a400000| Untracked 
| 701|0x000000075a600000, 0x000000075a7fffe8, 0x000000075a800000| 99%| O|  |TAMS 0x000000075a600000| PB 0x000000075a600000| Untracked 
| 702|0x000000075a800000, 0x000000075a9ffff0, 0x000000075aa00000| 99%| O|  |TAMS 0x000000075a800000| PB 0x000000075a800000| Untracked 
| 703|0x000000075aa00000, 0x000000075abfffe0, 0x000000075ac00000| 99%| O|  |TAMS 0x000000075aa00000| PB 0x000000075aa00000| Untracked 
| 704|0x000000075ac00000, 0x000000075adffff0, 0x000000075ae00000| 99%| O|  |TAMS 0x000000075ac00000| PB 0x000000075ac00000| Untracked 
| 705|0x000000075ae00000, 0x000000075affffe8, 0x000000075b000000| 99%| O|  |TAMS 0x000000075ae00000| PB 0x000000075ae00000| Untracked 
| 706|0x000000075b000000, 0x000000075b1ffff0, 0x000000075b200000| 99%| O|  |TAMS 0x000000075b000000| PB 0x000000075b000000| Untracked 
| 707|0x000000075b200000, 0x000000075b400000, 0x000000075b400000|100%| O|  |TAMS 0x000000075b200000| PB 0x000000075b200000| Untracked 
| 708|0x000000075b400000, 0x000000075b5ffff0, 0x000000075b600000| 99%| O|  |TAMS 0x000000075b400000| PB 0x000000075b400000| Untracked 
| 709|0x000000075b600000, 0x000000075b7fffe8, 0x000000075b800000| 99%| O|  |TAMS 0x000000075b600000| PB 0x000000075b600000| Untracked 
| 710|0x000000075b800000, 0x000000075b9fffd8, 0x000000075ba00000| 99%| O|  |TAMS 0x000000075b800000| PB 0x000000075b800000| Untracked 
| 711|0x000000075ba00000, 0x000000075bbffff0, 0x000000075bc00000| 99%| O|  |TAMS 0x000000075ba00000| PB 0x000000075ba00000| Untracked 
| 712|0x000000075bc00000, 0x000000075bdffff8, 0x000000075be00000| 99%| O|  |TAMS 0x000000075bc00000| PB 0x000000075bc00000| Untracked 
| 713|0x000000075be00000, 0x000000075bfffff8, 0x000000075c000000| 99%| O|  |TAMS 0x000000075be00000| PB 0x000000075be00000| Untracked 
| 714|0x000000075c000000, 0x000000075c1ffff8, 0x000000075c200000| 99%| O|  |TAMS 0x000000075c000000| PB 0x000000075c000000| Untracked 
| 715|0x000000075c200000, 0x000000075c3fffe8, 0x000000075c400000| 99%| O|  |TAMS 0x000000075c200000| PB 0x000000075c200000| Untracked 
| 716|0x000000075c400000, 0x000000075c5ffff8, 0x000000075c600000| 99%| O|  |TAMS 0x000000075c400000| PB 0x000000075c400000| Untracked 
| 717|0x000000075c600000, 0x000000075c7fffd0, 0x000000075c800000| 99%| O|  |TAMS 0x000000075c600000| PB 0x000000075c600000| Untracked 
| 718|0x000000075c800000, 0x000000075c9ffff0, 0x000000075ca00000| 99%| O|  |TAMS 0x000000075c800000| PB 0x000000075c800000| Untracked 
| 719|0x000000075ca00000, 0x000000075cbfffe0, 0x000000075cc00000| 99%| O|  |TAMS 0x000000075ca00000| PB 0x000000075ca00000| Untracked 
| 720|0x000000075cc00000, 0x000000075cdfffd0, 0x000000075ce00000| 99%| O|  |TAMS 0x000000075cc00000| PB 0x000000075cc00000| Untracked 
| 721|0x000000075ce00000, 0x000000075cffffd0, 0x000000075d000000| 99%| O|  |TAMS 0x000000075ce00000| PB 0x000000075ce00000| Untracked 
| 722|0x000000075d000000, 0x000000075d1ffff0, 0x000000075d200000| 99%| O|  |TAMS 0x000000075d000000| PB 0x000000075d000000| Untracked 
| 723|0x000000075d200000, 0x000000075d3fffd8, 0x000000075d400000| 99%| O|  |TAMS 0x000000075d200000| PB 0x000000075d200000| Untracked 
| 724|0x000000075d400000, 0x000000075d5fffe0, 0x000000075d600000| 99%| O|  |TAMS 0x000000075d400000| PB 0x000000075d400000| Untracked 
| 725|0x000000075d600000, 0x000000075d7ffff8, 0x000000075d800000| 99%| O|  |TAMS 0x000000075d600000| PB 0x000000075d600000| Untracked 
| 726|0x000000075d800000, 0x000000075d9fffe0, 0x000000075da00000| 99%| O|  |TAMS 0x000000075d800000| PB 0x000000075d800000| Untracked 
| 727|0x000000075da00000, 0x000000075dc00000, 0x000000075dc00000|100%| O|  |TAMS 0x000000075da00000| PB 0x000000075da00000| Untracked 
| 728|0x000000075dc00000, 0x000000075ddfffd8, 0x000000075de00000| 99%| O|  |TAMS 0x000000075dc00000| PB 0x000000075dc00000| Untracked 
| 729|0x000000075de00000, 0x000000075e000000, 0x000000075e000000|100%| O|  |TAMS 0x000000075de00000| PB 0x000000075de00000| Untracked 
| 730|0x000000075e000000, 0x000000075e1fffe8, 0x000000075e200000| 99%| O|  |TAMS 0x000000075e000000| PB 0x000000075e000000| Untracked 
| 731|0x000000075e200000, 0x000000075e3ffff8, 0x000000075e400000| 99%| O|  |TAMS 0x000000075e200000| PB 0x000000075e200000| Untracked 
| 732|0x000000075e400000, 0x000000075e5fffe0, 0x000000075e600000| 99%| O|  |TAMS 0x000000075e400000| PB 0x000000075e400000| Untracked 
| 733|0x000000075e600000, 0x000000075e7ffff0, 0x000000075e800000| 99%| O|  |TAMS 0x000000075e600000| PB 0x000000075e600000| Untracked 
| 734|0x000000075e800000, 0x000000075e9ffff0, 0x000000075ea00000| 99%| O|  |TAMS 0x000000075e800000| PB 0x000000075e800000| Untracked 
| 735|0x000000075ea00000, 0x000000075ebffff8, 0x000000075ec00000| 99%| O|  |TAMS 0x000000075ea00000| PB 0x000000075ea00000| Untracked 
| 736|0x000000075ec00000, 0x000000075ee00000, 0x000000075ee00000|100%| O|  |TAMS 0x000000075ec00000| PB 0x000000075ec00000| Untracked 
| 737|0x000000075ee00000, 0x000000075effffe8, 0x000000075f000000| 99%| O|  |TAMS 0x000000075ee00000| PB 0x000000075ee00000| Untracked 
| 738|0x000000075f000000, 0x000000075f1ffff8, 0x000000075f200000| 99%| O|  |TAMS 0x000000075f000000| PB 0x000000075f000000| Untracked 
| 739|0x000000075f200000, 0x000000075f3ffff0, 0x000000075f400000| 99%| O|  |TAMS 0x000000075f200000| PB 0x000000075f200000| Untracked 
| 740|0x000000075f400000, 0x000000075f5ffff8, 0x000000075f600000| 99%| O|  |TAMS 0x000000075f400000| PB 0x000000075f400000| Untracked 
| 741|0x000000075f600000, 0x000000075f7ffff0, 0x000000075f800000| 99%| O|  |TAMS 0x000000075f600000| PB 0x000000075f600000| Untracked 
| 742|0x000000075f800000, 0x000000075f9fffe0, 0x000000075fa00000| 99%| O|  |TAMS 0x000000075f800000| PB 0x000000075f800000| Untracked 
| 743|0x000000075fa00000, 0x000000075fc00000, 0x000000075fc00000|100%| O|  |TAMS 0x000000075fa00000| PB 0x000000075fa00000| Untracked 
| 744|0x000000075fc00000, 0x000000075fdfffe0, 0x000000075fe00000| 99%| O|  |TAMS 0x000000075fc00000| PB 0x000000075fc00000| Untracked 
| 745|0x000000075fe00000, 0x0000000760000000, 0x0000000760000000|100%| O|  |TAMS 0x000000075fe00000| PB 0x000000075fe00000| Untracked 
| 746|0x0000000760000000, 0x00000007601fffe8, 0x0000000760200000| 99%| O|  |TAMS 0x0000000760000000| PB 0x0000000760000000| Untracked 
| 747|0x0000000760200000, 0x00000007603fffd0, 0x0000000760400000| 99%| O|  |TAMS 0x0000000760200000| PB 0x0000000760200000| Untracked 
| 748|0x0000000760400000, 0x00000007605ffff0, 0x0000000760600000| 99%| O|  |TAMS 0x0000000760400000| PB 0x0000000760400000| Untracked 
| 749|0x0000000760600000, 0x00000007607ffff0, 0x0000000760800000| 99%| O|  |TAMS 0x0000000760600000| PB 0x0000000760600000| Untracked 
| 750|0x0000000760800000, 0x00000007609ffff0, 0x0000000760a00000| 99%| O|  |TAMS 0x0000000760800000| PB 0x0000000760800000| Untracked 
| 751|0x0000000760a00000, 0x0000000760bffff0, 0x0000000760c00000| 99%| O|  |TAMS 0x0000000760a00000| PB 0x0000000760a00000| Untracked 
| 752|0x0000000760c00000, 0x0000000760dffff0, 0x0000000760e00000| 99%| O|  |TAMS 0x0000000760c00000| PB 0x0000000760c00000| Untracked 
| 753|0x0000000760e00000, 0x0000000760fffff8, 0x0000000761000000| 99%| O|  |TAMS 0x0000000760e00000| PB 0x0000000760e00000| Untracked 
| 754|0x0000000761000000, 0x0000000761200000, 0x0000000761200000|100%| O|  |TAMS 0x0000000761000000| PB 0x0000000761000000| Untracked 
| 755|0x0000000761200000, 0x00000007613fffe8, 0x0000000761400000| 99%| O|  |TAMS 0x0000000761200000| PB 0x0000000761200000| Untracked 
| 756|0x0000000761400000, 0x00000007615ffff0, 0x0000000761600000| 99%| O|  |TAMS 0x0000000761400000| PB 0x0000000761400000| Untracked 
| 757|0x0000000761600000, 0x00000007617fffd8, 0x0000000761800000| 99%| O|  |TAMS 0x0000000761600000| PB 0x0000000761600000| Untracked 
| 758|0x0000000761800000, 0x0000000761a00000, 0x0000000761a00000|100%| O|  |TAMS 0x0000000761800000| PB 0x0000000761800000| Untracked 
| 759|0x0000000761a00000, 0x0000000761c00000, 0x0000000761c00000|100%| O|  |TAMS 0x0000000761a00000| PB 0x0000000761a00000| Untracked 
| 760|0x0000000761c00000, 0x0000000761dfffe8, 0x0000000761e00000| 99%| O|  |TAMS 0x0000000761c00000| PB 0x0000000761c00000| Untracked 
| 761|0x0000000761e00000, 0x0000000761ffffd8, 0x0000000762000000| 99%| O|  |TAMS 0x0000000761e00000| PB 0x0000000761e00000| Untracked 
| 762|0x0000000762000000, 0x0000000762200000, 0x0000000762200000|100%| O|  |TAMS 0x0000000762000000| PB 0x0000000762000000| Untracked 
| 763|0x0000000762200000, 0x0000000762400000, 0x0000000762400000|100%| O|  |TAMS 0x0000000762200000| PB 0x0000000762200000| Untracked 
| 764|0x0000000762400000, 0x00000007625fffe8, 0x0000000762600000| 99%| O|  |TAMS 0x0000000762400000| PB 0x0000000762400000| Untracked 
| 765|0x0000000762600000, 0x00000007627ffff8, 0x0000000762800000| 99%| O|  |TAMS 0x0000000762600000| PB 0x0000000762600000| Untracked 
| 766|0x0000000762800000, 0x00000007629fffe0, 0x0000000762a00000| 99%| O|  |TAMS 0x0000000762800000| PB 0x0000000762800000| Untracked 
| 767|0x0000000762a00000, 0x0000000762bffff0, 0x0000000762c00000| 99%| O|  |TAMS 0x0000000762a00000| PB 0x0000000762a00000| Untracked 
| 768|0x0000000762c00000, 0x0000000762e00000, 0x0000000762e00000|100%| O|  |TAMS 0x0000000762c00000| PB 0x0000000762c00000| Untracked 
| 769|0x0000000762e00000, 0x0000000762fffff0, 0x0000000763000000| 99%| O|  |TAMS 0x0000000762e00000| PB 0x0000000762e00000| Untracked 
| 770|0x0000000763000000, 0x00000007631fffe8, 0x0000000763200000| 99%| O|  |TAMS 0x0000000763000000| PB 0x0000000763000000| Untracked 
| 771|0x0000000763200000, 0x00000007633ffff8, 0x0000000763400000| 99%| O|  |TAMS 0x0000000763200000| PB 0x0000000763200000| Untracked 
| 772|0x0000000763400000, 0x00000007635fffd8, 0x0000000763600000| 99%| O|  |TAMS 0x0000000763400000| PB 0x0000000763400000| Untracked 
| 773|0x0000000763600000, 0x00000007637ffff0, 0x0000000763800000| 99%| O|  |TAMS 0x0000000763600000| PB 0x0000000763600000| Untracked 
| 774|0x0000000763800000, 0x00000007639ffff0, 0x0000000763a00000| 99%| O|  |TAMS 0x0000000763800000| PB 0x0000000763800000| Untracked 
| 775|0x0000000763a00000, 0x0000000763bffff8, 0x0000000763c00000| 99%| O|  |TAMS 0x0000000763a00000| PB 0x0000000763a00000| Untracked 
| 776|0x0000000763c00000, 0x0000000763dfffe8, 0x0000000763e00000| 99%| O|  |TAMS 0x0000000763c00000| PB 0x0000000763c00000| Untracked 
| 777|0x0000000763e00000, 0x0000000763fffff0, 0x0000000764000000| 99%| O|  |TAMS 0x0000000763e00000| PB 0x0000000763e00000| Untracked 
| 778|0x0000000764000000, 0x00000007641ffff0, 0x0000000764200000| 99%| O|  |TAMS 0x0000000764000000| PB 0x0000000764000000| Untracked 
| 779|0x0000000764200000, 0x00000007643fffd0, 0x0000000764400000| 99%| O|  |TAMS 0x0000000764200000| PB 0x0000000764200000| Untracked 
| 780|0x0000000764400000, 0x0000000764600000, 0x0000000764600000|100%| O|  |TAMS 0x0000000764400000| PB 0x0000000764400000| Untracked 
| 781|0x0000000764600000, 0x00000007647fffe0, 0x0000000764800000| 99%| O|  |TAMS 0x0000000764600000| PB 0x0000000764600000| Untracked 
| 782|0x0000000764800000, 0x00000007649ffff0, 0x0000000764a00000| 99%| O|  |TAMS 0x0000000764800000| PB 0x0000000764800000| Untracked 
| 783|0x0000000764a00000, 0x0000000764bffff8, 0x0000000764c00000| 99%| O|  |TAMS 0x0000000764a00000| PB 0x0000000764a00000| Untracked 
| 784|0x0000000764c00000, 0x0000000764dffff0, 0x0000000764e00000| 99%| O|  |TAMS 0x0000000764c00000| PB 0x0000000764c00000| Untracked 
| 785|0x0000000764e00000, 0x0000000764fffff8, 0x0000000765000000| 99%| O|  |TAMS 0x0000000764e00000| PB 0x0000000764e00000| Untracked 
| 786|0x0000000765000000, 0x00000007651ffff8, 0x0000000765200000| 99%| O|  |TAMS 0x0000000765000000| PB 0x0000000765000000| Untracked 
| 787|0x0000000765200000, 0x00000007653ffff8, 0x0000000765400000| 99%| O|  |TAMS 0x0000000765200000| PB 0x0000000765200000| Untracked 
| 788|0x0000000765400000, 0x0000000765600000, 0x0000000765600000|100%| O|  |TAMS 0x0000000765400000| PB 0x0000000765400000| Untracked 
| 789|0x0000000765600000, 0x00000007657fffd0, 0x0000000765800000| 99%| O|  |TAMS 0x0000000765600000| PB 0x0000000765600000| Untracked 
| 790|0x0000000765800000, 0x0000000765a00000, 0x0000000765a00000|100%| O|  |TAMS 0x0000000765800000| PB 0x0000000765800000| Untracked 
| 791|0x0000000765a00000, 0x0000000765c00000, 0x0000000765c00000|100%| O|  |TAMS 0x0000000765a00000| PB 0x0000000765a00000| Untracked 
| 792|0x0000000765c00000, 0x0000000765dffff8, 0x0000000765e00000| 99%| O|  |TAMS 0x0000000765c00000| PB 0x0000000765c00000| Untracked 
| 793|0x0000000765e00000, 0x0000000765ffffe8, 0x0000000766000000| 99%| O|  |TAMS 0x0000000765e00000| PB 0x0000000765e00000| Untracked 
| 794|0x0000000766000000, 0x0000000766200000, 0x0000000766200000|100%| O|  |TAMS 0x0000000766000000| PB 0x0000000766000000| Untracked 
| 795|0x0000000766200000, 0x00000007663ffff8, 0x0000000766400000| 99%| O|  |TAMS 0x0000000766200000| PB 0x0000000766200000| Untracked 
| 796|0x0000000766400000, 0x00000007665fffe0, 0x0000000766600000| 99%| O|  |TAMS 0x0000000766400000| PB 0x0000000766400000| Untracked 
| 797|0x0000000766600000, 0x00000007667ffff8, 0x0000000766800000| 99%| O|  |TAMS 0x0000000766600000| PB 0x0000000766600000| Untracked 
| 798|0x0000000766800000, 0x00000007669fffe0, 0x0000000766a00000| 99%| O|  |TAMS 0x0000000766800000| PB 0x0000000766800000| Untracked 
| 799|0x0000000766a00000, 0x0000000766bfffe8, 0x0000000766c00000| 99%| O|  |TAMS 0x0000000766a00000| PB 0x0000000766a00000| Untracked 
| 800|0x0000000766c00000, 0x0000000766dffff0, 0x0000000766e00000| 99%| O|  |TAMS 0x0000000766c00000| PB 0x0000000766c00000| Untracked 
| 801|0x0000000766e00000, 0x0000000766fffff0, 0x0000000767000000| 99%| O|  |TAMS 0x0000000766e00000| PB 0x0000000766e00000| Untracked 
| 802|0x0000000767000000, 0x0000000767200000, 0x0000000767200000|100%| O|  |TAMS 0x0000000767000000| PB 0x0000000767000000| Untracked 
| 803|0x0000000767200000, 0x00000007673ffff0, 0x0000000767400000| 99%| O|  |TAMS 0x0000000767200000| PB 0x0000000767200000| Untracked 
| 804|0x0000000767400000, 0x00000007675fffe0, 0x0000000767600000| 99%| O|  |TAMS 0x0000000767400000| PB 0x0000000767400000| Untracked 
| 805|0x0000000767600000, 0x00000007677ffff8, 0x0000000767800000| 99%| O|  |TAMS 0x0000000767600000| PB 0x0000000767600000| Untracked 
| 806|0x0000000767800000, 0x00000007679ffff8, 0x0000000767a00000| 99%| O|  |TAMS 0x0000000767800000| PB 0x0000000767800000| Untracked 
| 807|0x0000000767a00000, 0x0000000767c00000, 0x0000000767c00000|100%| O|  |TAMS 0x0000000767a00000| PB 0x0000000767a00000| Untracked 
| 808|0x0000000767c00000, 0x0000000767e00000, 0x0000000767e00000|100%| O|  |TAMS 0x0000000767c00000| PB 0x0000000767c00000| Untracked 
| 809|0x0000000767e00000, 0x0000000767ffffe8, 0x0000000768000000| 99%| O|  |TAMS 0x0000000767e00000| PB 0x0000000767e00000| Untracked 
| 810|0x0000000768000000, 0x0000000768200000, 0x0000000768200000|100%| O|  |TAMS 0x0000000768000000| PB 0x0000000768000000| Untracked 
| 811|0x0000000768200000, 0x0000000768400000, 0x0000000768400000|100%| O|  |TAMS 0x0000000768200000| PB 0x0000000768200000| Untracked 
| 812|0x0000000768400000, 0x00000007685ffff0, 0x0000000768600000| 99%| O|  |TAMS 0x0000000768400000| PB 0x0000000768400000| Untracked 
| 813|0x0000000768600000, 0x0000000768800000, 0x0000000768800000|100%| O|  |TAMS 0x0000000768600000| PB 0x0000000768600000| Untracked 
| 814|0x0000000768800000, 0x00000007689ffff0, 0x0000000768a00000| 99%| O|  |TAMS 0x0000000768800000| PB 0x0000000768800000| Untracked 
| 815|0x0000000768a00000, 0x0000000768bffff8, 0x0000000768c00000| 99%| O|  |TAMS 0x0000000768a00000| PB 0x0000000768a00000| Untracked 
| 816|0x0000000768c00000, 0x0000000768dfffe8, 0x0000000768e00000| 99%| O|  |TAMS 0x0000000768c00000| PB 0x0000000768c00000| Untracked 
| 817|0x0000000768e00000, 0x0000000768fffff8, 0x0000000769000000| 99%| O|  |TAMS 0x0000000768e00000| PB 0x0000000768e00000| Untracked 
| 818|0x0000000769000000, 0x00000007691fffe8, 0x0000000769200000| 99%| O|  |TAMS 0x0000000769000000| PB 0x0000000769000000| Untracked 
| 819|0x0000000769200000, 0x00000007693ffff8, 0x0000000769400000| 99%| O|  |TAMS 0x0000000769200000| PB 0x0000000769200000| Untracked 
| 820|0x0000000769400000, 0x00000007695fffe0, 0x0000000769600000| 99%| O|  |TAMS 0x0000000769400000| PB 0x0000000769400000| Untracked 
| 821|0x0000000769600000, 0x00000007697fffe8, 0x0000000769800000| 99%| O|  |TAMS 0x0000000769600000| PB 0x0000000769600000| Untracked 
| 822|0x0000000769800000, 0x00000007699fffe8, 0x0000000769a00000| 99%| O|  |TAMS 0x0000000769800000| PB 0x0000000769800000| Untracked 
| 823|0x0000000769a00000, 0x0000000769c00000, 0x0000000769c00000|100%| O|  |TAMS 0x0000000769a00000| PB 0x0000000769a00000| Untracked 
| 824|0x0000000769c00000, 0x0000000769e00000, 0x0000000769e00000|100%| O|  |TAMS 0x0000000769c00000| PB 0x0000000769c00000| Untracked 
| 825|0x0000000769e00000, 0x0000000769fffff0, 0x000000076a000000| 99%| O|  |TAMS 0x0000000769e00000| PB 0x0000000769e00000| Untracked 
| 826|0x000000076a000000, 0x000000076a1fffd8, 0x000000076a200000| 99%| O|  |TAMS 0x000000076a000000| PB 0x000000076a000000| Untracked 
| 827|0x000000076a200000, 0x000000076a3fffe0, 0x000000076a400000| 99%| O|  |TAMS 0x000000076a200000| PB 0x000000076a200000| Untracked 
| 828|0x000000076a400000, 0x000000076a600000, 0x000000076a600000|100%| O|  |TAMS 0x000000076a400000| PB 0x000000076a400000| Untracked 
| 829|0x000000076a600000, 0x000000076a800000, 0x000000076a800000|100%| O|  |TAMS 0x000000076a600000| PB 0x000000076a600000| Untracked 
| 830|0x000000076a800000, 0x000000076a9fffe0, 0x000000076aa00000| 99%| O|  |TAMS 0x000000076a800000| PB 0x000000076a800000| Untracked 
| 831|0x000000076aa00000, 0x000000076abfffe0, 0x000000076ac00000| 99%| O|  |TAMS 0x000000076aa00000| PB 0x000000076aa00000| Untracked 
| 832|0x000000076ac00000, 0x000000076adfffe8, 0x000000076ae00000| 99%| O|  |TAMS 0x000000076ac00000| PB 0x000000076ac00000| Untracked 
| 833|0x000000076ae00000, 0x000000076afffff0, 0x000000076b000000| 99%| O|  |TAMS 0x000000076ae00000| PB 0x000000076ae00000| Untracked 
| 834|0x000000076b000000, 0x000000076b1ffff8, 0x000000076b200000| 99%| O|  |TAMS 0x000000076b000000| PB 0x000000076b000000| Untracked 
| 835|0x000000076b200000, 0x000000076b3fffd0, 0x000000076b400000| 99%| O|  |TAMS 0x000000076b200000| PB 0x000000076b200000| Untracked 
| 836|0x000000076b400000, 0x000000076b5ffff0, 0x000000076b600000| 99%| O|  |TAMS 0x000000076b400000| PB 0x000000076b400000| Untracked 
| 837|0x000000076b600000, 0x000000076b7ffff0, 0x000000076b800000| 99%| O|  |TAMS 0x000000076b600000| PB 0x000000076b600000| Untracked 
| 838|0x000000076b800000, 0x000000076b9fffd8, 0x000000076ba00000| 99%| O|  |TAMS 0x000000076b800000| PB 0x000000076b800000| Untracked 
| 839|0x000000076ba00000, 0x000000076bbfffe8, 0x000000076bc00000| 99%| O|  |TAMS 0x000000076ba00000| PB 0x000000076ba00000| Untracked 
| 840|0x000000076bc00000, 0x000000076be00000, 0x000000076be00000|100%| O|  |TAMS 0x000000076bc00000| PB 0x000000076bc00000| Untracked 
| 841|0x000000076be00000, 0x000000076bffffe8, 0x000000076c000000| 99%| O|  |TAMS 0x000000076be00000| PB 0x000000076be00000| Untracked 
| 842|0x000000076c000000, 0x000000076c200000, 0x000000076c200000|100%| O|  |TAMS 0x000000076c000000| PB 0x000000076c000000| Untracked 
| 843|0x000000076c200000, 0x000000076c3ffff8, 0x000000076c400000| 99%| O|  |TAMS 0x000000076c200000| PB 0x000000076c200000| Untracked 
| 844|0x000000076c400000, 0x000000076c600000, 0x000000076c600000|100%| O|  |TAMS 0x000000076c400000| PB 0x000000076c400000| Untracked 
| 845|0x000000076c600000, 0x000000076c800000, 0x000000076c800000|100%| O|  |TAMS 0x000000076c600000| PB 0x000000076c600000| Untracked 
| 846|0x000000076c800000, 0x000000076c9ffff8, 0x000000076ca00000| 99%| O|  |TAMS 0x000000076c800000| PB 0x000000076c800000| Untracked 
| 847|0x000000076ca00000, 0x000000076cbfffe8, 0x000000076cc00000| 99%| O|  |TAMS 0x000000076ca00000| PB 0x000000076ca00000| Untracked 
| 848|0x000000076cc00000, 0x000000076ce00000, 0x000000076ce00000|100%| O|  |TAMS 0x000000076cc00000| PB 0x000000076cc00000| Untracked 
| 849|0x000000076ce00000, 0x000000076cffffe0, 0x000000076d000000| 99%| O|  |TAMS 0x000000076ce00000| PB 0x000000076ce00000| Untracked 
| 850|0x000000076d000000, 0x000000076d1ffff0, 0x000000076d200000| 99%| O|  |TAMS 0x000000076d000000| PB 0x000000076d000000| Untracked 
| 851|0x000000076d200000, 0x000000076d400000, 0x000000076d400000|100%| O|  |TAMS 0x000000076d200000| PB 0x000000076d200000| Untracked 
| 852|0x000000076d400000, 0x000000076d600000, 0x000000076d600000|100%| O|  |TAMS 0x000000076d400000| PB 0x000000076d400000| Untracked 
| 853|0x000000076d600000, 0x000000076d7fffe8, 0x000000076d800000| 99%| O|  |TAMS 0x000000076d600000| PB 0x000000076d600000| Untracked 
| 854|0x000000076d800000, 0x000000076d9fffd8, 0x000000076da00000| 99%| O|  |TAMS 0x000000076d800000| PB 0x000000076d800000| Untracked 
| 855|0x000000076da00000, 0x000000076dbffff0, 0x000000076dc00000| 99%| O|  |TAMS 0x000000076da00000| PB 0x000000076da00000| Untracked 
| 856|0x000000076dc00000, 0x000000076ddfffe0, 0x000000076de00000| 99%| O|  |TAMS 0x000000076dc00000| PB 0x000000076dc00000| Untracked 
| 857|0x000000076de00000, 0x000000076dffffe8, 0x000000076e000000| 99%| O|  |TAMS 0x000000076de00000| PB 0x000000076de00000| Untracked 
| 858|0x000000076e000000, 0x000000076e1ffff0, 0x000000076e200000| 99%| O|  |TAMS 0x000000076e000000| PB 0x000000076e000000| Untracked 
| 859|0x000000076e200000, 0x000000076e3ffff8, 0x000000076e400000| 99%| O|  |TAMS 0x000000076e200000| PB 0x000000076e200000| Untracked 
| 860|0x000000076e400000, 0x000000076e600000, 0x000000076e600000|100%| O|  |TAMS 0x000000076e400000| PB 0x000000076e400000| Untracked 
| 861|0x000000076e600000, 0x000000076e800000, 0x000000076e800000|100%| O|  |TAMS 0x000000076e600000| PB 0x000000076e600000| Untracked 
| 862|0x000000076e800000, 0x000000076ea00000, 0x000000076ea00000|100%| O|  |TAMS 0x000000076e800000| PB 0x000000076e800000| Untracked 
| 863|0x000000076ea00000, 0x000000076ec00000, 0x000000076ec00000|100%| O|  |TAMS 0x000000076ea00000| PB 0x000000076ea00000| Untracked 
| 864|0x000000076ec00000, 0x000000076edfffd8, 0x000000076ee00000| 99%| O|  |TAMS 0x000000076ec00000| PB 0x000000076ec00000| Untracked 
| 865|0x000000076ee00000, 0x000000076f000000, 0x000000076f000000|100%| O|  |TAMS 0x000000076ee00000| PB 0x000000076ee00000| Untracked 
| 866|0x000000076f000000, 0x000000076f1fffe8, 0x000000076f200000| 99%| O|  |TAMS 0x000000076f000000| PB 0x000000076f000000| Untracked 
| 867|0x000000076f200000, 0x000000076f3ffff0, 0x000000076f400000| 99%| O|  |TAMS 0x000000076f200000| PB 0x000000076f200000| Untracked 
| 868|0x000000076f400000, 0x000000076f5fffd0, 0x000000076f600000| 99%| O|  |TAMS 0x000000076f400000| PB 0x000000076f400000| Untracked 
| 869|0x000000076f600000, 0x000000076f7fffe8, 0x000000076f800000| 99%| O|  |TAMS 0x000000076f600000| PB 0x000000076f600000| Untracked 
| 870|0x000000076f800000, 0x000000076f9ffff8, 0x000000076fa00000| 99%| O|  |TAMS 0x000000076f800000| PB 0x000000076f800000| Untracked 
| 871|0x000000076fa00000, 0x000000076fbffff0, 0x000000076fc00000| 99%| O|  |TAMS 0x000000076fa00000| PB 0x000000076fa00000| Untracked 
| 872|0x000000076fc00000, 0x000000076fdffff8, 0x000000076fe00000| 99%| O|  |TAMS 0x000000076fc00000| PB 0x000000076fc00000| Untracked 
| 873|0x000000076fe00000, 0x000000076ffffff0, 0x0000000770000000| 99%| O|  |TAMS 0x000000076fe00000| PB 0x000000076fe00000| Untracked 
| 874|0x0000000770000000, 0x00000007701ffff8, 0x0000000770200000| 99%| O|  |TAMS 0x0000000770000000| PB 0x0000000770000000| Untracked 
| 875|0x0000000770200000, 0x00000007703ffff8, 0x0000000770400000| 99%| O|  |TAMS 0x0000000770200000| PB 0x0000000770200000| Untracked 
| 876|0x0000000770400000, 0x00000007705ffff8, 0x0000000770600000| 99%| O|  |TAMS 0x0000000770400000| PB 0x0000000770400000| Untracked 
| 877|0x0000000770600000, 0x00000007707ffff8, 0x0000000770800000| 99%| O|  |TAMS 0x0000000770600000| PB 0x0000000770600000| Untracked 
| 878|0x0000000770800000, 0x00000007709ffff8, 0x0000000770a00000| 99%| O|  |TAMS 0x0000000770800000| PB 0x0000000770800000| Untracked 
| 879|0x0000000770a00000, 0x0000000770bffff0, 0x0000000770c00000| 99%| O|  |TAMS 0x0000000770a00000| PB 0x0000000770a00000| Untracked 
| 880|0x0000000770c00000, 0x0000000770e00000, 0x0000000770e00000|100%| O|  |TAMS 0x0000000770c00000| PB 0x0000000770c00000| Untracked 
| 881|0x0000000770e00000, 0x0000000770fffff0, 0x0000000771000000| 99%| O|  |TAMS 0x0000000770e00000| PB 0x0000000770e00000| Untracked 
| 882|0x0000000771000000, 0x00000007711fffd8, 0x0000000771200000| 99%| O|  |TAMS 0x0000000771000000| PB 0x0000000771000000| Untracked 
| 883|0x0000000771200000, 0x00000007713ffff0, 0x0000000771400000| 99%| O|  |TAMS 0x0000000771200000| PB 0x0000000771200000| Untracked 
| 884|0x0000000771400000, 0x00000007715ffff8, 0x0000000771600000| 99%| O|  |TAMS 0x0000000771400000| PB 0x0000000771400000| Untracked 
| 885|0x0000000771600000, 0x00000007717ffff8, 0x0000000771800000| 99%| O|  |TAMS 0x0000000771600000| PB 0x0000000771600000| Untracked 
| 886|0x0000000771800000, 0x00000007719ffff0, 0x0000000771a00000| 99%| O|  |TAMS 0x0000000771800000| PB 0x0000000771800000| Untracked 
| 887|0x0000000771a00000, 0x0000000771bffff0, 0x0000000771c00000| 99%| O|  |TAMS 0x0000000771a00000| PB 0x0000000771a00000| Untracked 
| 888|0x0000000771c00000, 0x0000000771e00000, 0x0000000771e00000|100%| O|  |TAMS 0x0000000771c00000| PB 0x0000000771c00000| Untracked 
| 889|0x0000000771e00000, 0x0000000771fffff8, 0x0000000772000000| 99%| O|  |TAMS 0x0000000771e00000| PB 0x0000000771e00000| Untracked 
| 890|0x0000000772000000, 0x00000007721ffff8, 0x0000000772200000| 99%| O|  |TAMS 0x0000000772000000| PB 0x0000000772000000| Untracked 
| 891|0x0000000772200000, 0x00000007723fffe8, 0x0000000772400000| 99%| O|  |TAMS 0x0000000772200000| PB 0x0000000772200000| Untracked 
| 892|0x0000000772400000, 0x00000007725ffff8, 0x0000000772600000| 99%| O|  |TAMS 0x0000000772400000| PB 0x0000000772400000| Untracked 
| 893|0x0000000772600000, 0x0000000772800000, 0x0000000772800000|100%| O|  |TAMS 0x0000000772600000| PB 0x0000000772600000| Untracked 
| 894|0x0000000772800000, 0x0000000772a00000, 0x0000000772a00000|100%| O|  |TAMS 0x0000000772800000| PB 0x0000000772800000| Untracked 
| 895|0x0000000772a00000, 0x0000000772c00000, 0x0000000772c00000|100%| O|  |TAMS 0x0000000772a00000| PB 0x0000000772a00000| Untracked 
| 896|0x0000000772c00000, 0x0000000772dffff8, 0x0000000772e00000| 99%| O|  |TAMS 0x0000000772c00000| PB 0x0000000772c00000| Untracked 
| 897|0x0000000772e00000, 0x0000000772ffffe8, 0x0000000773000000| 99%| O|  |TAMS 0x0000000772e00000| PB 0x0000000772e00000| Untracked 
| 898|0x0000000773000000, 0x00000007731ffff8, 0x0000000773200000| 99%| O|  |TAMS 0x0000000773000000| PB 0x0000000773000000| Untracked 
| 899|0x0000000773200000, 0x00000007733ffff8, 0x0000000773400000| 99%| O|  |TAMS 0x0000000773200000| PB 0x0000000773200000| Untracked 
| 900|0x0000000773400000, 0x00000007735ffff8, 0x0000000773600000| 99%| O|  |TAMS 0x0000000773400000| PB 0x0000000773400000| Untracked 
| 901|0x0000000773600000, 0x00000007737fffe0, 0x0000000773800000| 99%| O|  |TAMS 0x0000000773600000| PB 0x0000000773600000| Untracked 
| 902|0x0000000773800000, 0x0000000773a00000, 0x0000000773a00000|100%| O|  |TAMS 0x0000000773800000| PB 0x0000000773800000| Untracked 
| 903|0x0000000773a00000, 0x0000000773c00000, 0x0000000773c00000|100%| O|  |TAMS 0x0000000773a00000| PB 0x0000000773a00000| Untracked 
| 904|0x0000000773c00000, 0x0000000773dffff0, 0x0000000773e00000| 99%| O|  |TAMS 0x0000000773c00000| PB 0x0000000773c00000| Untracked 
| 905|0x0000000773e00000, 0x0000000773fffff8, 0x0000000774000000| 99%| O|  |TAMS 0x0000000773e00000| PB 0x0000000773e00000| Untracked 
| 906|0x0000000774000000, 0x00000007741fffd0, 0x0000000774200000| 99%| O|  |TAMS 0x0000000774000000| PB 0x0000000774000000| Untracked 
| 907|0x0000000774200000, 0x0000000774400000, 0x0000000774400000|100%| O|  |TAMS 0x0000000774200000| PB 0x0000000774200000| Untracked 
| 908|0x0000000774400000, 0x00000007745fffe0, 0x0000000774600000| 99%| O|  |TAMS 0x0000000774400000| PB 0x0000000774400000| Untracked 
| 909|0x0000000774600000, 0x00000007747ffff8, 0x0000000774800000| 99%| O|  |TAMS 0x0000000774600000| PB 0x0000000774600000| Untracked 
| 910|0x0000000774800000, 0x00000007749fffe8, 0x0000000774a00000| 99%| O|  |TAMS 0x0000000774800000| PB 0x0000000774800000| Untracked 
| 911|0x0000000774a00000, 0x0000000774bffff0, 0x0000000774c00000| 99%| O|  |TAMS 0x0000000774a00000| PB 0x0000000774a00000| Untracked 
| 912|0x0000000774c00000, 0x0000000774dfffe0, 0x0000000774e00000| 99%| O|  |TAMS 0x0000000774c00000| PB 0x0000000774c00000| Untracked 
| 913|0x0000000774e00000, 0x0000000774ffffe0, 0x0000000775000000| 99%| O|  |TAMS 0x0000000774e00000| PB 0x0000000774e00000| Untracked 
| 914|0x0000000775000000, 0x00000007751ffff0, 0x0000000775200000| 99%| O|  |TAMS 0x0000000775000000| PB 0x0000000775000000| Untracked 
| 915|0x0000000775200000, 0x00000007753ffff8, 0x0000000775400000| 99%| O|  |TAMS 0x0000000775200000| PB 0x0000000775200000| Untracked 
| 916|0x0000000775400000, 0x0000000775600000, 0x0000000775600000|100%| O|  |TAMS 0x0000000775400000| PB 0x0000000775400000| Untracked 
| 917|0x0000000775600000, 0x00000007757ffff0, 0x0000000775800000| 99%| O|  |TAMS 0x0000000775600000| PB 0x0000000775600000| Untracked 
| 918|0x0000000775800000, 0x00000007759ffff8, 0x0000000775a00000| 99%| O|  |TAMS 0x0000000775800000| PB 0x0000000775800000| Untracked 
| 919|0x0000000775a00000, 0x0000000775bfffe0, 0x0000000775c00000| 99%| O|  |TAMS 0x0000000775a00000| PB 0x0000000775a00000| Untracked 
| 920|0x0000000775c00000, 0x0000000775e00000, 0x0000000775e00000|100%| O|  |TAMS 0x0000000775c00000| PB 0x0000000775c00000| Untracked 
| 921|0x0000000775e00000, 0x0000000775fffff0, 0x0000000776000000| 99%| O|  |TAMS 0x0000000775e00000| PB 0x0000000775e00000| Untracked 
| 922|0x0000000776000000, 0x00000007761fffe0, 0x0000000776200000| 99%| O|  |TAMS 0x0000000776000000| PB 0x0000000776000000| Untracked 
| 923|0x0000000776200000, 0x0000000776400000, 0x0000000776400000|100%| O|  |TAMS 0x0000000776200000| PB 0x0000000776200000| Untracked 
| 924|0x0000000776400000, 0x00000007765ffff0, 0x0000000776600000| 99%| O|  |TAMS 0x0000000776400000| PB 0x0000000776400000| Untracked 
| 925|0x0000000776600000, 0x0000000776800000, 0x0000000776800000|100%| O|  |TAMS 0x0000000776600000| PB 0x0000000776600000| Untracked 
| 926|0x0000000776800000, 0x00000007769fffe0, 0x0000000776a00000| 99%| O|  |TAMS 0x0000000776800000| PB 0x0000000776800000| Untracked 
| 927|0x0000000776a00000, 0x0000000776bffff0, 0x0000000776c00000| 99%| O|  |TAMS 0x0000000776a00000| PB 0x0000000776a00000| Untracked 
| 928|0x0000000776c00000, 0x0000000776dfffe0, 0x0000000776e00000| 99%| O|  |TAMS 0x0000000776c00000| PB 0x0000000776c00000| Untracked 
| 929|0x0000000776e00000, 0x0000000776ffffe8, 0x0000000777000000| 99%| O|  |TAMS 0x0000000776e00000| PB 0x0000000776e00000| Untracked 
| 930|0x0000000777000000, 0x00000007771ffff8, 0x0000000777200000| 99%| O|  |TAMS 0x0000000777000000| PB 0x0000000777000000| Untracked 
| 931|0x0000000777200000, 0x00000007773fffd8, 0x0000000777400000| 99%| O|  |TAMS 0x0000000777200000| PB 0x0000000777200000| Untracked 
| 932|0x0000000777400000, 0x00000007775ffff8, 0x0000000777600000| 99%| O|  |TAMS 0x0000000777400000| PB 0x0000000777400000| Untracked 
| 933|0x0000000777600000, 0x0000000777800000, 0x0000000777800000|100%| O|  |TAMS 0x0000000777600000| PB 0x0000000777600000| Untracked 
| 934|0x0000000777800000, 0x00000007779fffe8, 0x0000000777a00000| 99%| O|  |TAMS 0x0000000777800000| PB 0x0000000777800000| Untracked 
| 935|0x0000000777a00000, 0x0000000777c00000, 0x0000000777c00000|100%| O|  |TAMS 0x0000000777a00000| PB 0x0000000777a00000| Untracked 
| 936|0x0000000777c00000, 0x0000000777dffff8, 0x0000000777e00000| 99%| O|  |TAMS 0x0000000777c00000| PB 0x0000000777c00000| Untracked 
| 937|0x0000000777e00000, 0x0000000777fffff8, 0x0000000778000000| 99%| O|  |TAMS 0x0000000777e00000| PB 0x0000000777e00000| Untracked 
| 938|0x0000000778000000, 0x00000007781fffe0, 0x0000000778200000| 99%| O|  |TAMS 0x0000000778000000| PB 0x0000000778000000| Untracked 
| 939|0x0000000778200000, 0x00000007783ffff8, 0x0000000778400000| 99%| O|  |TAMS 0x0000000778200000| PB 0x0000000778200000| Untracked 
| 940|0x0000000778400000, 0x00000007785fffe8, 0x0000000778600000| 99%| O|  |TAMS 0x0000000778400000| PB 0x0000000778400000| Untracked 
| 941|0x0000000778600000, 0x00000007787fffd0, 0x0000000778800000| 99%| O|  |TAMS 0x0000000778600000| PB 0x0000000778600000| Untracked 
| 942|0x0000000778800000, 0x0000000778a00000, 0x0000000778a00000|100%| O|  |TAMS 0x0000000778800000| PB 0x0000000778800000| Untracked 
| 943|0x0000000778a00000, 0x0000000778bfffe8, 0x0000000778c00000| 99%| O|  |TAMS 0x0000000778a00000| PB 0x0000000778a00000| Untracked 
| 944|0x0000000778c00000, 0x0000000778dffff8, 0x0000000778e00000| 99%| O|  |TAMS 0x0000000778c00000| PB 0x0000000778c00000| Untracked 
| 945|0x0000000778e00000, 0x0000000778ffffe8, 0x0000000779000000| 99%| O|  |TAMS 0x0000000778e00000| PB 0x0000000778e00000| Untracked 
| 946|0x0000000779000000, 0x00000007791fffe8, 0x0000000779200000| 99%| O|  |TAMS 0x0000000779000000| PB 0x0000000779000000| Untracked 
| 947|0x0000000779200000, 0x00000007793fffe0, 0x0000000779400000| 99%| O|  |TAMS 0x0000000779200000| PB 0x0000000779200000| Untracked 
| 948|0x0000000779400000, 0x00000007795fffe8, 0x0000000779600000| 99%| O|  |TAMS 0x0000000779400000| PB 0x0000000779400000| Untracked 
| 949|0x0000000779600000, 0x00000007797ffff8, 0x0000000779800000| 99%| O|  |TAMS 0x0000000779600000| PB 0x0000000779600000| Untracked 
| 950|0x0000000779800000, 0x00000007799fffe0, 0x0000000779a00000| 99%| O|  |TAMS 0x0000000779800000| PB 0x0000000779800000| Untracked 
| 951|0x0000000779a00000, 0x0000000779bffff0, 0x0000000779c00000| 99%| O|  |TAMS 0x0000000779a00000| PB 0x0000000779a00000| Untracked 
| 952|0x0000000779c00000, 0x0000000779dfffe8, 0x0000000779e00000| 99%| O|  |TAMS 0x0000000779c00000| PB 0x0000000779c00000| Untracked 
| 953|0x0000000779e00000, 0x0000000779ffffd8, 0x000000077a000000| 99%| O|  |TAMS 0x0000000779e00000| PB 0x0000000779e00000| Untracked 
| 954|0x000000077a000000, 0x000000077a1fffe0, 0x000000077a200000| 99%| O|  |TAMS 0x000000077a000000| PB 0x000000077a000000| Untracked 
| 955|0x000000077a200000, 0x000000077a400000, 0x000000077a400000|100%| O|  |TAMS 0x000000077a200000| PB 0x000000077a200000| Untracked 
| 956|0x000000077a400000, 0x000000077a5fffd0, 0x000000077a600000| 99%| O|  |TAMS 0x000000077a400000| PB 0x000000077a400000| Untracked 
| 957|0x000000077a600000, 0x000000077a7fffe0, 0x000000077a800000| 99%| O|  |TAMS 0x000000077a600000| PB 0x000000077a600000| Untracked 
| 958|0x000000077a800000, 0x000000077a9ffff0, 0x000000077aa00000| 99%| O|  |TAMS 0x000000077a800000| PB 0x000000077a800000| Untracked 
| 959|0x000000077aa00000, 0x000000077abffff0, 0x000000077ac00000| 99%| O|  |TAMS 0x000000077aa00000| PB 0x000000077aa00000| Untracked 
| 960|0x000000077ac00000, 0x000000077adffff8, 0x000000077ae00000| 99%| O|  |TAMS 0x000000077ac00000| PB 0x000000077ac00000| Untracked 
| 961|0x000000077ae00000, 0x000000077afffff8, 0x000000077b000000| 99%| O|  |TAMS 0x000000077ae00000| PB 0x000000077ae00000| Untracked 
| 962|0x000000077b000000, 0x000000077b1fffe8, 0x000000077b200000| 99%| O|  |TAMS 0x000000077b000000| PB 0x000000077b000000| Untracked 
| 963|0x000000077b200000, 0x000000077b400000, 0x000000077b400000|100%| O|  |TAMS 0x000000077b200000| PB 0x000000077b200000| Untracked 
| 964|0x000000077b400000, 0x000000077b5ffff0, 0x000000077b600000| 99%| O|  |TAMS 0x000000077b400000| PB 0x000000077b400000| Untracked 
| 965|0x000000077b600000, 0x000000077b7ffff8, 0x000000077b800000| 99%| O|  |TAMS 0x000000077b600000| PB 0x000000077b600000| Untracked 
| 966|0x000000077b800000, 0x000000077b9ffff8, 0x000000077ba00000| 99%| O|  |TAMS 0x000000077b800000| PB 0x000000077b800000| Untracked 
| 967|0x000000077ba00000, 0x000000077bc00000, 0x000000077bc00000|100%| O|  |TAMS 0x000000077ba00000| PB 0x000000077ba00000| Untracked 
| 968|0x000000077bc00000, 0x000000077bdfffd0, 0x000000077be00000| 99%| O|  |TAMS 0x000000077bc00000| PB 0x000000077bc00000| Untracked 
| 969|0x000000077be00000, 0x000000077bfffff8, 0x000000077c000000| 99%| O|  |TAMS 0x000000077be00000| PB 0x000000077be00000| Untracked 
| 970|0x000000077c000000, 0x000000077c1ffff0, 0x000000077c200000| 99%| O|  |TAMS 0x000000077c000000| PB 0x000000077c000000| Untracked 
| 971|0x000000077c200000, 0x000000077c3fffe8, 0x000000077c400000| 99%| O|  |TAMS 0x000000077c200000| PB 0x000000077c200000| Untracked 
| 972|0x000000077c400000, 0x000000077c600000, 0x000000077c600000|100%| O|  |TAMS 0x000000077c400000| PB 0x000000077c400000| Untracked 
| 973|0x000000077c600000, 0x000000077c7ffff8, 0x000000077c800000| 99%| O|  |TAMS 0x000000077c600000| PB 0x000000077c600000| Untracked 
| 974|0x000000077c800000, 0x000000077c9ffff8, 0x000000077ca00000| 99%| O|  |TAMS 0x000000077c800000| PB 0x000000077c800000| Untracked 
| 975|0x000000077ca00000, 0x000000077cbfffe0, 0x000000077cc00000| 99%| O|  |TAMS 0x000000077ca00000| PB 0x000000077ca00000| Untracked 
| 976|0x000000077cc00000, 0x000000077cdfffe0, 0x000000077ce00000| 99%| O|  |TAMS 0x000000077cc00000| PB 0x000000077cc00000| Untracked 
| 977|0x000000077ce00000, 0x000000077cfffff0, 0x000000077d000000| 99%| O|  |TAMS 0x000000077ce00000| PB 0x000000077ce00000| Untracked 
| 978|0x000000077d000000, 0x000000077d1ffff8, 0x000000077d200000| 99%| O|  |TAMS 0x000000077d000000| PB 0x000000077d000000| Untracked 
| 979|0x000000077d200000, 0x000000077d400000, 0x000000077d400000|100%| O|  |TAMS 0x000000077d200000| PB 0x000000077d200000| Untracked 
| 980|0x000000077d400000, 0x000000077d5ffff0, 0x000000077d600000| 99%| O|  |TAMS 0x000000077d400000| PB 0x000000077d400000| Untracked 
| 981|0x000000077d600000, 0x000000077d7ffff0, 0x000000077d800000| 99%| O|  |TAMS 0x000000077d600000| PB 0x000000077d600000| Untracked 
| 982|0x000000077d800000, 0x000000077d9fffe8, 0x000000077da00000| 99%| O|  |TAMS 0x000000077d800000| PB 0x000000077d800000| Untracked 
| 983|0x000000077da00000, 0x000000077dc00000, 0x000000077dc00000|100%| O|  |TAMS 0x000000077da00000| PB 0x000000077da00000| Untracked 
| 984|0x000000077dc00000, 0x000000077de00000, 0x000000077de00000|100%| O|  |TAMS 0x000000077dc00000| PB 0x000000077dc00000| Untracked 
| 985|0x000000077de00000, 0x000000077e000000, 0x000000077e000000|100%| O|  |TAMS 0x000000077de00000| PB 0x000000077de00000| Untracked 
| 986|0x000000077e000000, 0x000000077e200000, 0x000000077e200000|100%| O|  |TAMS 0x000000077e000000| PB 0x000000077e000000| Untracked 
| 987|0x000000077e200000, 0x000000077e3ffff0, 0x000000077e400000| 99%| O|  |TAMS 0x000000077e200000| PB 0x000000077e200000| Untracked 
| 988|0x000000077e400000, 0x000000077e600000, 0x000000077e600000|100%| O|  |TAMS 0x000000077e400000| PB 0x000000077e400000| Untracked 
| 989|0x000000077e600000, 0x000000077e7ffff8, 0x000000077e800000| 99%| O|  |TAMS 0x000000077e600000| PB 0x000000077e600000| Untracked 
| 990|0x000000077e800000, 0x000000077ea00000, 0x000000077ea00000|100%| O|  |TAMS 0x000000077e800000| PB 0x000000077e800000| Untracked 
| 991|0x000000077ea00000, 0x000000077ebfffe0, 0x000000077ec00000| 99%| O|  |TAMS 0x000000077ea00000| PB 0x000000077ea00000| Untracked 
| 992|0x000000077ec00000, 0x000000077edffff8, 0x000000077ee00000| 99%| O|  |TAMS 0x000000077ec00000| PB 0x000000077ec00000| Untracked 
| 993|0x000000077ee00000, 0x000000077efffff8, 0x000000077f000000| 99%| O|  |TAMS 0x000000077ee00000| PB 0x000000077ee00000| Untracked 
| 994|0x000000077f000000, 0x000000077f1fffe8, 0x000000077f200000| 99%| O|  |TAMS 0x000000077f000000| PB 0x000000077f000000| Untracked 
| 995|0x000000077f200000, 0x000000077f3fffe8, 0x000000077f400000| 99%| O|  |TAMS 0x000000077f200000| PB 0x000000077f200000| Untracked 
| 996|0x000000077f400000, 0x000000077f5fffe8, 0x000000077f600000| 99%| O|  |TAMS 0x000000077f400000| PB 0x000000077f400000| Untracked 
| 997|0x000000077f600000, 0x000000077f7fffe8, 0x000000077f800000| 99%| O|  |TAMS 0x000000077f600000| PB 0x000000077f600000| Untracked 
| 998|0x000000077f800000, 0x000000077f9ffff0, 0x000000077fa00000| 99%| O|  |TAMS 0x000000077f800000| PB 0x000000077f800000| Untracked 
| 999|0x000000077fa00000, 0x000000077fbffff0, 0x000000077fc00000| 99%| O|  |TAMS 0x000000077fa00000| PB 0x000000077fa00000| Untracked 
|1000|0x000000077fc00000, 0x000000077fdffff8, 0x000000077fe00000| 99%| O|  |TAMS 0x000000077fc00000| PB 0x000000077fc00000| Untracked 
|1001|0x000000077fe00000, 0x000000077ffffff8, 0x0000000780000000| 99%| O|  |TAMS 0x000000077fe00000| PB 0x000000077fe00000| Untracked 
|1002|0x0000000780000000, 0x00000007801ffff8, 0x0000000780200000| 99%| O|  |TAMS 0x0000000780000000| PB 0x0000000780000000| Untracked 
|1003|0x0000000780200000, 0x00000007803fffe8, 0x0000000780400000| 99%| O|  |TAMS 0x0000000780200000| PB 0x0000000780200000| Untracked 
|1004|0x0000000780400000, 0x0000000780600000, 0x0000000780600000|100%| O|  |TAMS 0x0000000780400000| PB 0x0000000780400000| Untracked 
|1005|0x0000000780600000, 0x00000007807ffff8, 0x0000000780800000| 99%| O|  |TAMS 0x0000000780600000| PB 0x0000000780600000| Untracked 
|1006|0x0000000780800000, 0x0000000780a00000, 0x0000000780a00000|100%| O|  |TAMS 0x0000000780800000| PB 0x0000000780800000| Untracked 
|1007|0x0000000780a00000, 0x0000000780bffff0, 0x0000000780c00000| 99%| O|  |TAMS 0x0000000780a00000| PB 0x0000000780a00000| Untracked 
|1008|0x0000000780c00000, 0x0000000780e00000, 0x0000000780e00000|100%| O|  |TAMS 0x0000000780c00000| PB 0x0000000780c00000| Untracked 
|1009|0x0000000780e00000, 0x0000000780fffff0, 0x0000000781000000| 99%| O|  |TAMS 0x0000000780e00000| PB 0x0000000780e00000| Untracked 
|1010|0x0000000781000000, 0x00000007811fffe8, 0x0000000781200000| 99%| O|  |TAMS 0x0000000781000000| PB 0x0000000781000000| Untracked 
|1011|0x0000000781200000, 0x0000000781400000, 0x0000000781400000|100%| O|  |TAMS 0x0000000781200000| PB 0x0000000781200000| Untracked 
|1012|0x0000000781400000, 0x00000007815ffff0, 0x0000000781600000| 99%| O|  |TAMS 0x0000000781400000| PB 0x0000000781400000| Untracked 
|1013|0x0000000781600000, 0x00000007817fffe0, 0x0000000781800000| 99%| O|  |TAMS 0x0000000781600000| PB 0x0000000781600000| Untracked 
|1014|0x0000000781800000, 0x0000000781a00000, 0x0000000781a00000|100%| O|  |TAMS 0x0000000781800000| PB 0x0000000781800000| Untracked 
|1015|0x0000000781a00000, 0x0000000781bfffe0, 0x0000000781c00000| 99%| O|  |TAMS 0x0000000781a00000| PB 0x0000000781a00000| Untracked 
|1016|0x0000000781c00000, 0x0000000781dffff8, 0x0000000781e00000| 99%| O|  |TAMS 0x0000000781c00000| PB 0x0000000781c00000| Untracked 
|1017|0x0000000781e00000, 0x0000000782000000, 0x0000000782000000|100%| O|  |TAMS 0x0000000781e00000| PB 0x0000000781e00000| Untracked 
|1018|0x0000000782000000, 0x00000007821fffd8, 0x0000000782200000| 99%| O|  |TAMS 0x0000000782000000| PB 0x0000000782000000| Untracked 
|1019|0x0000000782200000, 0x0000000782400000, 0x0000000782400000|100%| O|  |TAMS 0x0000000782200000| PB 0x0000000782200000| Untracked 
|1020|0x0000000782400000, 0x00000007825ffff0, 0x0000000782600000| 99%| O|  |TAMS 0x0000000782400000| PB 0x0000000782400000| Untracked 
|1021|0x0000000782600000, 0x00000007827ffff8, 0x0000000782800000| 99%| O|  |TAMS 0x0000000782600000| PB 0x0000000782600000| Untracked 
|1022|0x0000000782800000, 0x00000007829ffff8, 0x0000000782a00000| 99%| O|  |TAMS 0x0000000782800000| PB 0x0000000782800000| Untracked 
|1023|0x0000000782a00000, 0x0000000782bffff8, 0x0000000782c00000| 99%| O|  |TAMS 0x0000000782a00000| PB 0x0000000782a00000| Untracked 
|1024|0x0000000782c00000, 0x0000000782dfffe8, 0x0000000782e00000| 99%| O|  |TAMS 0x0000000782c00000| PB 0x0000000782c00000| Untracked 
|1025|0x0000000782e00000, 0x0000000783000000, 0x0000000783000000|100%| O|  |TAMS 0x0000000782e00000| PB 0x0000000782e00000| Untracked 
|1026|0x0000000783000000, 0x00000007831ffff0, 0x0000000783200000| 99%| O|  |TAMS 0x0000000783000000| PB 0x0000000783000000| Untracked 
|1027|0x0000000783200000, 0x00000007833fffe8, 0x0000000783400000| 99%| O|  |TAMS 0x0000000783200000| PB 0x0000000783200000| Untracked 
|1028|0x0000000783400000, 0x00000007835ffff0, 0x0000000783600000| 99%| O|  |TAMS 0x0000000783400000| PB 0x0000000783400000| Untracked 
|1029|0x0000000783600000, 0x00000007837fffe8, 0x0000000783800000| 99%| O|  |TAMS 0x0000000783600000| PB 0x0000000783600000| Untracked 
|1030|0x0000000783800000, 0x00000007839ffff0, 0x0000000783a00000| 99%| O|  |TAMS 0x0000000783800000| PB 0x0000000783800000| Untracked 
|1031|0x0000000783a00000, 0x0000000783bffff0, 0x0000000783c00000| 99%| O|  |TAMS 0x0000000783a00000| PB 0x0000000783a00000| Untracked 
|1032|0x0000000783c00000, 0x0000000783e00000, 0x0000000783e00000|100%| O|  |TAMS 0x0000000783c00000| PB 0x0000000783c00000| Untracked 
|1033|0x0000000783e00000, 0x0000000783fffff8, 0x0000000784000000| 99%| O|  |TAMS 0x0000000783e00000| PB 0x0000000783e00000| Untracked 
|1034|0x0000000784000000, 0x00000007841fffe0, 0x0000000784200000| 99%| O|  |TAMS 0x0000000784000000| PB 0x0000000784000000| Untracked 
|1035|0x0000000784200000, 0x0000000784400000, 0x0000000784400000|100%| O|  |TAMS 0x0000000784200000| PB 0x0000000784200000| Untracked 
|1036|0x0000000784400000, 0x00000007845ffff0, 0x0000000784600000| 99%| O|  |TAMS 0x0000000784400000| PB 0x0000000784400000| Untracked 
|1037|0x0000000784600000, 0x00000007847fffe8, 0x0000000784800000| 99%| O|  |TAMS 0x0000000784600000| PB 0x0000000784600000| Untracked 
|1038|0x0000000784800000, 0x00000007849fffe0, 0x0000000784a00000| 99%| O|  |TAMS 0x0000000784800000| PB 0x0000000784800000| Untracked 
|1039|0x0000000784a00000, 0x0000000784bfffd0, 0x0000000784c00000| 99%| O|  |TAMS 0x0000000784a00000| PB 0x0000000784a00000| Untracked 
|1040|0x0000000784c00000, 0x0000000784dffff8, 0x0000000784e00000| 99%| O|  |TAMS 0x0000000784c00000| PB 0x0000000784c00000| Untracked 
|1041|0x0000000784e00000, 0x0000000784fffff8, 0x0000000785000000| 99%| O|  |TAMS 0x0000000784e00000| PB 0x0000000784e00000| Untracked 
|1042|0x0000000785000000, 0x00000007851fffe8, 0x0000000785200000| 99%| O|  |TAMS 0x0000000785000000| PB 0x0000000785000000| Untracked 
|1043|0x0000000785200000, 0x00000007853fffe0, 0x0000000785400000| 99%| O|  |TAMS 0x0000000785200000| PB 0x0000000785200000| Untracked 
|1044|0x0000000785400000, 0x0000000785600000, 0x0000000785600000|100%| O|  |TAMS 0x0000000785400000| PB 0x0000000785400000| Untracked 
|1045|0x0000000785600000, 0x00000007857ffff8, 0x0000000785800000| 99%| O|  |TAMS 0x0000000785600000| PB 0x0000000785600000| Untracked 
|1046|0x0000000785800000, 0x00000007859fffd0, 0x0000000785a00000| 99%| O|  |TAMS 0x0000000785800000| PB 0x0000000785800000| Untracked 
|1047|0x0000000785a00000, 0x0000000785bfffe8, 0x0000000785c00000| 99%| O|  |TAMS 0x0000000785a00000| PB 0x0000000785a00000| Untracked 
|1048|0x0000000785c00000, 0x0000000785dffff0, 0x0000000785e00000| 99%| O|  |TAMS 0x0000000785c00000| PB 0x0000000785c00000| Untracked 
|1049|0x0000000785e00000, 0x0000000785fffff0, 0x0000000786000000| 99%| O|  |TAMS 0x0000000785e00000| PB 0x0000000785e00000| Untracked 
|1050|0x0000000786000000, 0x00000007861fffd0, 0x0000000786200000| 99%| O|  |TAMS 0x0000000786000000| PB 0x0000000786000000| Untracked 
|1051|0x0000000786200000, 0x00000007863ffff0, 0x0000000786400000| 99%| O|  |TAMS 0x0000000786200000| PB 0x0000000786200000| Untracked 
|1052|0x0000000786400000, 0x00000007865fffe0, 0x0000000786600000| 99%| O|  |TAMS 0x0000000786400000| PB 0x0000000786400000| Untracked 
|1053|0x0000000786600000, 0x00000007867fffe0, 0x0000000786800000| 99%| O|  |TAMS 0x0000000786600000| PB 0x0000000786600000| Untracked 
|1054|0x0000000786800000, 0x00000007869ffff0, 0x0000000786a00000| 99%| O|  |TAMS 0x0000000786800000| PB 0x0000000786800000| Untracked 
|1055|0x0000000786a00000, 0x0000000786bfffe8, 0x0000000786c00000| 99%| O|  |TAMS 0x0000000786a00000| PB 0x0000000786a00000| Untracked 
|1056|0x0000000786c00000, 0x0000000786dffff0, 0x0000000786e00000| 99%| O|  |TAMS 0x0000000786c00000| PB 0x0000000786c00000| Untracked 
|1057|0x0000000786e00000, 0x0000000786fffff0, 0x0000000787000000| 99%| O|  |TAMS 0x0000000786e00000| PB 0x0000000786e00000| Untracked 
|1058|0x0000000787000000, 0x00000007871fffd0, 0x0000000787200000| 99%| O|  |TAMS 0x0000000787000000| PB 0x0000000787000000| Untracked 
|1059|0x0000000787200000, 0x00000007873fffe0, 0x0000000787400000| 99%| O|  |TAMS 0x0000000787200000| PB 0x0000000787200000| Untracked 
|1060|0x0000000787400000, 0x00000007875ffff8, 0x0000000787600000| 99%| O|  |TAMS 0x0000000787400000| PB 0x0000000787400000| Untracked 
|1061|0x0000000787600000, 0x0000000787800000, 0x0000000787800000|100%| O|  |TAMS 0x0000000787600000| PB 0x0000000787600000| Untracked 
|1062|0x0000000787800000, 0x00000007879ffff8, 0x0000000787a00000| 99%| O|  |TAMS 0x0000000787800000| PB 0x0000000787800000| Untracked 
|1063|0x0000000787a00000, 0x0000000787bffff0, 0x0000000787c00000| 99%| O|  |TAMS 0x0000000787a00000| PB 0x0000000787a00000| Untracked 
|1064|0x0000000787c00000, 0x0000000787e00000, 0x0000000787e00000|100%| O|  |TAMS 0x0000000787c00000| PB 0x0000000787c00000| Untracked 
|1065|0x0000000787e00000, 0x0000000787fffff8, 0x0000000788000000| 99%| O|  |TAMS 0x0000000787e00000| PB 0x0000000787e00000| Untracked 
|1066|0x0000000788000000, 0x00000007881ffff8, 0x0000000788200000| 99%| O|  |TAMS 0x0000000788000000| PB 0x0000000788000000| Untracked 
|1067|0x0000000788200000, 0x00000007883ffff0, 0x0000000788400000| 99%| O|  |TAMS 0x0000000788200000| PB 0x0000000788200000| Untracked 
|1068|0x0000000788400000, 0x00000007885fffe8, 0x0000000788600000| 99%| O|  |TAMS 0x0000000788400000| PB 0x0000000788400000| Untracked 
|1069|0x0000000788600000, 0x00000007887ffff0, 0x0000000788800000| 99%| O|  |TAMS 0x0000000788600000| PB 0x0000000788600000| Untracked 
|1070|0x0000000788800000, 0x00000007889ffff0, 0x0000000788a00000| 99%| O|  |TAMS 0x0000000788800000| PB 0x0000000788800000| Untracked 
|1071|0x0000000788a00000, 0x0000000788bffff8, 0x0000000788c00000| 99%| O|  |TAMS 0x0000000788a00000| PB 0x0000000788a00000| Untracked 
|1072|0x0000000788c00000, 0x0000000788dffff8, 0x0000000788e00000| 99%| O|  |TAMS 0x0000000788c00000| PB 0x0000000788c00000| Untracked 
|1073|0x0000000788e00000, 0x0000000788fffff8, 0x0000000789000000| 99%| O|  |TAMS 0x0000000788e00000| PB 0x0000000788e00000| Untracked 
|1074|0x0000000789000000, 0x0000000789200000, 0x0000000789200000|100%| O|  |TAMS 0x0000000789000000| PB 0x0000000789000000| Untracked 
|1075|0x0000000789200000, 0x0000000789400000, 0x0000000789400000|100%| O|  |TAMS 0x0000000789200000| PB 0x0000000789200000| Untracked 
|1076|0x0000000789400000, 0x00000007895fffd0, 0x0000000789600000| 99%| O|  |TAMS 0x0000000789400000| PB 0x0000000789400000| Untracked 
|1077|0x0000000789600000, 0x00000007897ffff8, 0x0000000789800000| 99%| O|  |TAMS 0x0000000789600000| PB 0x0000000789600000| Untracked 
|1078|0x0000000789800000, 0x00000007899fffd0, 0x0000000789a00000| 99%| O|  |TAMS 0x0000000789800000| PB 0x0000000789800000| Untracked 
|1079|0x0000000789a00000, 0x0000000789c00000, 0x0000000789c00000|100%| O|  |TAMS 0x0000000789a00000| PB 0x0000000789a00000| Untracked 
|1080|0x0000000789c00000, 0x0000000789e00000, 0x0000000789e00000|100%| O|  |TAMS 0x0000000789c00000| PB 0x0000000789c00000| Untracked 
|1081|0x0000000789e00000, 0x0000000789fffff0, 0x000000078a000000| 99%| O|  |TAMS 0x0000000789e00000| PB 0x0000000789e00000| Untracked 
|1082|0x000000078a000000, 0x000000078a1ffff0, 0x000000078a200000| 99%| O|  |TAMS 0x000000078a000000| PB 0x000000078a000000| Untracked 
|1083|0x000000078a200000, 0x000000078a3ffff8, 0x000000078a400000| 99%| O|  |TAMS 0x000000078a200000| PB 0x000000078a200000| Untracked 
|1084|0x000000078a400000, 0x000000078a5ffff0, 0x000000078a600000| 99%| O|  |TAMS 0x000000078a400000| PB 0x000000078a400000| Untracked 
|1085|0x000000078a600000, 0x000000078a800000, 0x000000078a800000|100%| O|  |TAMS 0x000000078a600000| PB 0x000000078a600000| Untracked 
|1086|0x000000078a800000, 0x000000078a9fffd8, 0x000000078aa00000| 99%| O|  |TAMS 0x000000078a800000| PB 0x000000078a800000| Untracked 
|1087|0x000000078aa00000, 0x000000078abfffe0, 0x000000078ac00000| 99%| O|  |TAMS 0x000000078aa00000| PB 0x000000078aa00000| Untracked 
|1088|0x000000078ac00000, 0x000000078adffff0, 0x000000078ae00000| 99%| O|  |TAMS 0x000000078ac00000| PB 0x000000078ac00000| Untracked 
|1089|0x000000078ae00000, 0x000000078affffe8, 0x000000078b000000| 99%| O|  |TAMS 0x000000078ae00000| PB 0x000000078ae00000| Untracked 
|1090|0x000000078b000000, 0x000000078b200000, 0x000000078b200000|100%| O|  |TAMS 0x000000078b000000| PB 0x000000078b000000| Untracked 
|1091|0x000000078b200000, 0x000000078b3fffe8, 0x000000078b400000| 99%| O|  |TAMS 0x000000078b200000| PB 0x000000078b200000| Untracked 
|1092|0x000000078b400000, 0x000000078b5ffff8, 0x000000078b600000| 99%| O|  |TAMS 0x000000078b400000| PB 0x000000078b400000| Untracked 
|1093|0x000000078b600000, 0x000000078b7ffff0, 0x000000078b800000| 99%| O|  |TAMS 0x000000078b600000| PB 0x000000078b600000| Untracked 
|1094|0x000000078b800000, 0x000000078b9ffff8, 0x000000078ba00000| 99%| O|  |TAMS 0x000000078b800000| PB 0x000000078b800000| Untracked 
|1095|0x000000078ba00000, 0x000000078bbfffd8, 0x000000078bc00000| 99%| O|  |TAMS 0x000000078ba00000| PB 0x000000078ba00000| Untracked 
|1096|0x000000078bc00000, 0x000000078bdffff8, 0x000000078be00000| 99%| O|  |TAMS 0x000000078bc00000| PB 0x000000078bc00000| Untracked 
|1097|0x000000078be00000, 0x000000078bfffff8, 0x000000078c000000| 99%| O|  |TAMS 0x000000078be00000| PB 0x000000078be00000| Untracked 
|1098|0x000000078c000000, 0x000000078c200000, 0x000000078c200000|100%| O|  |TAMS 0x000000078c000000| PB 0x000000078c000000| Untracked 
|1099|0x000000078c200000, 0x000000078c3ffff0, 0x000000078c400000| 99%| O|  |TAMS 0x000000078c200000| PB 0x000000078c200000| Untracked 
|1100|0x000000078c400000, 0x000000078c5ffff0, 0x000000078c600000| 99%| O|  |TAMS 0x000000078c400000| PB 0x000000078c400000| Untracked 
|1101|0x000000078c600000, 0x000000078c800000, 0x000000078c800000|100%| O|  |TAMS 0x000000078c600000| PB 0x000000078c600000| Untracked 
|1102|0x000000078c800000, 0x000000078c9ffff8, 0x000000078ca00000| 99%| O|  |TAMS 0x000000078c800000| PB 0x000000078c800000| Untracked 
|1103|0x000000078ca00000, 0x000000078cbfffd0, 0x000000078cc00000| 99%| O|  |TAMS 0x000000078ca00000| PB 0x000000078ca00000| Untracked 
|1104|0x000000078cc00000, 0x000000078cdffff0, 0x000000078ce00000| 99%| O|  |TAMS 0x000000078cc00000| PB 0x000000078cc00000| Untracked 
|1105|0x000000078ce00000, 0x000000078cfffff0, 0x000000078d000000| 99%| O|  |TAMS 0x000000078ce00000| PB 0x000000078ce00000| Untracked 
|1106|0x000000078d000000, 0x000000078d1fffe0, 0x000000078d200000| 99%| O|  |TAMS 0x000000078d000000| PB 0x000000078d000000| Untracked 
|1107|0x000000078d200000, 0x000000078d3ffff8, 0x000000078d400000| 99%| O|  |TAMS 0x000000078d200000| PB 0x000000078d200000| Untracked 
|1108|0x000000078d400000, 0x000000078d600000, 0x000000078d600000|100%| O|  |TAMS 0x000000078d400000| PB 0x000000078d400000| Untracked 
|1109|0x000000078d600000, 0x000000078d800000, 0x000000078d800000|100%| O|  |TAMS 0x000000078d600000| PB 0x000000078d600000| Untracked 
|1110|0x000000078d800000, 0x000000078d9fffd8, 0x000000078da00000| 99%| O|  |TAMS 0x000000078d800000| PB 0x000000078d800000| Untracked 
|1111|0x000000078da00000, 0x000000078dbfffe8, 0x000000078dc00000| 99%| O|  |TAMS 0x000000078da00000| PB 0x000000078da00000| Untracked 
|1112|0x000000078dc00000, 0x000000078ddffff0, 0x000000078de00000| 99%| O|  |TAMS 0x000000078dc00000| PB 0x000000078dc00000| Untracked 
|1113|0x000000078de00000, 0x000000078dffffe0, 0x000000078e000000| 99%| O|  |TAMS 0x000000078de00000| PB 0x000000078de00000| Untracked 
|1114|0x000000078e000000, 0x000000078e1fffd8, 0x000000078e200000| 99%| O|  |TAMS 0x000000078e000000| PB 0x000000078e000000| Untracked 
|1115|0x000000078e200000, 0x000000078e3ffff0, 0x000000078e400000| 99%| O|  |TAMS 0x000000078e200000| PB 0x000000078e200000| Untracked 
|1116|0x000000078e400000, 0x000000078e5fffe8, 0x000000078e600000| 99%| O|  |TAMS 0x000000078e400000| PB 0x000000078e400000| Untracked 
|1117|0x000000078e600000, 0x000000078e7ffff0, 0x000000078e800000| 99%| O|  |TAMS 0x000000078e600000| PB 0x000000078e600000| Untracked 
|1118|0x000000078e800000, 0x000000078e9ffff0, 0x000000078ea00000| 99%| O|  |TAMS 0x000000078e800000| PB 0x000000078e800000| Untracked 
|1119|0x000000078ea00000, 0x000000078ebffff0, 0x000000078ec00000| 99%| O|  |TAMS 0x000000078ea00000| PB 0x000000078ea00000| Untracked 
|1120|0x000000078ec00000, 0x000000078edffff0, 0x000000078ee00000| 99%| O|  |TAMS 0x000000078ec00000| PB 0x000000078ec00000| Untracked 
|1121|0x000000078ee00000, 0x000000078efffff8, 0x000000078f000000| 99%| O|  |TAMS 0x000000078ee00000| PB 0x000000078ee00000| Untracked 
|1122|0x000000078f000000, 0x000000078f200000, 0x000000078f200000|100%| O|  |TAMS 0x000000078f000000| PB 0x000000078f000000| Untracked 
|1123|0x000000078f200000, 0x000000078f3ffff8, 0x000000078f400000| 99%| O|  |TAMS 0x000000078f200000| PB 0x000000078f200000| Untracked 
|1124|0x000000078f400000, 0x000000078f5fffd0, 0x000000078f600000| 99%| O|  |TAMS 0x000000078f400000| PB 0x000000078f400000| Untracked 
|1125|0x000000078f600000, 0x000000078f7fffe0, 0x000000078f800000| 99%| O|  |TAMS 0x000000078f600000| PB 0x000000078f600000| Untracked 
|1126|0x000000078f800000, 0x000000078f9ffff8, 0x000000078fa00000| 99%| O|  |TAMS 0x000000078f800000| PB 0x000000078f800000| Untracked 
|1127|0x000000078fa00000, 0x000000078fbffff0, 0x000000078fc00000| 99%| O|  |TAMS 0x000000078fa00000| PB 0x000000078fa00000| Untracked 
|1128|0x000000078fc00000, 0x000000078fe00000, 0x000000078fe00000|100%| O|  |TAMS 0x000000078fc00000| PB 0x000000078fc00000| Untracked 
|1129|0x000000078fe00000, 0x000000078ffffe00, 0x0000000790000000| 99%| O|  |TAMS 0x000000078fe00000| PB 0x000000078fe00000| Untracked 
|1130|0x0000000790000000, 0x0000000790200000, 0x0000000790200000|100%| O|  |TAMS 0x0000000790000000| PB 0x0000000790000000| Untracked 
|1131|0x0000000790200000, 0x00000007903ffff0, 0x0000000790400000| 99%| O|  |TAMS 0x0000000790200000| PB 0x0000000790200000| Untracked 
|1132|0x0000000790400000, 0x00000007905ffff0, 0x0000000790600000| 99%| O|  |TAMS 0x0000000790400000| PB 0x0000000790400000| Untracked 
|1133|0x0000000790600000, 0x00000007907fffe0, 0x0000000790800000| 99%| O|  |TAMS 0x0000000790600000| PB 0x0000000790600000| Untracked 
|1134|0x0000000790800000, 0x0000000790a00000, 0x0000000790a00000|100%| O|  |TAMS 0x0000000790800000| PB 0x0000000790800000| Untracked 
|1135|0x0000000790a00000, 0x0000000790bffff0, 0x0000000790c00000| 99%| O|  |TAMS 0x0000000790a00000| PB 0x0000000790a00000| Untracked 
|1136|0x0000000790c00000, 0x0000000790dfffe8, 0x0000000790e00000| 99%| O|  |TAMS 0x0000000790c00000| PB 0x0000000790c00000| Untracked 
|1137|0x0000000790e00000, 0x0000000790fffff8, 0x0000000791000000| 99%| O|  |TAMS 0x0000000790e00000| PB 0x0000000790e00000| Untracked 
|1138|0x0000000791000000, 0x00000007911ffff0, 0x0000000791200000| 99%| O|  |TAMS 0x0000000791000000| PB 0x0000000791000000| Untracked 
|1139|0x0000000791200000, 0x00000007913fffe8, 0x0000000791400000| 99%| O|  |TAMS 0x0000000791200000| PB 0x0000000791200000| Untracked 
|1140|0x0000000791400000, 0x00000007915fffd0, 0x0000000791600000| 99%| O|  |TAMS 0x0000000791400000| PB 0x0000000791400000| Untracked 
|1141|0x0000000791600000, 0x00000007917ffff8, 0x0000000791800000| 99%| O|  |TAMS 0x0000000791600000| PB 0x0000000791600000| Untracked 
|1142|0x0000000791800000, 0x0000000791a00000, 0x0000000791a00000|100%| O|  |TAMS 0x0000000791800000| PB 0x0000000791800000| Untracked 
|1143|0x0000000791a00000, 0x0000000791bffff0, 0x0000000791c00000| 99%| O|  |TAMS 0x0000000791a00000| PB 0x0000000791a00000| Untracked 
|1144|0x0000000791c00000, 0x0000000791dffff0, 0x0000000791e00000| 99%| O|  |TAMS 0x0000000791c00000| PB 0x0000000791c00000| Untracked 
|1145|0x0000000791e00000, 0x0000000791fffff8, 0x0000000792000000| 99%| O|  |TAMS 0x0000000791e00000| PB 0x0000000791e00000| Untracked 
|1146|0x0000000792000000, 0x0000000792200000, 0x0000000792200000|100%| O|  |TAMS 0x0000000792000000| PB 0x0000000792000000| Untracked 
|1147|0x0000000792200000, 0x00000007923ffff8, 0x0000000792400000| 99%| O|  |TAMS 0x0000000792200000| PB 0x0000000792200000| Untracked 
|1148|0x0000000792400000, 0x00000007925ffff0, 0x0000000792600000| 99%| O|  |TAMS 0x0000000792400000| PB 0x0000000792400000| Untracked 
|1149|0x0000000792600000, 0x00000007927ffff8, 0x0000000792800000| 99%| O|  |TAMS 0x0000000792600000| PB 0x0000000792600000| Untracked 
|1150|0x0000000792800000, 0x0000000792a00000, 0x0000000792a00000|100%| O|  |TAMS 0x0000000792800000| PB 0x0000000792800000| Untracked 
|1151|0x0000000792a00000, 0x0000000792c00000, 0x0000000792c00000|100%| O|  |TAMS 0x0000000792a00000| PB 0x0000000792a00000| Untracked 
|1152|0x0000000792c00000, 0x0000000792dffff0, 0x0000000792e00000| 99%| O|  |TAMS 0x0000000792c00000| PB 0x0000000792c00000| Untracked 
|1153|0x0000000792e00000, 0x0000000792fffff8, 0x0000000793000000| 99%| O|  |TAMS 0x0000000792e00000| PB 0x0000000792e00000| Untracked 
|1154|0x0000000793000000, 0x0000000793200000, 0x0000000793200000|100%| O|  |TAMS 0x0000000793000000| PB 0x0000000793000000| Untracked 
|1155|0x0000000793200000, 0x00000007933fffe8, 0x0000000793400000| 99%| O|  |TAMS 0x0000000793200000| PB 0x0000000793200000| Untracked 
|1156|0x0000000793400000, 0x00000007935fffe0, 0x0000000793600000| 99%| O|  |TAMS 0x0000000793400000| PB 0x0000000793400000| Untracked 
|1157|0x0000000793600000, 0x00000007937ffff0, 0x0000000793800000| 99%| O|  |TAMS 0x0000000793600000| PB 0x0000000793600000| Untracked 
|1158|0x0000000793800000, 0x00000007939ffff8, 0x0000000793a00000| 99%| O|  |TAMS 0x0000000793800000| PB 0x0000000793800000| Untracked 
|1159|0x0000000793a00000, 0x0000000793bffff0, 0x0000000793c00000| 99%| O|  |TAMS 0x0000000793a00000| PB 0x0000000793a00000| Untracked 
|1160|0x0000000793c00000, 0x0000000793e00000, 0x0000000793e00000|100%| O|  |TAMS 0x0000000793c00000| PB 0x0000000793c00000| Untracked 
|1161|0x0000000793e00000, 0x0000000794000000, 0x0000000794000000|100%| O|  |TAMS 0x0000000793e00000| PB 0x0000000793e00000| Untracked 
|1162|0x0000000794000000, 0x00000007941ffff0, 0x0000000794200000| 99%| O|  |TAMS 0x0000000794000000| PB 0x0000000794000000| Untracked 
|1163|0x0000000794200000, 0x00000007943ffff8, 0x0000000794400000| 99%| O|  |TAMS 0x0000000794200000| PB 0x0000000794200000| Untracked 
|1164|0x0000000794400000, 0x00000007945ffff8, 0x0000000794600000| 99%| O|  |TAMS 0x0000000794400000| PB 0x0000000794400000| Untracked 
|1165|0x0000000794600000, 0x0000000794800000, 0x0000000794800000|100%| O|  |TAMS 0x0000000794600000| PB 0x0000000794600000| Untracked 
|1166|0x0000000794800000, 0x00000007949fffe8, 0x0000000794a00000| 99%| O|  |TAMS 0x0000000794800000| PB 0x0000000794800000| Untracked 
|1167|0x0000000794a00000, 0x0000000794bffff8, 0x0000000794c00000| 99%| O|  |TAMS 0x0000000794a00000| PB 0x0000000794a00000| Untracked 
|1168|0x0000000794c00000, 0x0000000794dffff8, 0x0000000794e00000| 99%| O|  |TAMS 0x0000000794c00000| PB 0x0000000794c00000| Untracked 
|1169|0x0000000794e00000, 0x0000000795000000, 0x0000000795000000|100%| O|  |TAMS 0x0000000794e00000| PB 0x0000000794e00000| Untracked 
|1170|0x0000000795000000, 0x00000007951ffff0, 0x0000000795200000| 99%| O|  |TAMS 0x0000000795000000| PB 0x0000000795000000| Untracked 
|1171|0x0000000795200000, 0x00000007953ffff0, 0x0000000795400000| 99%| O|  |TAMS 0x0000000795200000| PB 0x0000000795200000| Untracked 
|1172|0x0000000795400000, 0x0000000795600000, 0x0000000795600000|100%| O|  |TAMS 0x0000000795400000| PB 0x0000000795400000| Untracked 
|1173|0x0000000795600000, 0x00000007957fffe8, 0x0000000795800000| 99%| O|  |TAMS 0x0000000795600000| PB 0x0000000795600000| Untracked 
|1174|0x0000000795800000, 0x00000007959ffff0, 0x0000000795a00000| 99%| O|  |TAMS 0x0000000795800000| PB 0x0000000795800000| Untracked 
|1175|0x0000000795a00000, 0x0000000795bffff0, 0x0000000795c00000| 99%| O|  |TAMS 0x0000000795a00000| PB 0x0000000795a00000| Untracked 
|1176|0x0000000795c00000, 0x0000000795e00000, 0x0000000795e00000|100%| O|  |TAMS 0x0000000795c00000| PB 0x0000000795c00000| Untracked 
|1177|0x0000000795e00000, 0x0000000795fffff8, 0x0000000796000000| 99%| O|  |TAMS 0x0000000795e00000| PB 0x0000000795e00000| Untracked 
|1178|0x0000000796000000, 0x00000007961ffff0, 0x0000000796200000| 99%| O|  |TAMS 0x0000000796000000| PB 0x0000000796000000| Untracked 
|1179|0x0000000796200000, 0x00000007963ffff0, 0x0000000796400000| 99%| O|  |TAMS 0x0000000796200000| PB 0x0000000796200000| Untracked 
|1180|0x0000000796400000, 0x0000000796600000, 0x0000000796600000|100%| O|  |TAMS 0x0000000796400000| PB 0x0000000796400000| Untracked 
|1181|0x0000000796600000, 0x0000000796800000, 0x0000000796800000|100%| O|  |TAMS 0x0000000796600000| PB 0x0000000796600000| Untracked 
|1182|0x0000000796800000, 0x00000007969ffff0, 0x0000000796a00000| 99%| O|  |TAMS 0x0000000796800000| PB 0x0000000796800000| Untracked 
|1183|0x0000000796a00000, 0x0000000796bffff8, 0x0000000796c00000| 99%| O|  |TAMS 0x0000000796a00000| PB 0x0000000796a00000| Untracked 
|1184|0x0000000796c00000, 0x0000000796dffff0, 0x0000000796e00000| 99%| O|  |TAMS 0x0000000796c00000| PB 0x0000000796c00000| Untracked 
|1185|0x0000000796e00000, 0x0000000796fffff8, 0x0000000797000000| 99%| O|  |TAMS 0x0000000796e00000| PB 0x0000000796e00000| Untracked 
|1186|0x0000000797000000, 0x00000007971ffff0, 0x0000000797200000| 99%| O|  |TAMS 0x0000000797000000| PB 0x0000000797000000| Untracked 
|1187|0x0000000797200000, 0x00000007973fffe8, 0x0000000797400000| 99%| O|  |TAMS 0x0000000797200000| PB 0x0000000797200000| Untracked 
|1188|0x0000000797400000, 0x00000007975ffff8, 0x0000000797600000| 99%| O|  |TAMS 0x0000000797400000| PB 0x0000000797400000| Untracked 
|1189|0x0000000797600000, 0x00000007977ffff0, 0x0000000797800000| 99%| O|  |TAMS 0x0000000797600000| PB 0x0000000797600000| Untracked 
|1190|0x0000000797800000, 0x00000007979ffff0, 0x0000000797a00000| 99%| O|  |TAMS 0x0000000797800000| PB 0x0000000797800000| Untracked 
|1191|0x0000000797a00000, 0x0000000797bfffe8, 0x0000000797c00000| 99%| O|  |TAMS 0x0000000797a00000| PB 0x0000000797a00000| Untracked 
|1192|0x0000000797c00000, 0x0000000797dfffe0, 0x0000000797e00000| 99%| O|  |TAMS 0x0000000797c00000| PB 0x0000000797c00000| Untracked 
|1193|0x0000000797e00000, 0x0000000797fffff8, 0x0000000798000000| 99%| O|  |TAMS 0x0000000797e00000| PB 0x0000000797e00000| Untracked 
|1194|0x0000000798000000, 0x00000007981fffe8, 0x0000000798200000| 99%| O|  |TAMS 0x0000000798000000| PB 0x0000000798000000| Untracked 
|1195|0x0000000798200000, 0x00000007983ffff0, 0x0000000798400000| 99%| O|  |TAMS 0x0000000798200000| PB 0x0000000798200000| Untracked 
|1196|0x0000000798400000, 0x00000007985fffe8, 0x0000000798600000| 99%| O|  |TAMS 0x0000000798400000| PB 0x0000000798400000| Untracked 
|1197|0x0000000798600000, 0x00000007987fffe0, 0x0000000798800000| 99%| O|  |TAMS 0x0000000798600000| PB 0x0000000798600000| Untracked 
|1198|0x0000000798800000, 0x00000007989ffff0, 0x0000000798a00000| 99%| O|  |TAMS 0x0000000798800000| PB 0x0000000798800000| Untracked 
|1199|0x0000000798a00000, 0x0000000798bffff0, 0x0000000798c00000| 99%| O|  |TAMS 0x0000000798a00000| PB 0x0000000798a00000| Untracked 
|1200|0x0000000798c00000, 0x0000000798e00000, 0x0000000798e00000|100%| O|  |TAMS 0x0000000798c00000| PB 0x0000000798c00000| Untracked 
|1201|0x0000000798e00000, 0x0000000798fffff0, 0x0000000799000000| 99%| O|  |TAMS 0x0000000798e00000| PB 0x0000000798e00000| Untracked 
|1202|0x0000000799000000, 0x00000007991ffff8, 0x0000000799200000| 99%| O|  |TAMS 0x0000000799000000| PB 0x0000000799000000| Untracked 
|1203|0x0000000799200000, 0x00000007993ffff8, 0x0000000799400000| 99%| O|  |TAMS 0x0000000799200000| PB 0x0000000799200000| Untracked 
|1204|0x0000000799400000, 0x00000007995ffff8, 0x0000000799600000| 99%| O|  |TAMS 0x0000000799400000| PB 0x0000000799400000| Untracked 
|1205|0x0000000799600000, 0x00000007997fffe0, 0x0000000799800000| 99%| O|  |TAMS 0x0000000799600000| PB 0x0000000799600000| Untracked 
|1206|0x0000000799800000, 0x00000007999ffff8, 0x0000000799a00000| 99%| O|  |TAMS 0x0000000799800000| PB 0x0000000799800000| Untracked 
|1207|0x0000000799a00000, 0x0000000799bffff8, 0x0000000799c00000| 99%| O|  |TAMS 0x0000000799a00000| PB 0x0000000799a00000| Untracked 
|1208|0x0000000799c00000, 0x0000000799dfffe0, 0x0000000799e00000| 99%| O|  |TAMS 0x0000000799c00000| PB 0x0000000799c00000| Untracked 
|1209|0x0000000799e00000, 0x0000000799fffff8, 0x000000079a000000| 99%| O|  |TAMS 0x0000000799e00000| PB 0x0000000799e00000| Untracked 
|1210|0x000000079a000000, 0x000000079a1ffff0, 0x000000079a200000| 99%| O|  |TAMS 0x000000079a000000| PB 0x000000079a000000| Untracked 
|1211|0x000000079a200000, 0x000000079a3fffd8, 0x000000079a400000| 99%| O|  |TAMS 0x000000079a200000| PB 0x000000079a200000| Untracked 
|1212|0x000000079a400000, 0x000000079a5fffd0, 0x000000079a600000| 99%| O|  |TAMS 0x000000079a400000| PB 0x000000079a400000| Untracked 
|1213|0x000000079a600000, 0x000000079a7fffe8, 0x000000079a800000| 99%| O|  |TAMS 0x000000079a600000| PB 0x000000079a600000| Untracked 
|1214|0x000000079a800000, 0x000000079a9fffd8, 0x000000079aa00000| 99%| O|  |TAMS 0x000000079a800000| PB 0x000000079a800000| Untracked 
|1215|0x000000079aa00000, 0x000000079abffff8, 0x000000079ac00000| 99%| O|  |TAMS 0x000000079aa00000| PB 0x000000079aa00000| Untracked 
|1216|0x000000079ac00000, 0x000000079adfffe8, 0x000000079ae00000| 99%| O|  |TAMS 0x000000079ac00000| PB 0x000000079ac00000| Untracked 
|1217|0x000000079ae00000, 0x000000079afffff0, 0x000000079b000000| 99%| O|  |TAMS 0x000000079ae00000| PB 0x000000079ae00000| Untracked 
|1218|0x000000079b000000, 0x000000079b200000, 0x000000079b200000|100%| O|  |TAMS 0x000000079b000000| PB 0x000000079b000000| Untracked 
|1219|0x000000079b200000, 0x000000079b400000, 0x000000079b400000|100%| O|  |TAMS 0x000000079b200000| PB 0x000000079b200000| Untracked 
|1220|0x000000079b400000, 0x000000079b5fffe8, 0x000000079b600000| 99%| O|  |TAMS 0x000000079b400000| PB 0x000000079b400000| Untracked 
|1221|0x000000079b600000, 0x000000079b7ffff0, 0x000000079b800000| 99%| O|  |TAMS 0x000000079b600000| PB 0x000000079b600000| Untracked 
|1222|0x000000079b800000, 0x000000079ba00000, 0x000000079ba00000|100%| O|  |TAMS 0x000000079b800000| PB 0x000000079b800000| Untracked 
|1223|0x000000079ba00000, 0x000000079bc00000, 0x000000079bc00000|100%| O|  |TAMS 0x000000079ba00000| PB 0x000000079ba00000| Untracked 
|1224|0x000000079bc00000, 0x000000079bdfffe8, 0x000000079be00000| 99%| O|  |TAMS 0x000000079bc00000| PB 0x000000079bc00000| Untracked 
|1225|0x000000079be00000, 0x000000079bfffff8, 0x000000079c000000| 99%| O|  |TAMS 0x000000079be00000| PB 0x000000079be00000| Untracked 
|1226|0x000000079c000000, 0x000000079c1ffff8, 0x000000079c200000| 99%| O|  |TAMS 0x000000079c000000| PB 0x000000079c000000| Untracked 
|1227|0x000000079c200000, 0x000000079c3fffd8, 0x000000079c400000| 99%| O|  |TAMS 0x000000079c200000| PB 0x000000079c200000| Untracked 
|1228|0x000000079c400000, 0x000000079c600000, 0x000000079c600000|100%| O|  |TAMS 0x000000079c400000| PB 0x000000079c400000| Untracked 
|1229|0x000000079c600000, 0x000000079c7ffff0, 0x000000079c800000| 99%| O|  |TAMS 0x000000079c600000| PB 0x000000079c600000| Untracked 
|1230|0x000000079c800000, 0x000000079c9ffff0, 0x000000079ca00000| 99%| O|  |TAMS 0x000000079c800000| PB 0x000000079c800000| Untracked 
|1231|0x000000079ca00000, 0x000000079cbffff0, 0x000000079cc00000| 99%| O|  |TAMS 0x000000079ca00000| PB 0x000000079ca00000| Untracked 
|1232|0x000000079cc00000, 0x000000079cdffff8, 0x000000079ce00000| 99%| O|  |TAMS 0x000000079cc00000| PB 0x000000079cc00000| Untracked 
|1233|0x000000079ce00000, 0x000000079cfffff0, 0x000000079d000000| 99%| O|  |TAMS 0x000000079ce00000| PB 0x000000079ce00000| Untracked 
|1234|0x000000079d000000, 0x000000079d1fffe8, 0x000000079d200000| 99%| O|  |TAMS 0x000000079d000000| PB 0x000000079d000000| Untracked 
|1235|0x000000079d200000, 0x000000079d3ffff8, 0x000000079d400000| 99%| O|  |TAMS 0x000000079d200000| PB 0x000000079d200000| Untracked 
|1236|0x000000079d400000, 0x000000079d600000, 0x000000079d600000|100%| O|  |TAMS 0x000000079d400000| PB 0x000000079d400000| Untracked 
|1237|0x000000079d600000, 0x000000079d7ffff8, 0x000000079d800000| 99%| O|  |TAMS 0x000000079d600000| PB 0x000000079d600000| Untracked 
|1238|0x000000079d800000, 0x000000079d9ffff8, 0x000000079da00000| 99%| O|  |TAMS 0x000000079d800000| PB 0x000000079d800000| Untracked 
|1239|0x000000079da00000, 0x000000079dbffff8, 0x000000079dc00000| 99%| O|  |TAMS 0x000000079da00000| PB 0x000000079da00000| Untracked 
|1240|0x000000079dc00000, 0x000000079de00000, 0x000000079de00000|100%| O|  |TAMS 0x000000079dc00000| PB 0x000000079dc00000| Untracked 
|1241|0x000000079de00000, 0x000000079dffffe0, 0x000000079e000000| 99%| O|  |TAMS 0x000000079de00000| PB 0x000000079de00000| Untracked 
|1242|0x000000079e000000, 0x000000079e1ffff8, 0x000000079e200000| 99%| O|  |TAMS 0x000000079e000000| PB 0x000000079e000000| Untracked 
|1243|0x000000079e200000, 0x000000079e3fffd8, 0x000000079e400000| 99%| O|  |TAMS 0x000000079e200000| PB 0x000000079e200000| Untracked 
|1244|0x000000079e400000, 0x000000079e600000, 0x000000079e600000|100%| O|  |TAMS 0x000000079e400000| PB 0x000000079e400000| Untracked 
|1245|0x000000079e600000, 0x000000079e7ffff8, 0x000000079e800000| 99%| O|  |TAMS 0x000000079e600000| PB 0x000000079e600000| Untracked 
|1246|0x000000079e800000, 0x000000079e9ffff0, 0x000000079ea00000| 99%| O|  |TAMS 0x000000079e800000| PB 0x000000079e800000| Untracked 
|1247|0x000000079ea00000, 0x000000079ec00000, 0x000000079ec00000|100%| O|  |TAMS 0x000000079ea00000| PB 0x000000079ea00000| Untracked 
|1248|0x000000079ec00000, 0x000000079edffff0, 0x000000079ee00000| 99%| O|  |TAMS 0x000000079ec00000| PB 0x000000079ec00000| Untracked 
|1249|0x000000079ee00000, 0x000000079efffff8, 0x000000079f000000| 99%| O|  |TAMS 0x000000079ee00000| PB 0x000000079ee00000| Untracked 
|1250|0x000000079f000000, 0x000000079f1fffe8, 0x000000079f200000| 99%| O|  |TAMS 0x000000079f000000| PB 0x000000079f000000| Untracked 
|1251|0x000000079f200000, 0x000000079f3ffff8, 0x000000079f400000| 99%| O|  |TAMS 0x000000079f200000| PB 0x000000079f200000| Untracked 
|1252|0x000000079f400000, 0x000000079f5ffff0, 0x000000079f600000| 99%| O|  |TAMS 0x000000079f400000| PB 0x000000079f400000| Untracked 
|1253|0x000000079f600000, 0x000000079f7ffff0, 0x000000079f800000| 99%| O|  |TAMS 0x000000079f600000| PB 0x000000079f600000| Untracked 
|1254|0x000000079f800000, 0x000000079f9ffff0, 0x000000079fa00000| 99%| O|  |TAMS 0x000000079f800000| PB 0x000000079f800000| Untracked 
|1255|0x000000079fa00000, 0x000000079fbfffd0, 0x000000079fc00000| 99%| O|  |TAMS 0x000000079fa00000| PB 0x000000079fa00000| Untracked 
|1256|0x000000079fc00000, 0x000000079fdffff8, 0x000000079fe00000| 99%| O|  |TAMS 0x000000079fc00000| PB 0x000000079fc00000| Untracked 
|1257|0x000000079fe00000, 0x000000079fffffe8, 0x00000007a0000000| 99%| O|  |TAMS 0x000000079fe00000| PB 0x000000079fe00000| Untracked 
|1258|0x00000007a0000000, 0x00000007a0200000, 0x00000007a0200000|100%| O|  |TAMS 0x00000007a0000000| PB 0x00000007a0000000| Untracked 
|1259|0x00000007a0200000, 0x00000007a0400000, 0x00000007a0400000|100%| O|  |TAMS 0x00000007a0200000| PB 0x00000007a0200000| Untracked 
|1260|0x00000007a0400000, 0x00000007a05fffd8, 0x00000007a0600000| 99%| O|  |TAMS 0x00000007a0400000| PB 0x00000007a0400000| Untracked 
|1261|0x00000007a0600000, 0x00000007a0800000, 0x00000007a0800000|100%| O|  |TAMS 0x00000007a0600000| PB 0x00000007a0600000| Untracked 
|1262|0x00000007a0800000, 0x00000007a09ffff0, 0x00000007a0a00000| 99%| O|  |TAMS 0x00000007a0800000| PB 0x00000007a0800000| Untracked 
|1263|0x00000007a0a00000, 0x00000007a0bffff0, 0x00000007a0c00000| 99%| O|  |TAMS 0x00000007a0a00000| PB 0x00000007a0a00000| Untracked 
|1264|0x00000007a0c00000, 0x00000007a0dffff8, 0x00000007a0e00000| 99%| O|  |TAMS 0x00000007a0c00000| PB 0x00000007a0c00000| Untracked 
|1265|0x00000007a0e00000, 0x00000007a0fffff8, 0x00000007a1000000| 99%| O|  |TAMS 0x00000007a0e00000| PB 0x00000007a0e00000| Untracked 
|1266|0x00000007a1000000, 0x00000007a1200000, 0x00000007a1200000|100%| O|  |TAMS 0x00000007a1000000| PB 0x00000007a1000000| Untracked 
|1267|0x00000007a1200000, 0x00000007a13ffff0, 0x00000007a1400000| 99%| O|  |TAMS 0x00000007a1200000| PB 0x00000007a1200000| Untracked 
|1268|0x00000007a1400000, 0x00000007a15ffff0, 0x00000007a1600000| 99%| O|  |TAMS 0x00000007a1400000| PB 0x00000007a1400000| Untracked 
|1269|0x00000007a1600000, 0x00000007a1800000, 0x00000007a1800000|100%| O|  |TAMS 0x00000007a1600000| PB 0x00000007a1600000| Untracked 
|1270|0x00000007a1800000, 0x00000007a19fffe8, 0x00000007a1a00000| 99%| O|  |TAMS 0x00000007a1800000| PB 0x00000007a1800000| Untracked 
|1271|0x00000007a1a00000, 0x00000007a1bfffe8, 0x00000007a1c00000| 99%| O|  |TAMS 0x00000007a1a00000| PB 0x00000007a1a00000| Untracked 
|1272|0x00000007a1c00000, 0x00000007a1dfffd8, 0x00000007a1e00000| 99%| O|  |TAMS 0x00000007a1c00000| PB 0x00000007a1c00000| Untracked 
|1273|0x00000007a1e00000, 0x00000007a1fffff8, 0x00000007a2000000| 99%| O|  |TAMS 0x00000007a1e00000| PB 0x00000007a1e00000| Untracked 
|1274|0x00000007a2000000, 0x00000007a21ffff0, 0x00000007a2200000| 99%| O|  |TAMS 0x00000007a2000000| PB 0x00000007a2000000| Untracked 
|1275|0x00000007a2200000, 0x00000007a2400000, 0x00000007a2400000|100%| O|  |TAMS 0x00000007a2200000| PB 0x00000007a2200000| Untracked 
|1276|0x00000007a2400000, 0x00000007a25ffff0, 0x00000007a2600000| 99%| O|  |TAMS 0x00000007a2400000| PB 0x00000007a2400000| Untracked 
|1277|0x00000007a2600000, 0x00000007a27fffe8, 0x00000007a2800000| 99%| O|  |TAMS 0x00000007a2600000| PB 0x00000007a2600000| Untracked 
|1278|0x00000007a2800000, 0x00000007a2a00000, 0x00000007a2a00000|100%| O|  |TAMS 0x00000007a2800000| PB 0x00000007a2800000| Untracked 
|1279|0x00000007a2a00000, 0x00000007a2c00000, 0x00000007a2c00000|100%| O|  |TAMS 0x00000007a2a00000| PB 0x00000007a2a00000| Untracked 
|1280|0x00000007a2c00000, 0x00000007a2e00000, 0x00000007a2e00000|100%| O|  |TAMS 0x00000007a2c00000| PB 0x00000007a2c00000| Untracked 
|1281|0x00000007a2e00000, 0x00000007a3000000, 0x00000007a3000000|100%| O|  |TAMS 0x00000007a2e00000| PB 0x00000007a2e00000| Untracked 
|1282|0x00000007a3000000, 0x00000007a31ffff8, 0x00000007a3200000| 99%| O|  |TAMS 0x00000007a3000000| PB 0x00000007a3000000| Untracked 
|1283|0x00000007a3200000, 0x00000007a33fffe0, 0x00000007a3400000| 99%| O|  |TAMS 0x00000007a3200000| PB 0x00000007a3200000| Untracked 
|1284|0x00000007a3400000, 0x00000007a3600000, 0x00000007a3600000|100%| O|  |TAMS 0x00000007a3400000| PB 0x00000007a3400000| Untracked 
|1285|0x00000007a3600000, 0x00000007a3800000, 0x00000007a3800000|100%| O|  |TAMS 0x00000007a3600000| PB 0x00000007a3600000| Untracked 
|1286|0x00000007a3800000, 0x00000007a3a00000, 0x00000007a3a00000|100%| O|  |TAMS 0x00000007a3800000| PB 0x00000007a3800000| Untracked 
|1287|0x00000007a3a00000, 0x00000007a3bfffe0, 0x00000007a3c00000| 99%| O|  |TAMS 0x00000007a3a00000| PB 0x00000007a3a00000| Untracked 
|1288|0x00000007a3c00000, 0x00000007a3dfffe0, 0x00000007a3e00000| 99%| O|  |TAMS 0x00000007a3c00000| PB 0x00000007a3c00000| Untracked 
|1289|0x00000007a3e00000, 0x00000007a4000000, 0x00000007a4000000|100%| O|  |TAMS 0x00000007a3e00000| PB 0x00000007a3e00000| Untracked 
|1290|0x00000007a4000000, 0x00000007a41ffff0, 0x00000007a4200000| 99%| O|  |TAMS 0x00000007a4000000| PB 0x00000007a4000000| Untracked 
|1291|0x00000007a4200000, 0x00000007a43fffe8, 0x00000007a4400000| 99%| O|  |TAMS 0x00000007a4200000| PB 0x00000007a4200000| Untracked 
|1292|0x00000007a4400000, 0x00000007a45fffe8, 0x00000007a4600000| 99%| O|  |TAMS 0x00000007a4400000| PB 0x00000007a4400000| Untracked 
|1293|0x00000007a4600000, 0x00000007a47ffff8, 0x00000007a4800000| 99%| O|  |TAMS 0x00000007a4600000| PB 0x00000007a4600000| Untracked 
|1294|0x00000007a4800000, 0x00000007a49ffff0, 0x00000007a4a00000| 99%| O|  |TAMS 0x00000007a4800000| PB 0x00000007a4800000| Untracked 
|1295|0x00000007a4a00000, 0x00000007a4bfffe8, 0x00000007a4c00000| 99%| O|  |TAMS 0x00000007a4a00000| PB 0x00000007a4a00000| Untracked 
|1296|0x00000007a4c00000, 0x00000007a4e00000, 0x00000007a4e00000|100%| O|  |TAMS 0x00000007a4c00000| PB 0x00000007a4c00000| Untracked 
|1297|0x00000007a4e00000, 0x00000007a4fffff0, 0x00000007a5000000| 99%| O|  |TAMS 0x00000007a4e00000| PB 0x00000007a4e00000| Untracked 
|1298|0x00000007a5000000, 0x00000007a5200000, 0x00000007a5200000|100%| O|  |TAMS 0x00000007a5000000| PB 0x00000007a5000000| Untracked 
|1299|0x00000007a5200000, 0x00000007a53ffff8, 0x00000007a5400000| 99%| O|  |TAMS 0x00000007a5200000| PB 0x00000007a5200000| Untracked 
|1300|0x00000007a5400000, 0x00000007a55ffff0, 0x00000007a5600000| 99%| O|  |TAMS 0x00000007a5400000| PB 0x00000007a5400000| Untracked 
|1301|0x00000007a5600000, 0x00000007a57ffff8, 0x00000007a5800000| 99%| O|  |TAMS 0x00000007a5600000| PB 0x00000007a5600000| Untracked 
|1302|0x00000007a5800000, 0x00000007a59fffe8, 0x00000007a5a00000| 99%| O|  |TAMS 0x00000007a5800000| PB 0x00000007a5800000| Untracked 
|1303|0x00000007a5a00000, 0x00000007a5bffff0, 0x00000007a5c00000| 99%| O|  |TAMS 0x00000007a5a00000| PB 0x00000007a5a00000| Untracked 
|1304|0x00000007a5c00000, 0x00000007a5dfffe8, 0x00000007a5e00000| 99%| O|  |TAMS 0x00000007a5c00000| PB 0x00000007a5c00000| Untracked 
|1305|0x00000007a5e00000, 0x00000007a5fffff8, 0x00000007a6000000| 99%| O|  |TAMS 0x00000007a5e00000| PB 0x00000007a5e00000| Untracked 
|1306|0x00000007a6000000, 0x00000007a61ffff0, 0x00000007a6200000| 99%| O|  |TAMS 0x00000007a6000000| PB 0x00000007a6000000| Untracked 
|1307|0x00000007a6200000, 0x00000007a6400000, 0x00000007a6400000|100%| O|  |TAMS 0x00000007a6200000| PB 0x00000007a6200000| Untracked 
|1308|0x00000007a6400000, 0x00000007a6600000, 0x00000007a6600000|100%| O|  |TAMS 0x00000007a6400000| PB 0x00000007a6400000| Untracked 
|1309|0x00000007a6600000, 0x00000007a6800000, 0x00000007a6800000|100%| O|  |TAMS 0x00000007a6600000| PB 0x00000007a6600000| Untracked 
|1310|0x00000007a6800000, 0x00000007a69ffff0, 0x00000007a6a00000| 99%| O|  |TAMS 0x00000007a6800000| PB 0x00000007a6800000| Untracked 
|1311|0x00000007a6a00000, 0x00000007a6bffff0, 0x00000007a6c00000| 99%| O|  |TAMS 0x00000007a6a00000| PB 0x00000007a6a00000| Untracked 
|1312|0x00000007a6c00000, 0x00000007a6e00000, 0x00000007a6e00000|100%| O|  |TAMS 0x00000007a6c00000| PB 0x00000007a6c00000| Untracked 
|1313|0x00000007a6e00000, 0x00000007a7000000, 0x00000007a7000000|100%| O|  |TAMS 0x00000007a6e00000| PB 0x00000007a6e00000| Untracked 
|1314|0x00000007a7000000, 0x00000007a7200000, 0x00000007a7200000|100%| O|  |TAMS 0x00000007a7000000| PB 0x00000007a7000000| Untracked 
|1315|0x00000007a7200000, 0x00000007a73ffff8, 0x00000007a7400000| 99%| O|  |TAMS 0x00000007a7200000| PB 0x00000007a7200000| Untracked 
|1316|0x00000007a7400000, 0x00000007a75ffff8, 0x00000007a7600000| 99%| O|  |TAMS 0x00000007a7400000| PB 0x00000007a7400000| Untracked 
|1317|0x00000007a7600000, 0x00000007a77fffe0, 0x00000007a7800000| 99%| O|  |TAMS 0x00000007a7600000| PB 0x00000007a7600000| Untracked 
|1318|0x00000007a7800000, 0x00000007a79fffe8, 0x00000007a7a00000| 99%| O|  |TAMS 0x00000007a7800000| PB 0x00000007a7800000| Untracked 
|1319|0x00000007a7a00000, 0x00000007a7bfffe8, 0x00000007a7c00000| 99%| O|  |TAMS 0x00000007a7a00000| PB 0x00000007a7a00000| Untracked 
|1320|0x00000007a7c00000, 0x00000007a7e00000, 0x00000007a7e00000|100%| O|  |TAMS 0x00000007a7c00000| PB 0x00000007a7c00000| Untracked 
|1321|0x00000007a7e00000, 0x00000007a7ffffe0, 0x00000007a8000000| 99%| O|  |TAMS 0x00000007a7e00000| PB 0x00000007a7e00000| Untracked 
|1322|0x00000007a8000000, 0x00000007a81ffff0, 0x00000007a8200000| 99%| O|  |TAMS 0x00000007a8000000| PB 0x00000007a8000000| Untracked 
|1323|0x00000007a8200000, 0x00000007a8400000, 0x00000007a8400000|100%| O|  |TAMS 0x00000007a8200000| PB 0x00000007a8200000| Untracked 
|1324|0x00000007a8400000, 0x00000007a85fffe8, 0x00000007a8600000| 99%| O|  |TAMS 0x00000007a8400000| PB 0x00000007a8400000| Untracked 
|1325|0x00000007a8600000, 0x00000007a87ffff8, 0x00000007a8800000| 99%| O|  |TAMS 0x00000007a8600000| PB 0x00000007a8600000| Untracked 
|1326|0x00000007a8800000, 0x00000007a89fffd0, 0x00000007a8a00000| 99%| O|  |TAMS 0x00000007a8800000| PB 0x00000007a8800000| Untracked 
|1327|0x00000007a8a00000, 0x00000007a8bffff8, 0x00000007a8c00000| 99%| O|  |TAMS 0x00000007a8a00000| PB 0x00000007a8a00000| Untracked 
|1328|0x00000007a8c00000, 0x00000007a8dffff0, 0x00000007a8e00000| 99%| O|  |TAMS 0x00000007a8c00000| PB 0x00000007a8c00000| Untracked 
|1329|0x00000007a8e00000, 0x00000007a8ffffd0, 0x00000007a9000000| 99%| O|  |TAMS 0x00000007a8e00000| PB 0x00000007a8e00000| Untracked 
|1330|0x00000007a9000000, 0x00000007a91ffff0, 0x00000007a9200000| 99%| O|  |TAMS 0x00000007a9000000| PB 0x00000007a9000000| Untracked 
|1331|0x00000007a9200000, 0x00000007a93fffd0, 0x00000007a9400000| 99%| O|  |TAMS 0x00000007a9200000| PB 0x00000007a9200000| Untracked 
|1332|0x00000007a9400000, 0x00000007a95ffff8, 0x00000007a9600000| 99%| O|  |TAMS 0x00000007a9400000| PB 0x00000007a9400000| Untracked 
|1333|0x00000007a9600000, 0x00000007a97ffff8, 0x00000007a9800000| 99%| O|  |TAMS 0x00000007a9600000| PB 0x00000007a9600000| Untracked 
|1334|0x00000007a9800000, 0x00000007a99fffe0, 0x00000007a9a00000| 99%| O|  |TAMS 0x00000007a9800000| PB 0x00000007a9800000| Untracked 
|1335|0x00000007a9a00000, 0x00000007a9bffff8, 0x00000007a9c00000| 99%| O|  |TAMS 0x00000007a9a00000| PB 0x00000007a9a00000| Untracked 
|1336|0x00000007a9c00000, 0x00000007a9dfffe8, 0x00000007a9e00000| 99%| O|  |TAMS 0x00000007a9c00000| PB 0x00000007a9c00000| Untracked 
|1337|0x00000007a9e00000, 0x00000007aa000000, 0x00000007aa000000|100%| O|  |TAMS 0x00000007a9e00000| PB 0x00000007a9e00000| Untracked 
|1338|0x00000007aa000000, 0x00000007aa1fffe0, 0x00000007aa200000| 99%| O|  |TAMS 0x00000007aa000000| PB 0x00000007aa000000| Untracked 
|1339|0x00000007aa200000, 0x00000007aa3ffff8, 0x00000007aa400000| 99%| O|  |TAMS 0x00000007aa200000| PB 0x00000007aa200000| Untracked 
|1340|0x00000007aa400000, 0x00000007aa5ffff8, 0x00000007aa600000| 99%| O|  |TAMS 0x00000007aa400000| PB 0x00000007aa400000| Untracked 
|1341|0x00000007aa600000, 0x00000007aa7fffe8, 0x00000007aa800000| 99%| O|  |TAMS 0x00000007aa600000| PB 0x00000007aa600000| Untracked 
|1342|0x00000007aa800000, 0x00000007aa9fffe0, 0x00000007aaa00000| 99%| O|  |TAMS 0x00000007aa800000| PB 0x00000007aa800000| Untracked 
|1343|0x00000007aaa00000, 0x00000007aac00000, 0x00000007aac00000|100%| O|  |TAMS 0x00000007aaa00000| PB 0x00000007aaa00000| Untracked 
|1344|0x00000007aac00000, 0x00000007aadffff0, 0x00000007aae00000| 99%| O|  |TAMS 0x00000007aac00000| PB 0x00000007aac00000| Untracked 
|1345|0x00000007aae00000, 0x00000007aafffff8, 0x00000007ab000000| 99%| O|  |TAMS 0x00000007aae00000| PB 0x00000007aae00000| Untracked 
|1346|0x00000007ab000000, 0x00000007ab200000, 0x00000007ab200000|100%| O|  |TAMS 0x00000007ab000000| PB 0x00000007ab000000| Untracked 
|1347|0x00000007ab200000, 0x00000007ab400000, 0x00000007ab400000|100%| O|  |TAMS 0x00000007ab200000| PB 0x00000007ab200000| Untracked 
|1348|0x00000007ab400000, 0x00000007ab5fffd8, 0x00000007ab600000| 99%| O|  |TAMS 0x00000007ab400000| PB 0x00000007ab400000| Untracked 
|1349|0x00000007ab600000, 0x00000007ab7fffe0, 0x00000007ab800000| 99%| O|  |TAMS 0x00000007ab600000| PB 0x00000007ab600000| Untracked 
|1350|0x00000007ab800000, 0x00000007ab9fffe8, 0x00000007aba00000| 99%| O|  |TAMS 0x00000007ab800000| PB 0x00000007ab800000| Untracked 
|1351|0x00000007aba00000, 0x00000007abc00000, 0x00000007abc00000|100%| O|  |TAMS 0x00000007aba00000| PB 0x00000007aba00000| Untracked 
|1352|0x00000007abc00000, 0x00000007abdfffe0, 0x00000007abe00000| 99%| O|  |TAMS 0x00000007abc00000| PB 0x00000007abc00000| Untracked 
|1353|0x00000007abe00000, 0x00000007abfffff0, 0x00000007ac000000| 99%| O|  |TAMS 0x00000007abe00000| PB 0x00000007abe00000| Untracked 
|1354|0x00000007ac000000, 0x00000007ac1ffff0, 0x00000007ac200000| 99%| O|  |TAMS 0x00000007ac000000| PB 0x00000007ac000000| Untracked 
|1355|0x00000007ac200000, 0x00000007ac3fffe8, 0x00000007ac400000| 99%| O|  |TAMS 0x00000007ac200000| PB 0x00000007ac200000| Untracked 
|1356|0x00000007ac400000, 0x00000007ac5ffff8, 0x00000007ac600000| 99%| O|  |TAMS 0x00000007ac400000| PB 0x00000007ac400000| Untracked 
|1357|0x00000007ac600000, 0x00000007ac7ffff0, 0x00000007ac800000| 99%| O|  |TAMS 0x00000007ac600000| PB 0x00000007ac600000| Untracked 
|1358|0x00000007ac800000, 0x00000007aca00000, 0x00000007aca00000|100%| O|  |TAMS 0x00000007ac800000| PB 0x00000007ac800000| Untracked 
|1359|0x00000007aca00000, 0x00000007acc00000, 0x00000007acc00000|100%| O|  |TAMS 0x00000007aca00000| PB 0x00000007aca00000| Untracked 
|1360|0x00000007acc00000, 0x00000007ace00000, 0x00000007ace00000|100%| O|  |TAMS 0x00000007acc00000| PB 0x00000007acc00000| Untracked 
|1361|0x00000007ace00000, 0x00000007acffffd0, 0x00000007ad000000| 99%| O|  |TAMS 0x00000007ace00000| PB 0x00000007ace00000| Untracked 
|1362|0x00000007ad000000, 0x00000007ad1fffe8, 0x00000007ad200000| 99%| O|  |TAMS 0x00000007ad000000| PB 0x00000007ad000000| Untracked 
|1363|0x00000007ad200000, 0x00000007ad400000, 0x00000007ad400000|100%| O|  |TAMS 0x00000007ad200000| PB 0x00000007ad200000| Untracked 
|1364|0x00000007ad400000, 0x00000007ad5fffe8, 0x00000007ad600000| 99%| O|  |TAMS 0x00000007ad400000| PB 0x00000007ad400000| Untracked 
|1365|0x00000007ad600000, 0x00000007ad7ffff0, 0x00000007ad800000| 99%| O|  |TAMS 0x00000007ad600000| PB 0x00000007ad600000| Untracked 
|1366|0x00000007ad800000, 0x00000007ad9ffff0, 0x00000007ada00000| 99%| O|  |TAMS 0x00000007ad800000| PB 0x00000007ad800000| Untracked 
|1367|0x00000007ada00000, 0x00000007adc00000, 0x00000007adc00000|100%| O|  |TAMS 0x00000007ada00000| PB 0x00000007ada00000| Untracked 
|1368|0x00000007adc00000, 0x00000007addffff0, 0x00000007ade00000| 99%| O|  |TAMS 0x00000007adc00000| PB 0x00000007adc00000| Untracked 
|1369|0x00000007ade00000, 0x00000007ae000000, 0x00000007ae000000|100%| O|  |TAMS 0x00000007ade00000| PB 0x00000007ade00000| Untracked 
|1370|0x00000007ae000000, 0x00000007ae1ffff8, 0x00000007ae200000| 99%| O|  |TAMS 0x00000007ae000000| PB 0x00000007ae000000| Untracked 
|1371|0x00000007ae200000, 0x00000007ae3ffff8, 0x00000007ae400000| 99%| O|  |TAMS 0x00000007ae200000| PB 0x00000007ae200000| Untracked 
|1372|0x00000007ae400000, 0x00000007ae5fffe8, 0x00000007ae600000| 99%| O|  |TAMS 0x00000007ae400000| PB 0x00000007ae400000| Untracked 
|1373|0x00000007ae600000, 0x00000007ae7ffff8, 0x00000007ae800000| 99%| O|  |TAMS 0x00000007ae600000| PB 0x00000007ae600000| Untracked 
|1374|0x00000007ae800000, 0x00000007aea00000, 0x00000007aea00000|100%| O|  |TAMS 0x00000007ae800000| PB 0x00000007ae800000| Untracked 
|1375|0x00000007aea00000, 0x00000007aec00000, 0x00000007aec00000|100%| O|  |TAMS 0x00000007aea00000| PB 0x00000007aea00000| Untracked 
|1376|0x00000007aec00000, 0x00000007aee00000, 0x00000007aee00000|100%| O|  |TAMS 0x00000007aec00000| PB 0x00000007aec00000| Untracked 
|1377|0x00000007aee00000, 0x00000007af000000, 0x00000007af000000|100%| O|  |TAMS 0x00000007aee00000| PB 0x00000007aee00000| Untracked 
|1378|0x00000007af000000, 0x00000007af1fffd8, 0x00000007af200000| 99%| O|  |TAMS 0x00000007af000000| PB 0x00000007af000000| Untracked 
|1379|0x00000007af200000, 0x00000007af3fffe0, 0x00000007af400000| 99%| O|  |TAMS 0x00000007af200000| PB 0x00000007af200000| Untracked 
|1380|0x00000007af400000, 0x00000007af5ffff0, 0x00000007af600000| 99%| O|  |TAMS 0x00000007af400000| PB 0x00000007af400000| Untracked 
|1381|0x00000007af600000, 0x00000007af7ffff0, 0x00000007af800000| 99%| O|  |TAMS 0x00000007af600000| PB 0x00000007af600000| Untracked 
|1382|0x00000007af800000, 0x00000007af9ffff8, 0x00000007afa00000| 99%| O|  |TAMS 0x00000007af800000| PB 0x00000007af800000| Untracked 
|1383|0x00000007afa00000, 0x00000007afbffff0, 0x00000007afc00000| 99%| O|  |TAMS 0x00000007afa00000| PB 0x00000007afa00000| Untracked 
|1384|0x00000007afc00000, 0x00000007afdffff8, 0x00000007afe00000| 99%| O|  |TAMS 0x00000007afc00000| PB 0x00000007afc00000| Untracked 
|1385|0x00000007afe00000, 0x00000007affffff8, 0x00000007b0000000| 99%| O|  |TAMS 0x00000007afe00000| PB 0x00000007afe00000| Untracked 
|1386|0x00000007b0000000, 0x00000007b01fffe0, 0x00000007b0200000| 99%| O|  |TAMS 0x00000007b0000000| PB 0x00000007b0000000| Untracked 
|1387|0x00000007b0200000, 0x00000007b0400000, 0x00000007b0400000|100%| O|  |TAMS 0x00000007b0200000| PB 0x00000007b0200000| Untracked 
|1388|0x00000007b0400000, 0x00000007b0600000, 0x00000007b0600000|100%| O|  |TAMS 0x00000007b0400000| PB 0x00000007b0400000| Untracked 
|1389|0x00000007b0600000, 0x00000007b07ffff8, 0x00000007b0800000| 99%| O|  |TAMS 0x00000007b0600000| PB 0x00000007b0600000| Untracked 
|1390|0x00000007b0800000, 0x00000007b0a00000, 0x00000007b0a00000|100%| O|  |TAMS 0x00000007b0800000| PB 0x00000007b0800000| Untracked 
|1391|0x00000007b0a00000, 0x00000007b0bfffe0, 0x00000007b0c00000| 99%| O|  |TAMS 0x00000007b0a00000| PB 0x00000007b0a00000| Untracked 
|1392|0x00000007b0c00000, 0x00000007b0dffff0, 0x00000007b0e00000| 99%| O|  |TAMS 0x00000007b0c00000| PB 0x00000007b0c00000| Untracked 
|1393|0x00000007b0e00000, 0x00000007b0fffff8, 0x00000007b1000000| 99%| O|  |TAMS 0x00000007b0e00000| PB 0x00000007b0e00000| Untracked 
|1394|0x00000007b1000000, 0x00000007b11ffff8, 0x00000007b1200000| 99%| O|  |TAMS 0x00000007b1000000| PB 0x00000007b1000000| Untracked 
|1395|0x00000007b1200000, 0x00000007b13fffe0, 0x00000007b1400000| 99%| O|  |TAMS 0x00000007b1200000| PB 0x00000007b1200000| Untracked 
|1396|0x00000007b1400000, 0x00000007b1600000, 0x00000007b1600000|100%| O|  |TAMS 0x00000007b1400000| PB 0x00000007b1400000| Untracked 
|1397|0x00000007b1600000, 0x00000007b17ffff8, 0x00000007b1800000| 99%| O|  |TAMS 0x00000007b1600000| PB 0x00000007b1600000| Untracked 
|1398|0x00000007b1800000, 0x00000007b1a00000, 0x00000007b1a00000|100%| O|  |TAMS 0x00000007b1800000| PB 0x00000007b1800000| Untracked 
|1399|0x00000007b1a00000, 0x00000007b1bfffe8, 0x00000007b1c00000| 99%| O|  |TAMS 0x00000007b1a00000| PB 0x00000007b1a00000| Untracked 
|1400|0x00000007b1c00000, 0x00000007b1dffff0, 0x00000007b1e00000| 99%| O|  |TAMS 0x00000007b1c00000| PB 0x00000007b1c00000| Untracked 
|1401|0x00000007b1e00000, 0x00000007b2000000, 0x00000007b2000000|100%| O|  |TAMS 0x00000007b1e00000| PB 0x00000007b1e00000| Untracked 
|1402|0x00000007b2000000, 0x00000007b21ffff8, 0x00000007b2200000| 99%| O|  |TAMS 0x00000007b2000000| PB 0x00000007b2000000| Untracked 
|1403|0x00000007b2200000, 0x00000007b2400000, 0x00000007b2400000|100%| O|  |TAMS 0x00000007b2200000| PB 0x00000007b2200000| Untracked 
|1404|0x00000007b2400000, 0x00000007b2600000, 0x00000007b2600000|100%| O|  |TAMS 0x00000007b2400000| PB 0x00000007b2400000| Untracked 
|1405|0x00000007b2600000, 0x00000007b27ffff8, 0x00000007b2800000| 99%| O|  |TAMS 0x00000007b2600000| PB 0x00000007b2600000| Untracked 
|1406|0x00000007b2800000, 0x00000007b29fffd8, 0x00000007b2a00000| 99%| O|  |TAMS 0x00000007b2800000| PB 0x00000007b2800000| Untracked 
|1407|0x00000007b2a00000, 0x00000007b2bffff8, 0x00000007b2c00000| 99%| O|  |TAMS 0x00000007b2a00000| PB 0x00000007b2a00000| Untracked 
|1408|0x00000007b2c00000, 0x00000007b2e00000, 0x00000007b2e00000|100%| O|  |TAMS 0x00000007b2c00000| PB 0x00000007b2c00000| Untracked 
|1409|0x00000007b2e00000, 0x00000007b3000000, 0x00000007b3000000|100%| O|  |TAMS 0x00000007b2e00000| PB 0x00000007b2e00000| Untracked 
|1410|0x00000007b3000000, 0x00000007b3200000, 0x00000007b3200000|100%| O|  |TAMS 0x00000007b3000000| PB 0x00000007b3000000| Untracked 
|1411|0x00000007b3200000, 0x00000007b3400000, 0x00000007b3400000|100%| O|  |TAMS 0x00000007b3200000| PB 0x00000007b3200000| Untracked 
|1412|0x00000007b3400000, 0x00000007b3600000, 0x00000007b3600000|100%| O|  |TAMS 0x00000007b3400000| PB 0x00000007b3400000| Untracked 
|1413|0x00000007b3600000, 0x00000007b37ffff0, 0x00000007b3800000| 99%| O|  |TAMS 0x00000007b3600000| PB 0x00000007b3600000| Untracked 
|1414|0x00000007b3800000, 0x00000007b39fffd8, 0x00000007b3a00000| 99%| O|  |TAMS 0x00000007b3800000| PB 0x00000007b3800000| Untracked 
|1415|0x00000007b3a00000, 0x00000007b3bffff8, 0x00000007b3c00000| 99%| O|  |TAMS 0x00000007b3a00000| PB 0x00000007b3a00000| Untracked 
|1416|0x00000007b3c00000, 0x00000007b3dffff0, 0x00000007b3e00000| 99%| O|  |TAMS 0x00000007b3c00000| PB 0x00000007b3c00000| Untracked 
|1417|0x00000007b3e00000, 0x00000007b3fffff0, 0x00000007b4000000| 99%| O|  |TAMS 0x00000007b3e00000| PB 0x00000007b3e00000| Untracked 
|1418|0x00000007b4000000, 0x00000007b41ffff0, 0x00000007b4200000| 99%| O|  |TAMS 0x00000007b4000000| PB 0x00000007b4000000| Untracked 
|1419|0x00000007b4200000, 0x00000007b43fffe0, 0x00000007b4400000| 99%| O|  |TAMS 0x00000007b4200000| PB 0x00000007b4200000| Untracked 
|1420|0x00000007b4400000, 0x00000007b45fffe0, 0x00000007b4600000| 99%| O|  |TAMS 0x00000007b4400000| PB 0x00000007b4400000| Untracked 
|1421|0x00000007b4600000, 0x00000007b47ffff0, 0x00000007b4800000| 99%| O|  |TAMS 0x00000007b4600000| PB 0x00000007b4600000| Untracked 
|1422|0x00000007b4800000, 0x00000007b49fffe8, 0x00000007b4a00000| 99%| O|  |TAMS 0x00000007b4800000| PB 0x00000007b4800000| Untracked 
|1423|0x00000007b4a00000, 0x00000007b4bffff8, 0x00000007b4c00000| 99%| O|  |TAMS 0x00000007b4a00000| PB 0x00000007b4a00000| Untracked 
|1424|0x00000007b4c00000, 0x00000007b4dffff0, 0x00000007b4e00000| 99%| O|  |TAMS 0x00000007b4c00000| PB 0x00000007b4c00000| Untracked 
|1425|0x00000007b4e00000, 0x00000007b4fffff8, 0x00000007b5000000| 99%| O|  |TAMS 0x00000007b4e00000| PB 0x00000007b4e00000| Untracked 
|1426|0x00000007b5000000, 0x00000007b51ffff0, 0x00000007b5200000| 99%| O|  |TAMS 0x00000007b5000000| PB 0x00000007b5000000| Untracked 
|1427|0x00000007b5200000, 0x00000007b53fffe0, 0x00000007b5400000| 99%| O|  |TAMS 0x00000007b5200000| PB 0x00000007b5200000| Untracked 
|1428|0x00000007b5400000, 0x00000007b55ffff8, 0x00000007b5600000| 99%| O|  |TAMS 0x00000007b5400000| PB 0x00000007b5400000| Untracked 
|1429|0x00000007b5600000, 0x00000007b57fffd8, 0x00000007b5800000| 99%| O|  |TAMS 0x00000007b5600000| PB 0x00000007b5600000| Untracked 
|1430|0x00000007b5800000, 0x00000007b59ffff8, 0x00000007b5a00000| 99%| O|  |TAMS 0x00000007b5800000| PB 0x00000007b5800000| Untracked 
|1431|0x00000007b5a00000, 0x00000007b5bffff0, 0x00000007b5c00000| 99%| O|  |TAMS 0x00000007b5a00000| PB 0x00000007b5a00000| Untracked 
|1432|0x00000007b5c00000, 0x00000007b5e00000, 0x00000007b5e00000|100%| O|  |TAMS 0x00000007b5c00000| PB 0x00000007b5c00000| Untracked 
|1433|0x00000007b5e00000, 0x00000007b6000000, 0x00000007b6000000|100%| O|  |TAMS 0x00000007b5e00000| PB 0x00000007b5e00000| Untracked 
|1434|0x00000007b6000000, 0x00000007b61fffe8, 0x00000007b6200000| 99%| O|  |TAMS 0x00000007b6000000| PB 0x00000007b6000000| Untracked 
|1435|0x00000007b6200000, 0x00000007b6400000, 0x00000007b6400000|100%| O|  |TAMS 0x00000007b6200000| PB 0x00000007b6200000| Untracked 
|1436|0x00000007b6400000, 0x00000007b65ffff8, 0x00000007b6600000| 99%| O|  |TAMS 0x00000007b6400000| PB 0x00000007b6400000| Untracked 
|1437|0x00000007b6600000, 0x00000007b67ffda0, 0x00000007b6800000| 99%| O|  |TAMS 0x00000007b6600000| PB 0x00000007b6600000| Untracked 
|1438|0x00000007b6800000, 0x00000007b6a00000, 0x00000007b6a00000|100%| O|  |TAMS 0x00000007b6800000| PB 0x00000007b6800000| Untracked 
|1439|0x00000007b6a00000, 0x00000007b6bffff8, 0x00000007b6c00000| 99%| O|  |TAMS 0x00000007b6a00000| PB 0x00000007b6a00000| Untracked 
|1440|0x00000007b6c00000, 0x00000007b6dfffe0, 0x00000007b6e00000| 99%| O|  |TAMS 0x00000007b6c00000| PB 0x00000007b6c00000| Untracked 
|1441|0x00000007b6e00000, 0x00000007b6fffff8, 0x00000007b7000000| 99%| O|  |TAMS 0x00000007b6e00000| PB 0x00000007b6e00000| Untracked 
|1442|0x00000007b7000000, 0x00000007b71ffff8, 0x00000007b7200000| 99%| O|  |TAMS 0x00000007b7000000| PB 0x00000007b7000000| Untracked 
|1443|0x00000007b7200000, 0x00000007b73fffe0, 0x00000007b7400000| 99%| O|  |TAMS 0x00000007b7200000| PB 0x00000007b7200000| Untracked 
|1444|0x00000007b7400000, 0x00000007b75fffe0, 0x00000007b7600000| 99%| O|  |TAMS 0x00000007b7400000| PB 0x00000007b7400000| Untracked 
|1445|0x00000007b7600000, 0x00000007b77fffe8, 0x00000007b7800000| 99%| O|  |TAMS 0x00000007b7600000| PB 0x00000007b7600000| Untracked 
|1446|0x00000007b7800000, 0x00000007b79ffff8, 0x00000007b7a00000| 99%| O|  |TAMS 0x00000007b7800000| PB 0x00000007b7800000| Untracked 
|1447|0x00000007b7a00000, 0x00000007b7bffff8, 0x00000007b7c00000| 99%| O|  |TAMS 0x00000007b7a00000| PB 0x00000007b7a00000| Untracked 
|1448|0x00000007b7c00000, 0x00000007b7dffff8, 0x00000007b7e00000| 99%| O|  |TAMS 0x00000007b7c00000| PB 0x00000007b7c00000| Untracked 
|1449|0x00000007b7e00000, 0x00000007b8000000, 0x00000007b8000000|100%| O|  |TAMS 0x00000007b7e00000| PB 0x00000007b7e00000| Untracked 
|1450|0x00000007b8000000, 0x00000007b81fffe8, 0x00000007b8200000| 99%| O|  |TAMS 0x00000007b8000000| PB 0x00000007b8000000| Untracked 
|1451|0x00000007b8200000, 0x00000007b8400000, 0x00000007b8400000|100%| O|  |TAMS 0x00000007b8200000| PB 0x00000007b8200000| Untracked 
|1452|0x00000007b8400000, 0x00000007b85ffff8, 0x00000007b8600000| 99%| O|  |TAMS 0x00000007b8400000| PB 0x00000007b8400000| Untracked 
|1453|0x00000007b8600000, 0x00000007b87ffff0, 0x00000007b8800000| 99%| O|  |TAMS 0x00000007b8600000| PB 0x00000007b8600000| Untracked 
|1454|0x00000007b8800000, 0x00000007b8a00000, 0x00000007b8a00000|100%| O|  |TAMS 0x00000007b8800000| PB 0x00000007b8800000| Untracked 
|1455|0x00000007b8a00000, 0x00000007b8c00000, 0x00000007b8c00000|100%| O|  |TAMS 0x00000007b8a00000| PB 0x00000007b8a00000| Untracked 
|1456|0x00000007b8c00000, 0x00000007b8e00000, 0x00000007b8e00000|100%| O|  |TAMS 0x00000007b8c00000| PB 0x00000007b8c00000| Untracked 
|1457|0x00000007b8e00000, 0x00000007b8fffff8, 0x00000007b9000000| 99%| O|  |TAMS 0x00000007b8e00000| PB 0x00000007b8e00000| Untracked 
|1458|0x00000007b9000000, 0x00000007b91ffff8, 0x00000007b9200000| 99%| O|  |TAMS 0x00000007b9000000| PB 0x00000007b9000000| Untracked 
|1459|0x00000007b9200000, 0x00000007b93fffe0, 0x00000007b9400000| 99%| O|  |TAMS 0x00000007b9200000| PB 0x00000007b9200000| Untracked 
|1460|0x00000007b9400000, 0x00000007b9600000, 0x00000007b9600000|100%| O|  |TAMS 0x00000007b9400000| PB 0x00000007b9400000| Untracked 
|1461|0x00000007b9600000, 0x00000007b9800000, 0x00000007b9800000|100%| O|  |TAMS 0x00000007b9600000| PB 0x00000007b9600000| Untracked 
|1462|0x00000007b9800000, 0x00000007b99ffff8, 0x00000007b9a00000| 99%| O|  |TAMS 0x00000007b9800000| PB 0x00000007b9800000| Untracked 
|1463|0x00000007b9a00000, 0x00000007b9bffff0, 0x00000007b9c00000| 99%| O|  |TAMS 0x00000007b9a00000| PB 0x00000007b9a00000| Untracked 
|1464|0x00000007b9c00000, 0x00000007b9dffff8, 0x00000007b9e00000| 99%| O|  |TAMS 0x00000007b9c00000| PB 0x00000007b9c00000| Untracked 
|1465|0x00000007b9e00000, 0x00000007b9fffff8, 0x00000007ba000000| 99%| O|  |TAMS 0x00000007b9e00000| PB 0x00000007b9e00000| Untracked 
|1466|0x00000007ba000000, 0x00000007ba1fffe8, 0x00000007ba200000| 99%| O|  |TAMS 0x00000007ba000000| PB 0x00000007ba000000| Untracked 
|1467|0x00000007ba200000, 0x00000007ba3ffff0, 0x00000007ba400000| 99%| O|  |TAMS 0x00000007ba200000| PB 0x00000007ba200000| Untracked 
|1468|0x00000007ba400000, 0x00000007ba5ffff0, 0x00000007ba600000| 99%| O|  |TAMS 0x00000007ba400000| PB 0x00000007ba400000| Untracked 
|1469|0x00000007ba600000, 0x00000007ba7ffff8, 0x00000007ba800000| 99%| O|  |TAMS 0x00000007ba600000| PB 0x00000007ba600000| Untracked 
|1470|0x00000007ba800000, 0x00000007ba9ffff0, 0x00000007baa00000| 99%| O|  |TAMS 0x00000007ba800000| PB 0x00000007ba800000| Untracked 
|1471|0x00000007baa00000, 0x00000007babffff0, 0x00000007bac00000| 99%| O|  |TAMS 0x00000007baa00000| PB 0x00000007baa00000| Untracked 
|1472|0x00000007bac00000, 0x00000007badffff8, 0x00000007bae00000| 99%| O|  |TAMS 0x00000007bac00000| PB 0x00000007bac00000| Untracked 
|1473|0x00000007bae00000, 0x00000007bb000000, 0x00000007bb000000|100%| O|  |TAMS 0x00000007bae00000| PB 0x00000007bae00000| Untracked 
|1474|0x00000007bb000000, 0x00000007bb1ffff8, 0x00000007bb200000| 99%| O|  |TAMS 0x00000007bb000000| PB 0x00000007bb000000| Untracked 
|1475|0x00000007bb200000, 0x00000007bb3ffff8, 0x00000007bb400000| 99%| O|  |TAMS 0x00000007bb200000| PB 0x00000007bb200000| Untracked 
|1476|0x00000007bb400000, 0x00000007bb5ffff8, 0x00000007bb600000| 99%| O|  |TAMS 0x00000007bb400000| PB 0x00000007bb400000| Untracked 
|1477|0x00000007bb600000, 0x00000007bb7ffff8, 0x00000007bb800000| 99%| O|  |TAMS 0x00000007bb600000| PB 0x00000007bb600000| Untracked 
|1478|0x00000007bb800000, 0x00000007bb9fffe0, 0x00000007bba00000| 99%| O|  |TAMS 0x00000007bb800000| PB 0x00000007bb800000| Untracked 
|1479|0x00000007bba00000, 0x00000007bbbffff8, 0x00000007bbc00000| 99%| O|  |TAMS 0x00000007bba00000| PB 0x00000007bba00000| Untracked 
|1480|0x00000007bbc00000, 0x00000007bbdfffe8, 0x00000007bbe00000| 99%| O|  |TAMS 0x00000007bbc00000| PB 0x00000007bbc00000| Untracked 
|1481|0x00000007bbe00000, 0x00000007bbffffd0, 0x00000007bc000000| 99%| O|  |TAMS 0x00000007bbe00000| PB 0x00000007bbe00000| Untracked 
|1482|0x00000007bc000000, 0x00000007bc1ffff0, 0x00000007bc200000| 99%| O|  |TAMS 0x00000007bc000000| PB 0x00000007bc000000| Untracked 
|1483|0x00000007bc200000, 0x00000007bc3fffe8, 0x00000007bc400000| 99%| O|  |TAMS 0x00000007bc200000| PB 0x00000007bc200000| Untracked 
|1484|0x00000007bc400000, 0x00000007bc5ffff8, 0x00000007bc600000| 99%| O|  |TAMS 0x00000007bc400000| PB 0x00000007bc400000| Untracked 
|1485|0x00000007bc600000, 0x00000007bc7ffff8, 0x00000007bc800000| 99%| O|  |TAMS 0x00000007bc600000| PB 0x00000007bc600000| Untracked 
|1486|0x00000007bc800000, 0x00000007bca00000, 0x00000007bca00000|100%| O|  |TAMS 0x00000007bc800000| PB 0x00000007bc800000| Untracked 
|1487|0x00000007bca00000, 0x00000007bcc00000, 0x00000007bcc00000|100%| O|  |TAMS 0x00000007bca00000| PB 0x00000007bca00000| Untracked 
|1488|0x00000007bcc00000, 0x00000007bcdffff0, 0x00000007bce00000| 99%| O|  |TAMS 0x00000007bcc00000| PB 0x00000007bcc00000| Untracked 
|1489|0x00000007bce00000, 0x00000007bd000000, 0x00000007bd000000|100%| O|  |TAMS 0x00000007bce00000| PB 0x00000007bce00000| Untracked 
|1490|0x00000007bd000000, 0x00000007bd1fffe0, 0x00000007bd200000| 99%| O|  |TAMS 0x00000007bd000000| PB 0x00000007bd000000| Untracked 
|1491|0x00000007bd200000, 0x00000007bd400000, 0x00000007bd400000|100%| O|  |TAMS 0x00000007bd200000| PB 0x00000007bd200000| Untracked 
|1492|0x00000007bd400000, 0x00000007bd5ffff8, 0x00000007bd600000| 99%| O|  |TAMS 0x00000007bd400000| PB 0x00000007bd400000| Untracked 
|1493|0x00000007bd600000, 0x00000007bd800000, 0x00000007bd800000|100%| O|  |TAMS 0x00000007bd600000| PB 0x00000007bd600000| Untracked 
|1494|0x00000007bd800000, 0x00000007bd9fffe0, 0x00000007bda00000| 99%| O|  |TAMS 0x00000007bd800000| PB 0x00000007bd800000| Untracked 
|1495|0x00000007bda00000, 0x00000007bdc00000, 0x00000007bdc00000|100%| O|  |TAMS 0x00000007bda00000| PB 0x00000007bda00000| Untracked 
|1496|0x00000007bdc00000, 0x00000007bde00000, 0x00000007bde00000|100%| O|  |TAMS 0x00000007bdc00000| PB 0x00000007bdc00000| Untracked 
|1497|0x00000007bde00000, 0x00000007bdfffff8, 0x00000007be000000| 99%| O|  |TAMS 0x00000007bde00000| PB 0x00000007bde00000| Untracked 
|1498|0x00000007be000000, 0x00000007be1fffe0, 0x00000007be200000| 99%| O|  |TAMS 0x00000007be000000| PB 0x00000007be000000| Untracked 
|1499|0x00000007be200000, 0x00000007be3fffd0, 0x00000007be400000| 99%| O|  |TAMS 0x00000007be200000| PB 0x00000007be200000| Untracked 
|1500|0x00000007be400000, 0x00000007be5ffff8, 0x00000007be600000| 99%| O|  |TAMS 0x00000007be400000| PB 0x00000007be400000| Untracked 
|1501|0x00000007be600000, 0x00000007be7ffff0, 0x00000007be800000| 99%| O|  |TAMS 0x00000007be600000| PB 0x00000007be600000| Untracked 
|1502|0x00000007be800000, 0x00000007bea00000, 0x00000007bea00000|100%| O|  |TAMS 0x00000007be800000| PB 0x00000007be800000| Untracked 
|1503|0x00000007bea00000, 0x00000007bec00000, 0x00000007bec00000|100%| O|  |TAMS 0x00000007bea00000| PB 0x00000007bea00000| Untracked 
|1504|0x00000007bec00000, 0x00000007bedffff0, 0x00000007bee00000| 99%| O|  |TAMS 0x00000007bec00000| PB 0x00000007bec00000| Untracked 
|1505|0x00000007bee00000, 0x00000007bf000000, 0x00000007bf000000|100%| O|  |TAMS 0x00000007bee00000| PB 0x00000007bee00000| Untracked 
|1506|0x00000007bf000000, 0x00000007bf200000, 0x00000007bf200000|100%| O|  |TAMS 0x00000007bf000000| PB 0x00000007bf000000| Untracked 
|1507|0x00000007bf200000, 0x00000007bf3fffe8, 0x00000007bf400000| 99%| O|  |TAMS 0x00000007bf200000| PB 0x00000007bf200000| Untracked 
|1508|0x00000007bf400000, 0x00000007bf5ffff0, 0x00000007bf600000| 99%| O|  |TAMS 0x00000007bf400000| PB 0x00000007bf400000| Untracked 
|1509|0x00000007bf600000, 0x00000007bf800000, 0x00000007bf800000|100%| O|  |TAMS 0x00000007bf600000| PB 0x00000007bf600000| Untracked 
|1510|0x00000007bf800000, 0x00000007bf9fffe8, 0x00000007bfa00000| 99%| O|  |TAMS 0x00000007bf800000| PB 0x00000007bf800000| Untracked 
|1511|0x00000007bfa00000, 0x00000007bfbffff8, 0x00000007bfc00000| 99%| O|  |TAMS 0x00000007bfa00000| PB 0x00000007bfa00000| Untracked 
|1512|0x00000007bfc00000, 0x00000007bfdfffd0, 0x00000007bfe00000| 99%| O|  |TAMS 0x00000007bfc00000| PB 0x00000007bfc00000| Untracked 
|1513|0x00000007bfe00000, 0x00000007c0000000, 0x00000007c0000000|100%| O|  |TAMS 0x00000007bfe00000| PB 0x00000007bfe00000| Untracked 
|1514|0x00000007c0000000, 0x00000007c01ffff0, 0x00000007c0200000| 99%| O|  |TAMS 0x00000007c0000000| PB 0x00000007c0000000| Untracked 
|1515|0x00000007c0200000, 0x00000007c0400000, 0x00000007c0400000|100%| O|  |TAMS 0x00000007c0200000| PB 0x00000007c0200000| Untracked 
|1516|0x00000007c0400000, 0x00000007c0600000, 0x00000007c0600000|100%| O|  |TAMS 0x00000007c0400000| PB 0x00000007c0400000| Untracked 
|1517|0x00000007c0600000, 0x00000007c07ffff8, 0x00000007c0800000| 99%| O|  |TAMS 0x00000007c0600000| PB 0x00000007c0600000| Untracked 
|1518|0x00000007c0800000, 0x00000007c09fffe8, 0x00000007c0a00000| 99%| O|  |TAMS 0x00000007c0800000| PB 0x00000007c0800000| Untracked 
|1519|0x00000007c0a00000, 0x00000007c0bffff8, 0x00000007c0c00000| 99%| O|  |TAMS 0x00000007c0a00000| PB 0x00000007c0a00000| Untracked 
|1520|0x00000007c0c00000, 0x00000007c0dffff0, 0x00000007c0e00000| 99%| O|  |TAMS 0x00000007c0c00000| PB 0x00000007c0c00000| Untracked 
|1521|0x00000007c0e00000, 0x00000007c0ffffe0, 0x00000007c1000000| 99%| O|  |TAMS 0x00000007c0e00000| PB 0x00000007c0e00000| Untracked 
|1522|0x00000007c1000000, 0x00000007c1200000, 0x00000007c1200000|100%| O|  |TAMS 0x00000007c1000000| PB 0x00000007c1000000| Untracked 
|1523|0x00000007c1200000, 0x00000007c13fffd0, 0x00000007c1400000| 99%| O|  |TAMS 0x00000007c1200000| PB 0x00000007c1200000| Untracked 
|1524|0x00000007c1400000, 0x00000007c15fffe8, 0x00000007c1600000| 99%| O|  |TAMS 0x00000007c1400000| PB 0x00000007c1400000| Untracked 
|1525|0x00000007c1600000, 0x00000007c17ffff8, 0x00000007c1800000| 99%| O|  |TAMS 0x00000007c1600000| PB 0x00000007c1600000| Untracked 
|1526|0x00000007c1800000, 0x00000007c1a00000, 0x00000007c1a00000|100%| O|  |TAMS 0x00000007c1800000| PB 0x00000007c1800000| Untracked 
|1527|0x00000007c1a00000, 0x00000007c1bffff8, 0x00000007c1c00000| 99%| O|  |TAMS 0x00000007c1a00000| PB 0x00000007c1a00000| Untracked 
|1528|0x00000007c1c00000, 0x00000007c1dffff0, 0x00000007c1e00000| 99%| O|  |TAMS 0x00000007c1c00000| PB 0x00000007c1c00000| Untracked 
|1529|0x00000007c1e00000, 0x00000007c2000000, 0x00000007c2000000|100%| O|  |TAMS 0x00000007c1e00000| PB 0x00000007c1e00000| Untracked 
|1530|0x00000007c2000000, 0x00000007c21fffe8, 0x00000007c2200000| 99%| O|  |TAMS 0x00000007c2000000| PB 0x00000007c2000000| Untracked 
|1531|0x00000007c2200000, 0x00000007c23ffff0, 0x00000007c2400000| 99%| O|  |TAMS 0x00000007c2200000| PB 0x00000007c2200000| Untracked 
|1532|0x00000007c2400000, 0x00000007c25ffff8, 0x00000007c2600000| 99%| O|  |TAMS 0x00000007c2400000| PB 0x00000007c2400000| Untracked 
|1533|0x00000007c2600000, 0x00000007c27ffff0, 0x00000007c2800000| 99%| O|  |TAMS 0x00000007c2600000| PB 0x00000007c2600000| Untracked 
|1534|0x00000007c2800000, 0x00000007c29fffe0, 0x00000007c2a00000| 99%| O|  |TAMS 0x00000007c2800000| PB 0x00000007c2800000| Untracked 
|1535|0x00000007c2a00000, 0x00000007c2bfffe8, 0x00000007c2c00000| 99%| O|  |TAMS 0x00000007c2a00000| PB 0x00000007c2a00000| Untracked 
|1536|0x00000007c2c00000, 0x00000007c2dffff8, 0x00000007c2e00000| 99%| O|  |TAMS 0x00000007c2c00000| PB 0x00000007c2c00000| Untracked 
|1537|0x00000007c2e00000, 0x00000007c3000000, 0x00000007c3000000|100%| O|  |TAMS 0x00000007c2e00000| PB 0x00000007c2e00000| Untracked 
|1538|0x00000007c3000000, 0x00000007c31ffff8, 0x00000007c3200000| 99%| O|  |TAMS 0x00000007c3000000| PB 0x00000007c3000000| Untracked 
|1539|0x00000007c3200000, 0x00000007c33fffe0, 0x00000007c3400000| 99%| O|  |TAMS 0x00000007c3200000| PB 0x00000007c3200000| Untracked 
|1540|0x00000007c3400000, 0x00000007c35ffff8, 0x00000007c3600000| 99%| O|  |TAMS 0x00000007c3400000| PB 0x00000007c3400000| Untracked 
|1541|0x00000007c3600000, 0x00000007c3800000, 0x00000007c3800000|100%| O|  |TAMS 0x00000007c3600000| PB 0x00000007c3600000| Untracked 
|1542|0x00000007c3800000, 0x00000007c39ffff8, 0x00000007c3a00000| 99%| O|  |TAMS 0x00000007c3800000| PB 0x00000007c3800000| Untracked 
|1543|0x00000007c3a00000, 0x00000007c3bffff8, 0x00000007c3c00000| 99%| O|  |TAMS 0x00000007c3a00000| PB 0x00000007c3a00000| Untracked 
|1544|0x00000007c3c00000, 0x00000007c3dffff0, 0x00000007c3e00000| 99%| O|  |TAMS 0x00000007c3c00000| PB 0x00000007c3c00000| Untracked 
|1545|0x00000007c3e00000, 0x00000007c3fffff0, 0x00000007c4000000| 99%| O|  |TAMS 0x00000007c3e00000| PB 0x00000007c3e00000| Untracked 
|1546|0x00000007c4000000, 0x00000007c41fffe0, 0x00000007c4200000| 99%| O|  |TAMS 0x00000007c4000000| PB 0x00000007c4000000| Untracked 
|1547|0x00000007c4200000, 0x00000007c43ffff8, 0x00000007c4400000| 99%| O|  |TAMS 0x00000007c4200000| PB 0x00000007c4200000| Untracked 
|1548|0x00000007c4400000, 0x00000007c45ffff8, 0x00000007c4600000| 99%| O|  |TAMS 0x00000007c4400000| PB 0x00000007c4400000| Untracked 
|1549|0x00000007c4600000, 0x00000007c47ffff0, 0x00000007c4800000| 99%| O|  |TAMS 0x00000007c4600000| PB 0x00000007c4600000| Untracked 
|1550|0x00000007c4800000, 0x00000007c49ffff0, 0x00000007c4a00000| 99%| O|  |TAMS 0x00000007c4800000| PB 0x00000007c4800000| Untracked 
|1551|0x00000007c4a00000, 0x00000007c4bffff0, 0x00000007c4c00000| 99%| O|  |TAMS 0x00000007c4a00000| PB 0x00000007c4a00000| Untracked 
|1552|0x00000007c4c00000, 0x00000007c4dffff8, 0x00000007c4e00000| 99%| O|  |TAMS 0x00000007c4c00000| PB 0x00000007c4c00000| Untracked 
|1553|0x00000007c4e00000, 0x00000007c4ffffe8, 0x00000007c5000000| 99%| O|  |TAMS 0x00000007c4e00000| PB 0x00000007c4e00000| Untracked 
|1554|0x00000007c5000000, 0x00000007c51ffff0, 0x00000007c5200000| 99%| O|  |TAMS 0x00000007c5000000| PB 0x00000007c5000000| Untracked 
|1555|0x00000007c5200000, 0x00000007c53fffe8, 0x00000007c5400000| 99%| O|  |TAMS 0x00000007c5200000| PB 0x00000007c5200000| Untracked 
|1556|0x00000007c5400000, 0x00000007c5600000, 0x00000007c5600000|100%| O|  |TAMS 0x00000007c5400000| PB 0x00000007c5400000| Untracked 
|1557|0x00000007c5600000, 0x00000007c57ffff8, 0x00000007c5800000| 99%| O|  |TAMS 0x00000007c5600000| PB 0x00000007c5600000| Untracked 
|1558|0x00000007c5800000, 0x00000007c59ffff8, 0x00000007c5a00000| 99%| O|  |TAMS 0x00000007c5800000| PB 0x00000007c5800000| Untracked 
|1559|0x00000007c5a00000, 0x00000007c5bffff8, 0x00000007c5c00000| 99%| O|  |TAMS 0x00000007c5a00000| PB 0x00000007c5a00000| Untracked 
|1560|0x00000007c5c00000, 0x00000007c5dffff8, 0x00000007c5e00000| 99%| O|  |TAMS 0x00000007c5c00000| PB 0x00000007c5c00000| Untracked 
|1561|0x00000007c5e00000, 0x00000007c5fffff0, 0x00000007c6000000| 99%| O|  |TAMS 0x00000007c5e00000| PB 0x00000007c5e00000| Untracked 
|1562|0x00000007c6000000, 0x00000007c61fffe0, 0x00000007c6200000| 99%| O|  |TAMS 0x00000007c6000000| PB 0x00000007c6000000| Untracked 
|1563|0x00000007c6200000, 0x00000007c63ffff0, 0x00000007c6400000| 99%| O|  |TAMS 0x00000007c6200000| PB 0x00000007c6200000| Untracked 
|1564|0x00000007c6400000, 0x00000007c65fffe8, 0x00000007c6600000| 99%| O|  |TAMS 0x00000007c6400000| PB 0x00000007c6400000| Untracked 
|1565|0x00000007c6600000, 0x00000007c67ffff8, 0x00000007c6800000| 99%| O|  |TAMS 0x00000007c6600000| PB 0x00000007c6600000| Untracked 
|1566|0x00000007c6800000, 0x00000007c69fffe0, 0x00000007c6a00000| 99%| O|  |TAMS 0x00000007c6800000| PB 0x00000007c6800000| Untracked 
|1567|0x00000007c6a00000, 0x00000007c6bffff8, 0x00000007c6c00000| 99%| O|  |TAMS 0x00000007c6a00000| PB 0x00000007c6a00000| Untracked 
|1568|0x00000007c6c00000, 0x00000007c6dffff8, 0x00000007c6e00000| 99%| O|  |TAMS 0x00000007c6c00000| PB 0x00000007c6c00000| Untracked 
|1569|0x00000007c6e00000, 0x00000007c6ffffe8, 0x00000007c7000000| 99%| O|  |TAMS 0x00000007c6e00000| PB 0x00000007c6e00000| Untracked 
|1570|0x00000007c7000000, 0x00000007c71ffff0, 0x00000007c7200000| 99%| O|  |TAMS 0x00000007c7000000| PB 0x00000007c7000000| Untracked 
|1571|0x00000007c7200000, 0x00000007c73ffff8, 0x00000007c7400000| 99%| O|  |TAMS 0x00000007c7200000| PB 0x00000007c7200000| Untracked 
|1572|0x00000007c7400000, 0x00000007c75ffff8, 0x00000007c7600000| 99%| O|  |TAMS 0x00000007c7400000| PB 0x00000007c7400000| Untracked 
|1573|0x00000007c7600000, 0x00000007c77ffff0, 0x00000007c7800000| 99%| O|  |TAMS 0x00000007c7600000| PB 0x00000007c7600000| Untracked 
|1574|0x00000007c7800000, 0x00000007c79fffe0, 0x00000007c7a00000| 99%| O|  |TAMS 0x00000007c7800000| PB 0x00000007c7800000| Untracked 
|1575|0x00000007c7a00000, 0x00000007c7bfffd8, 0x00000007c7c00000| 99%| O|  |TAMS 0x00000007c7a00000| PB 0x00000007c7a00000| Untracked 
|1576|0x00000007c7c00000, 0x00000007c7dfffe8, 0x00000007c7e00000| 99%| O|  |TAMS 0x00000007c7c00000| PB 0x00000007c7c00000| Untracked 
|1577|0x00000007c7e00000, 0x00000007c7fffff0, 0x00000007c8000000| 99%| O|  |TAMS 0x00000007c7e00000| PB 0x00000007c7e00000| Untracked 
|1578|0x00000007c8000000, 0x00000007c81ffff0, 0x00000007c8200000| 99%| O|  |TAMS 0x00000007c8000000| PB 0x00000007c8000000| Untracked 
|1579|0x00000007c8200000, 0x00000007c83ffff0, 0x00000007c8400000| 99%| O|  |TAMS 0x00000007c8200000| PB 0x00000007c8200000| Untracked 
|1580|0x00000007c8400000, 0x00000007c8600000, 0x00000007c8600000|100%| O|  |TAMS 0x00000007c8400000| PB 0x00000007c8400000| Untracked 
|1581|0x00000007c8600000, 0x00000007c87fffd8, 0x00000007c8800000| 99%| O|  |TAMS 0x00000007c8600000| PB 0x00000007c8600000| Untracked 
|1582|0x00000007c8800000, 0x00000007c89ffff0, 0x00000007c8a00000| 99%| O|  |TAMS 0x00000007c8800000| PB 0x00000007c8800000| Untracked 
|1583|0x00000007c8a00000, 0x00000007c8bfffd8, 0x00000007c8c00000| 99%| O|  |TAMS 0x00000007c8a00000| PB 0x00000007c8a00000| Untracked 
|1584|0x00000007c8c00000, 0x00000007c8e00000, 0x00000007c8e00000|100%| O|  |TAMS 0x00000007c8c00000| PB 0x00000007c8c00000| Untracked 
|1585|0x00000007c8e00000, 0x00000007c9000000, 0x00000007c9000000|100%| O|  |TAMS 0x00000007c8e00000| PB 0x00000007c8e00000| Untracked 
|1586|0x00000007c9000000, 0x00000007c91fffe8, 0x00000007c9200000| 99%| O|  |TAMS 0x00000007c9000000| PB 0x00000007c9000000| Untracked 
|1587|0x00000007c9200000, 0x00000007c9400000, 0x00000007c9400000|100%| O|  |TAMS 0x00000007c9200000| PB 0x00000007c9200000| Untracked 
|1588|0x00000007c9400000, 0x00000007c95ffff8, 0x00000007c9600000| 99%| O|  |TAMS 0x00000007c9400000| PB 0x00000007c9400000| Untracked 
|1589|0x00000007c9600000, 0x00000007c9800000, 0x00000007c9800000|100%| O|  |TAMS 0x00000007c9600000| PB 0x00000007c9600000| Untracked 
|1590|0x00000007c9800000, 0x00000007c99ffff0, 0x00000007c9a00000| 99%| O|  |TAMS 0x00000007c9800000| PB 0x00000007c9800000| Untracked 
|1591|0x00000007c9a00000, 0x00000007c9c00000, 0x00000007c9c00000|100%| O|  |TAMS 0x00000007c9a00000| PB 0x00000007c9a00000| Untracked 
|1592|0x00000007c9c00000, 0x00000007c9dfffd8, 0x00000007c9e00000| 99%| O|  |TAMS 0x00000007c9c00000| PB 0x00000007c9c00000| Untracked 
|1593|0x00000007c9e00000, 0x00000007ca000000, 0x00000007ca000000|100%| O|  |TAMS 0x00000007c9e00000| PB 0x00000007c9e00000| Untracked 
|1594|0x00000007ca000000, 0x00000007ca1ffff8, 0x00000007ca200000| 99%| O|  |TAMS 0x00000007ca000000| PB 0x00000007ca000000| Untracked 
|1595|0x00000007ca200000, 0x00000007ca400000, 0x00000007ca400000|100%| O|  |TAMS 0x00000007ca200000| PB 0x00000007ca200000| Untracked 
|1596|0x00000007ca400000, 0x00000007ca5fffe8, 0x00000007ca600000| 99%| O|  |TAMS 0x00000007ca400000| PB 0x00000007ca400000| Untracked 
|1597|0x00000007ca600000, 0x00000007ca7ffff0, 0x00000007ca800000| 99%| O|  |TAMS 0x00000007ca600000| PB 0x00000007ca600000| Untracked 
|1598|0x00000007ca800000, 0x00000007ca9fffd8, 0x00000007caa00000| 99%| O|  |TAMS 0x00000007ca800000| PB 0x00000007ca800000| Untracked 
|1599|0x00000007caa00000, 0x00000007cabffff0, 0x00000007cac00000| 99%| O|  |TAMS 0x00000007caa00000| PB 0x00000007caa00000| Untracked 
|1600|0x00000007cac00000, 0x00000007cadfffe8, 0x00000007cae00000| 99%| O|  |TAMS 0x00000007cac00000| PB 0x00000007cac00000| Untracked 
|1601|0x00000007cae00000, 0x00000007cafffff8, 0x00000007cb000000| 99%| O|  |TAMS 0x00000007cae00000| PB 0x00000007cae00000| Untracked 
|1602|0x00000007cb000000, 0x00000007cb1ffff0, 0x00000007cb200000| 99%| O|  |TAMS 0x00000007cb000000| PB 0x00000007cb000000| Untracked 
|1603|0x00000007cb200000, 0x00000007cb3ffff0, 0x00000007cb400000| 99%| O|  |TAMS 0x00000007cb200000| PB 0x00000007cb200000| Untracked 
|1604|0x00000007cb400000, 0x00000007cb5ffff0, 0x00000007cb600000| 99%| O|  |TAMS 0x00000007cb400000| PB 0x00000007cb400000| Untracked 
|1605|0x00000007cb600000, 0x00000007cb800000, 0x00000007cb800000|100%| O|  |TAMS 0x00000007cb600000| PB 0x00000007cb600000| Untracked 
|1606|0x00000007cb800000, 0x00000007cb9fffd8, 0x00000007cba00000| 99%| O|  |TAMS 0x00000007cb800000| PB 0x00000007cb800000| Untracked 
|1607|0x00000007cba00000, 0x00000007cbbfffe8, 0x00000007cbc00000| 99%| O|  |TAMS 0x00000007cba00000| PB 0x00000007cba00000| Untracked 
|1608|0x00000007cbc00000, 0x00000007cbdffff0, 0x00000007cbe00000| 99%| O|  |TAMS 0x00000007cbc00000| PB 0x00000007cbc00000| Untracked 
|1609|0x00000007cbe00000, 0x00000007cc000000, 0x00000007cc000000|100%| O|  |TAMS 0x00000007cbe00000| PB 0x00000007cbe00000| Untracked 
|1610|0x00000007cc000000, 0x00000007cc1ffff0, 0x00000007cc200000| 99%| O|  |TAMS 0x00000007cc000000| PB 0x00000007cc000000| Untracked 
|1611|0x00000007cc200000, 0x00000007cc3ffff8, 0x00000007cc400000| 99%| O|  |TAMS 0x00000007cc200000| PB 0x00000007cc200000| Untracked 
|1612|0x00000007cc400000, 0x00000007cc5ffff0, 0x00000007cc600000| 99%| O|  |TAMS 0x00000007cc400000| PB 0x00000007cc400000| Untracked 
|1613|0x00000007cc600000, 0x00000007cc800000, 0x00000007cc800000|100%| O|  |TAMS 0x00000007cc600000| PB 0x00000007cc600000| Untracked 
|1614|0x00000007cc800000, 0x00000007cc9ffff8, 0x00000007cca00000| 99%| O|  |TAMS 0x00000007cc800000| PB 0x00000007cc800000| Untracked 
|1615|0x00000007cca00000, 0x00000007ccbffff0, 0x00000007ccc00000| 99%| O|  |TAMS 0x00000007cca00000| PB 0x00000007cca00000| Untracked 
|1616|0x00000007ccc00000, 0x00000007ccdfffd0, 0x00000007cce00000| 99%| O|  |TAMS 0x00000007ccc00000| PB 0x00000007ccc00000| Untracked 
|1617|0x00000007cce00000, 0x00000007ccfffff0, 0x00000007cd000000| 99%| O|  |TAMS 0x00000007cce00000| PB 0x00000007cce00000| Untracked 
|1618|0x00000007cd000000, 0x00000007cd1ffff0, 0x00000007cd200000| 99%| O|  |TAMS 0x00000007cd000000| PB 0x00000007cd000000| Untracked 
|1619|0x00000007cd200000, 0x00000007cd3ffff8, 0x00000007cd400000| 99%| O|  |TAMS 0x00000007cd200000| PB 0x00000007cd200000| Untracked 
|1620|0x00000007cd400000, 0x00000007cd5ffff8, 0x00000007cd600000| 99%| O|  |TAMS 0x00000007cd400000| PB 0x00000007cd400000| Untracked 
|1621|0x00000007cd600000, 0x00000007cd7fffd8, 0x00000007cd800000| 99%| O|  |TAMS 0x00000007cd600000| PB 0x00000007cd600000| Untracked 
|1622|0x00000007cd800000, 0x00000007cd9ffff8, 0x00000007cda00000| 99%| O|  |TAMS 0x00000007cd800000| PB 0x00000007cd800000| Untracked 
|1623|0x00000007cda00000, 0x00000007cdbffff0, 0x00000007cdc00000| 99%| O|  |TAMS 0x00000007cda00000| PB 0x00000007cda00000| Untracked 
|1624|0x00000007cdc00000, 0x00000007cddfffe8, 0x00000007cde00000| 99%| O|  |TAMS 0x00000007cdc00000| PB 0x00000007cdc00000| Untracked 
|1625|0x00000007cde00000, 0x00000007cdffffe0, 0x00000007ce000000| 99%| O|  |TAMS 0x00000007cde00000| PB 0x00000007cde00000| Untracked 
|1626|0x00000007ce000000, 0x00000007ce1ffff8, 0x00000007ce200000| 99%| O|  |TAMS 0x00000007ce000000| PB 0x00000007ce000000| Untracked 
|1627|0x00000007ce200000, 0x00000007ce3fffe0, 0x00000007ce400000| 99%| O|  |TAMS 0x00000007ce200000| PB 0x00000007ce200000| Untracked 
|1628|0x00000007ce400000, 0x00000007ce5ffff0, 0x00000007ce600000| 99%| O|  |TAMS 0x00000007ce400000| PB 0x00000007ce400000| Untracked 
|1629|0x00000007ce600000, 0x00000007ce7ffff0, 0x00000007ce800000| 99%| O|  |TAMS 0x00000007ce600000| PB 0x00000007ce600000| Untracked 
|1630|0x00000007ce800000, 0x00000007ce9ffff8, 0x00000007cea00000| 99%| O|  |TAMS 0x00000007ce800000| PB 0x00000007ce800000| Untracked 
|1631|0x00000007cea00000, 0x00000007cebffff8, 0x00000007cec00000| 99%| O|  |TAMS 0x00000007cea00000| PB 0x00000007cea00000| Untracked 
|1632|0x00000007cec00000, 0x00000007cedffff0, 0x00000007cee00000| 99%| O|  |TAMS 0x00000007cec00000| PB 0x00000007cec00000| Untracked 
|1633|0x00000007cee00000, 0x00000007cf000000, 0x00000007cf000000|100%| O|  |TAMS 0x00000007cee00000| PB 0x00000007cee00000| Untracked 
|1634|0x00000007cf000000, 0x00000007cf1ffff0, 0x00000007cf200000| 99%| O|  |TAMS 0x00000007cf000000| PB 0x00000007cf000000| Untracked 
|1635|0x00000007cf200000, 0x00000007cf3fffe8, 0x00000007cf400000| 99%| O|  |TAMS 0x00000007cf200000| PB 0x00000007cf200000| Untracked 
|1636|0x00000007cf400000, 0x00000007cf5fffd0, 0x00000007cf600000| 99%| O|  |TAMS 0x00000007cf400000| PB 0x00000007cf400000| Untracked 
|1637|0x00000007cf600000, 0x00000007cf7ffff8, 0x00000007cf800000| 99%| O|  |TAMS 0x00000007cf600000| PB 0x00000007cf600000| Untracked 
|1638|0x00000007cf800000, 0x00000007cf9ffff8, 0x00000007cfa00000| 99%| O|  |TAMS 0x00000007cf800000| PB 0x00000007cf800000| Untracked 
|1639|0x00000007cfa00000, 0x00000007cfbffff0, 0x00000007cfc00000| 99%| O|  |TAMS 0x00000007cfa00000| PB 0x00000007cfa00000| Untracked 
|1640|0x00000007cfc00000, 0x00000007cfe00000, 0x00000007cfe00000|100%| O|  |TAMS 0x00000007cfc00000| PB 0x00000007cfc00000| Untracked 
|1641|0x00000007cfe00000, 0x00000007cffffff8, 0x00000007d0000000| 99%| O|  |TAMS 0x00000007cfe00000| PB 0x00000007cfe00000| Untracked 
|1642|0x00000007d0000000, 0x00000007d01ffff0, 0x00000007d0200000| 99%| O|  |TAMS 0x00000007d0000000| PB 0x00000007d0000000| Untracked 
|1643|0x00000007d0200000, 0x00000007d0400000, 0x00000007d0400000|100%| O|  |TAMS 0x00000007d0200000| PB 0x00000007d0200000| Untracked 
|1644|0x00000007d0400000, 0x00000007d0600000, 0x00000007d0600000|100%| O|  |TAMS 0x00000007d0400000| PB 0x00000007d0400000| Untracked 
|1645|0x00000007d0600000, 0x00000007d07ffff0, 0x00000007d0800000| 99%| O|  |TAMS 0x00000007d0600000| PB 0x00000007d0600000| Untracked 
|1646|0x00000007d0800000, 0x00000007d09ffff0, 0x00000007d0a00000| 99%| O|  |TAMS 0x00000007d0800000| PB 0x00000007d0800000| Untracked 
|1647|0x00000007d0a00000, 0x00000007d0bffff8, 0x00000007d0c00000| 99%| O|  |TAMS 0x00000007d0a00000| PB 0x00000007d0a00000| Untracked 
|1648|0x00000007d0c00000, 0x00000007d0dffff8, 0x00000007d0e00000| 99%| O|  |TAMS 0x00000007d0c00000| PB 0x00000007d0c00000| Untracked 
|1649|0x00000007d0e00000, 0x00000007d0ffffe0, 0x00000007d1000000| 99%| O|  |TAMS 0x00000007d0e00000| PB 0x00000007d0e00000| Untracked 
|1650|0x00000007d1000000, 0x00000007d11ffff0, 0x00000007d1200000| 99%| O|  |TAMS 0x00000007d1000000| PB 0x00000007d1000000| Untracked 
|1651|0x00000007d1200000, 0x00000007d1400000, 0x00000007d1400000|100%| O|  |TAMS 0x00000007d1200000| PB 0x00000007d1200000| Untracked 
|1652|0x00000007d1400000, 0x00000007d15fffe0, 0x00000007d1600000| 99%| O|  |TAMS 0x00000007d1400000| PB 0x00000007d1400000| Untracked 
|1653|0x00000007d1600000, 0x00000007d17ffff8, 0x00000007d1800000| 99%| O|  |TAMS 0x00000007d1600000| PB 0x00000007d1600000| Untracked 
|1654|0x00000007d1800000, 0x00000007d19fffe0, 0x00000007d1a00000| 99%| O|  |TAMS 0x00000007d1800000| PB 0x00000007d1800000| Untracked 
|1655|0x00000007d1a00000, 0x00000007d1bffff0, 0x00000007d1c00000| 99%| O|  |TAMS 0x00000007d1a00000| PB 0x00000007d1a00000| Untracked 
|1656|0x00000007d1c00000, 0x00000007d1dffff0, 0x00000007d1e00000| 99%| O|  |TAMS 0x00000007d1c00000| PB 0x00000007d1c00000| Untracked 
|1657|0x00000007d1e00000, 0x00000007d2000000, 0x00000007d2000000|100%| O|  |TAMS 0x00000007d1e00000| PB 0x00000007d1e00000| Untracked 
|1658|0x00000007d2000000, 0x00000007d21ffff0, 0x00000007d2200000| 99%| O|  |TAMS 0x00000007d2000000| PB 0x00000007d2000000| Untracked 
|1659|0x00000007d2200000, 0x00000007d23fffe0, 0x00000007d2400000| 99%| O|  |TAMS 0x00000007d2200000| PB 0x00000007d2200000| Untracked 
|1660|0x00000007d2400000, 0x00000007d25ffff0, 0x00000007d2600000| 99%| O|  |TAMS 0x00000007d2400000| PB 0x00000007d2400000| Untracked 
|1661|0x00000007d2600000, 0x00000007d27fffe0, 0x00000007d2800000| 99%| O|  |TAMS 0x00000007d2600000| PB 0x00000007d2600000| Untracked 
|1662|0x00000007d2800000, 0x00000007d2a00000, 0x00000007d2a00000|100%| O|  |TAMS 0x00000007d2800000| PB 0x00000007d2800000| Untracked 
|1663|0x00000007d2a00000, 0x00000007d2bfffe0, 0x00000007d2c00000| 99%| O|  |TAMS 0x00000007d2a00000| PB 0x00000007d2a00000| Untracked 
|1664|0x00000007d2c00000, 0x00000007d2e00000, 0x00000007d2e00000|100%| O|  |TAMS 0x00000007d2c00000| PB 0x00000007d2c00000| Untracked 
|1665|0x00000007d2e00000, 0x00000007d2fffff8, 0x00000007d3000000| 99%| O|  |TAMS 0x00000007d2e00000| PB 0x00000007d2e00000| Untracked 
|1666|0x00000007d3000000, 0x00000007d31ffff0, 0x00000007d3200000| 99%| O|  |TAMS 0x00000007d3000000| PB 0x00000007d3000000| Untracked 
|1667|0x00000007d3200000, 0x00000007d33ffff0, 0x00000007d3400000| 99%| O|  |TAMS 0x00000007d3200000| PB 0x00000007d3200000| Untracked 
|1668|0x00000007d3400000, 0x00000007d35fffe0, 0x00000007d3600000| 99%| O|  |TAMS 0x00000007d3400000| PB 0x00000007d3400000| Untracked 
|1669|0x00000007d3600000, 0x00000007d37ffff0, 0x00000007d3800000| 99%| O|  |TAMS 0x00000007d3600000| PB 0x00000007d3600000| Untracked 
|1670|0x00000007d3800000, 0x00000007d39ffff8, 0x00000007d3a00000| 99%| O|  |TAMS 0x00000007d3800000| PB 0x00000007d3800000| Untracked 
|1671|0x00000007d3a00000, 0x00000007d3bfffe8, 0x00000007d3c00000| 99%| O|  |TAMS 0x00000007d3a00000| PB 0x00000007d3a00000| Untracked 
|1672|0x00000007d3c00000, 0x00000007d3dffff8, 0x00000007d3e00000| 99%| O|  |TAMS 0x00000007d3c00000| PB 0x00000007d3c00000| Untracked 
|1673|0x00000007d3e00000, 0x00000007d3ffffe8, 0x00000007d4000000| 99%| O|  |TAMS 0x00000007d3e00000| PB 0x00000007d3e00000| Untracked 
|1674|0x00000007d4000000, 0x00000007d41ffff0, 0x00000007d4200000| 99%| O|  |TAMS 0x00000007d4000000| PB 0x00000007d4000000| Untracked 
|1675|0x00000007d4200000, 0x00000007d4400000, 0x00000007d4400000|100%| O|  |TAMS 0x00000007d4200000| PB 0x00000007d4200000| Untracked 
|1676|0x00000007d4400000, 0x00000007d4600000, 0x00000007d4600000|100%| O|  |TAMS 0x00000007d4400000| PB 0x00000007d4400000| Untracked 
|1677|0x00000007d4600000, 0x00000007d47ffff0, 0x00000007d4800000| 99%| O|  |TAMS 0x00000007d4600000| PB 0x00000007d4600000| Untracked 
|1678|0x00000007d4800000, 0x00000007d49ffff0, 0x00000007d4a00000| 99%| O|  |TAMS 0x00000007d4800000| PB 0x00000007d4800000| Untracked 
|1679|0x00000007d4a00000, 0x00000007d4c00000, 0x00000007d4c00000|100%| O|  |TAMS 0x00000007d4a00000| PB 0x00000007d4a00000| Untracked 
|1680|0x00000007d4c00000, 0x00000007d4dffff8, 0x00000007d4e00000| 99%| O|  |TAMS 0x00000007d4c00000| PB 0x00000007d4c00000| Untracked 
|1681|0x00000007d4e00000, 0x00000007d4ffffe8, 0x00000007d5000000| 99%| O|  |TAMS 0x00000007d4e00000| PB 0x00000007d4e00000| Untracked 
|1682|0x00000007d5000000, 0x00000007d51fffd8, 0x00000007d5200000| 99%| O|  |TAMS 0x00000007d5000000| PB 0x00000007d5000000| Untracked 
|1683|0x00000007d5200000, 0x00000007d5400000, 0x00000007d5400000|100%| O|  |TAMS 0x00000007d5200000| PB 0x00000007d5200000| Untracked 
|1684|0x00000007d5400000, 0x00000007d55ffff8, 0x00000007d5600000| 99%| O|  |TAMS 0x00000007d5400000| PB 0x00000007d5400000| Untracked 
|1685|0x00000007d5600000, 0x00000007d5800000, 0x00000007d5800000|100%| O|  |TAMS 0x00000007d5600000| PB 0x00000007d5600000| Untracked 
|1686|0x00000007d5800000, 0x00000007d5a00000, 0x00000007d5a00000|100%| O|  |TAMS 0x00000007d5800000| PB 0x00000007d5800000| Untracked 
|1687|0x00000007d5a00000, 0x00000007d5bfffd0, 0x00000007d5c00000| 99%| O|  |TAMS 0x00000007d5a00000| PB 0x00000007d5a00000| Untracked 
|1688|0x00000007d5c00000, 0x00000007d5dfffd0, 0x00000007d5e00000| 99%| O|  |TAMS 0x00000007d5c00000| PB 0x00000007d5c00000| Untracked 
|1689|0x00000007d5e00000, 0x00000007d6000000, 0x00000007d6000000|100%| O|  |TAMS 0x00000007d5e00000| PB 0x00000007d5e00000| Untracked 
|1690|0x00000007d6000000, 0x00000007d61ffff8, 0x00000007d6200000| 99%| O|  |TAMS 0x00000007d6000000| PB 0x00000007d6000000| Untracked 
|1691|0x00000007d6200000, 0x00000007d63ffff0, 0x00000007d6400000| 99%| O|  |TAMS 0x00000007d6200000| PB 0x00000007d6200000| Untracked 
|1692|0x00000007d6400000, 0x00000007d6600000, 0x00000007d6600000|100%| O|  |TAMS 0x00000007d6400000| PB 0x00000007d6400000| Untracked 
|1693|0x00000007d6600000, 0x00000007d67fffe8, 0x00000007d6800000| 99%| O|  |TAMS 0x00000007d6600000| PB 0x00000007d6600000| Untracked 
|1694|0x00000007d6800000, 0x00000007d69ffff8, 0x00000007d6a00000| 99%| O|  |TAMS 0x00000007d6800000| PB 0x00000007d6800000| Untracked 
|1695|0x00000007d6a00000, 0x00000007d6bfffe8, 0x00000007d6c00000| 99%| O|  |TAMS 0x00000007d6a00000| PB 0x00000007d6a00000| Untracked 
|1696|0x00000007d6c00000, 0x00000007d6dfffd8, 0x00000007d6e00000| 99%| O|  |TAMS 0x00000007d6c00000| PB 0x00000007d6c00000| Untracked 
|1697|0x00000007d6e00000, 0x00000007d6fffff8, 0x00000007d7000000| 99%| O|  |TAMS 0x00000007d6e00000| PB 0x00000007d6e00000| Untracked 
|1698|0x00000007d7000000, 0x00000007d7200000, 0x00000007d7200000|100%| O|  |TAMS 0x00000007d7000000| PB 0x00000007d7000000| Untracked 
|1699|0x00000007d7200000, 0x00000007d7400000, 0x00000007d7400000|100%| O|  |TAMS 0x00000007d7200000| PB 0x00000007d7200000| Untracked 
|1700|0x00000007d7400000, 0x00000007d75fffe0, 0x00000007d7600000| 99%| O|  |TAMS 0x00000007d7400000| PB 0x00000007d7400000| Untracked 
|1701|0x00000007d7600000, 0x00000007d77ffff8, 0x00000007d7800000| 99%| O|  |TAMS 0x00000007d7600000| PB 0x00000007d7600000| Untracked 
|1702|0x00000007d7800000, 0x00000007d79ffff8, 0x00000007d7a00000| 99%| O|  |TAMS 0x00000007d7800000| PB 0x00000007d7800000| Untracked 
|1703|0x00000007d7a00000, 0x00000007d7c00000, 0x00000007d7c00000|100%| O|  |TAMS 0x00000007d7a00000| PB 0x00000007d7a00000| Untracked 
|1704|0x00000007d7c00000, 0x00000007d7dffff0, 0x00000007d7e00000| 99%| O|  |TAMS 0x00000007d7c00000| PB 0x00000007d7c00000| Untracked 
|1705|0x00000007d7e00000, 0x00000007d8000000, 0x00000007d8000000|100%| O|  |TAMS 0x00000007d7e00000| PB 0x00000007d7e00000| Untracked 
|1706|0x00000007d8000000, 0x00000007d81ffff8, 0x00000007d8200000| 99%| O|  |TAMS 0x00000007d8000000| PB 0x00000007d8000000| Untracked 
|1707|0x00000007d8200000, 0x00000007d83fffe0, 0x00000007d8400000| 99%| O|  |TAMS 0x00000007d8200000| PB 0x00000007d8200000| Untracked 
|1708|0x00000007d8400000, 0x00000007d85fffe0, 0x00000007d8600000| 99%| O|  |TAMS 0x00000007d8400000| PB 0x00000007d8400000| Untracked 
|1709|0x00000007d8600000, 0x00000007d87ffff8, 0x00000007d8800000| 99%| O|  |TAMS 0x00000007d8600000| PB 0x00000007d8600000| Untracked 
|1710|0x00000007d8800000, 0x00000007d89fffe0, 0x00000007d8a00000| 99%| O|  |TAMS 0x00000007d8800000| PB 0x00000007d8800000| Untracked 
|1711|0x00000007d8a00000, 0x00000007d8bffff8, 0x00000007d8c00000| 99%| O|  |TAMS 0x00000007d8a00000| PB 0x00000007d8a00000| Untracked 
|1712|0x00000007d8c00000, 0x00000007d8e00000, 0x00000007d8e00000|100%| O|  |TAMS 0x00000007d8c00000| PB 0x00000007d8c00000| Untracked 
|1713|0x00000007d8e00000, 0x00000007d9000000, 0x00000007d9000000|100%| O|  |TAMS 0x00000007d8e00000| PB 0x00000007d8e00000| Untracked 
|1714|0x00000007d9000000, 0x00000007d9200000, 0x00000007d9200000|100%| O|  |TAMS 0x00000007d9000000| PB 0x00000007d9000000| Untracked 
|1715|0x00000007d9200000, 0x00000007d93fffe8, 0x00000007d9400000| 99%| O|  |TAMS 0x00000007d9200000| PB 0x00000007d9200000| Untracked 
|1716|0x00000007d9400000, 0x00000007d9600000, 0x00000007d9600000|100%| O|  |TAMS 0x00000007d9400000| PB 0x00000007d9400000| Untracked 
|1717|0x00000007d9600000, 0x00000007d97ffff0, 0x00000007d9800000| 99%| O|  |TAMS 0x00000007d9600000| PB 0x00000007d9600000| Untracked 
|1718|0x00000007d9800000, 0x00000007d99ffff0, 0x00000007d9a00000| 99%| O|  |TAMS 0x00000007d9800000| PB 0x00000007d9800000| Untracked 
|1719|0x00000007d9a00000, 0x00000007d9bffff0, 0x00000007d9c00000| 99%| O|  |TAMS 0x00000007d9a00000| PB 0x00000007d9a00000| Untracked 
|1720|0x00000007d9c00000, 0x00000007d9e00000, 0x00000007d9e00000|100%| O|  |TAMS 0x00000007d9c00000| PB 0x00000007d9c00000| Untracked 
|1721|0x00000007d9e00000, 0x00000007da000000, 0x00000007da000000|100%| O|  |TAMS 0x00000007d9e00000| PB 0x00000007d9e00000| Untracked 
|1722|0x00000007da000000, 0x00000007da1ffff0, 0x00000007da200000| 99%| O|  |TAMS 0x00000007da000000| PB 0x00000007da000000| Untracked 
|1723|0x00000007da200000, 0x00000007da3ffff8, 0x00000007da400000| 99%| O|  |TAMS 0x00000007da200000| PB 0x00000007da200000| Untracked 
|1724|0x00000007da400000, 0x00000007da600000, 0x00000007da600000|100%| O|  |TAMS 0x00000007da400000| PB 0x00000007da400000| Untracked 
|1725|0x00000007da600000, 0x00000007da7fffe8, 0x00000007da800000| 99%| O|  |TAMS 0x00000007da600000| PB 0x00000007da600000| Untracked 
|1726|0x00000007da800000, 0x00000007da9ffff0, 0x00000007daa00000| 99%| O|  |TAMS 0x00000007da800000| PB 0x00000007da800000| Untracked 
|1727|0x00000007daa00000, 0x00000007dabffff8, 0x00000007dac00000| 99%| O|  |TAMS 0x00000007daa00000| PB 0x00000007daa00000| Untracked 
|1728|0x00000007dac00000, 0x00000007dae00000, 0x00000007dae00000|100%| O|  |TAMS 0x00000007dac00000| PB 0x00000007dac00000| Untracked 
|1729|0x00000007dae00000, 0x00000007db000000, 0x00000007db000000|100%| O|  |TAMS 0x00000007dae00000| PB 0x00000007dae00000| Untracked 
|1730|0x00000007db000000, 0x00000007db1fffe8, 0x00000007db200000| 99%| O|  |TAMS 0x00000007db000000| PB 0x00000007db000000| Untracked 
|1731|0x00000007db200000, 0x00000007db400000, 0x00000007db400000|100%| O|  |TAMS 0x00000007db200000| PB 0x00000007db200000| Untracked 
|1732|0x00000007db400000, 0x00000007db5ffd58, 0x00000007db600000| 99%| O|  |TAMS 0x00000007db400000| PB 0x00000007db400000| Untracked 
|1733|0x00000007db600000, 0x00000007db7ffff8, 0x00000007db800000| 99%| O|  |TAMS 0x00000007db600000| PB 0x00000007db600000| Untracked 
|1734|0x00000007db800000, 0x00000007db9ffff0, 0x00000007dba00000| 99%| O|  |TAMS 0x00000007db800000| PB 0x00000007db800000| Untracked 
|1735|0x00000007dba00000, 0x00000007dbbfffe8, 0x00000007dbc00000| 99%| O|  |TAMS 0x00000007dba00000| PB 0x00000007dba00000| Untracked 
|1736|0x00000007dbc00000, 0x00000007dbdffff8, 0x00000007dbe00000| 99%| O|  |TAMS 0x00000007dbc00000| PB 0x00000007dbc00000| Untracked 
|1737|0x00000007dbe00000, 0x00000007dbfffff0, 0x00000007dc000000| 99%| O|  |TAMS 0x00000007dbe00000| PB 0x00000007dbe00000| Untracked 
|1738|0x00000007dc000000, 0x00000007dc1fffe8, 0x00000007dc200000| 99%| O|  |TAMS 0x00000007dc000000| PB 0x00000007dc000000| Untracked 
|1739|0x00000007dc200000, 0x00000007dc3fffe8, 0x00000007dc400000| 99%| O|  |TAMS 0x00000007dc200000| PB 0x00000007dc200000| Untracked 
|1740|0x00000007dc400000, 0x00000007dc5fffe0, 0x00000007dc600000| 99%| O|  |TAMS 0x00000007dc400000| PB 0x00000007dc400000| Untracked 
|1741|0x00000007dc600000, 0x00000007dc7fffe8, 0x00000007dc800000| 99%| O|  |TAMS 0x00000007dc600000| PB 0x00000007dc600000| Untracked 
|1742|0x00000007dc800000, 0x00000007dc9ffff8, 0x00000007dca00000| 99%| O|  |TAMS 0x00000007dc800000| PB 0x00000007dc800000| Untracked 
|1743|0x00000007dca00000, 0x00000007dcbffff0, 0x00000007dcc00000| 99%| O|  |TAMS 0x00000007dca00000| PB 0x00000007dca00000| Untracked 
|1744|0x00000007dcc00000, 0x00000007dcdffff0, 0x00000007dce00000| 99%| O|  |TAMS 0x00000007dcc00000| PB 0x00000007dcc00000| Untracked 
|1745|0x00000007dce00000, 0x00000007dcffffd0, 0x00000007dd000000| 99%| O|  |TAMS 0x00000007dce00000| PB 0x00000007dce00000| Untracked 
|1746|0x00000007dd000000, 0x00000007dd1fffe0, 0x00000007dd200000| 99%| O|  |TAMS 0x00000007dd000000| PB 0x00000007dd000000| Untracked 
|1747|0x00000007dd200000, 0x00000007dd3ffff0, 0x00000007dd400000| 99%| O|  |TAMS 0x00000007dd200000| PB 0x00000007dd200000| Untracked 
|1748|0x00000007dd400000, 0x00000007dd600000, 0x00000007dd600000|100%| O|  |TAMS 0x00000007dd400000| PB 0x00000007dd400000| Untracked 
|1749|0x00000007dd600000, 0x00000007dd7ffff0, 0x00000007dd800000| 99%| O|  |TAMS 0x00000007dd600000| PB 0x00000007dd600000| Untracked 
|1750|0x00000007dd800000, 0x00000007dd9fffe0, 0x00000007dda00000| 99%| O|  |TAMS 0x00000007dd800000| PB 0x00000007dd800000| Untracked 
|1751|0x00000007dda00000, 0x00000007ddbffff8, 0x00000007ddc00000| 99%| O|  |TAMS 0x00000007dda00000| PB 0x00000007dda00000| Untracked 
|1752|0x00000007ddc00000, 0x00000007dde00000, 0x00000007dde00000|100%| O|  |TAMS 0x00000007ddc00000| PB 0x00000007ddc00000| Untracked 
|1753|0x00000007dde00000, 0x00000007ddffffd8, 0x00000007de000000| 99%| O|  |TAMS 0x00000007dde00000| PB 0x00000007dde00000| Untracked 
|1754|0x00000007de000000, 0x00000007de200000, 0x00000007de200000|100%| O|  |TAMS 0x00000007de000000| PB 0x00000007de000000| Untracked 
|1755|0x00000007de200000, 0x00000007de400000, 0x00000007de400000|100%| O|  |TAMS 0x00000007de200000| PB 0x00000007de200000| Untracked 
|1756|0x00000007de400000, 0x00000007de5fffd8, 0x00000007de600000| 99%| O|  |TAMS 0x00000007de400000| PB 0x00000007de400000| Untracked 
|1757|0x00000007de600000, 0x00000007de7fffe8, 0x00000007de800000| 99%| O|  |TAMS 0x00000007de600000| PB 0x00000007de600000| Untracked 
|1758|0x00000007de800000, 0x00000007de9ffff0, 0x00000007dea00000| 99%| O|  |TAMS 0x00000007de800000| PB 0x00000007de800000| Untracked 
|1759|0x00000007dea00000, 0x00000007dec00000, 0x00000007dec00000|100%| O|  |TAMS 0x00000007dea00000| PB 0x00000007dea00000| Untracked 
|1760|0x00000007dec00000, 0x00000007dedffff0, 0x00000007dee00000| 99%| O|  |TAMS 0x00000007dec00000| PB 0x00000007dec00000| Untracked 
|1761|0x00000007dee00000, 0x00000007deffffe0, 0x00000007df000000| 99%| O|  |TAMS 0x00000007dee00000| PB 0x00000007dee00000| Untracked 
|1762|0x00000007df000000, 0x00000007df1fffe8, 0x00000007df200000| 99%| O|  |TAMS 0x00000007df000000| PB 0x00000007df000000| Untracked 
|1763|0x00000007df200000, 0x00000007df3ffff8, 0x00000007df400000| 99%| O|  |TAMS 0x00000007df200000| PB 0x00000007df200000| Untracked 
|1764|0x00000007df400000, 0x00000007df5fffd0, 0x00000007df600000| 99%| O|  |TAMS 0x00000007df400000| PB 0x00000007df400000| Untracked 
|1765|0x00000007df600000, 0x00000007df7ffff8, 0x00000007df800000| 99%| O|  |TAMS 0x00000007df600000| PB 0x00000007df600000| Untracked 
|1766|0x00000007df800000, 0x00000007dfa00000, 0x00000007dfa00000|100%| O|  |TAMS 0x00000007df800000| PB 0x00000007df800000| Untracked 
|1767|0x00000007dfa00000, 0x00000007dfc00000, 0x00000007dfc00000|100%| O|  |TAMS 0x00000007dfa00000| PB 0x00000007dfa00000| Untracked 
|1768|0x00000007dfc00000, 0x00000007dfdffff0, 0x00000007dfe00000| 99%| O|  |TAMS 0x00000007dfc00000| PB 0x00000007dfc00000| Untracked 
|1769|0x00000007dfe00000, 0x00000007dffffff0, 0x00000007e0000000| 99%| O|  |TAMS 0x00000007dfe00000| PB 0x00000007dfe00000| Untracked 
|1770|0x00000007e0000000, 0x00000007e01ffff8, 0x00000007e0200000| 99%| O|  |TAMS 0x00000007e0000000| PB 0x00000007e0000000| Untracked 
|1771|0x00000007e0200000, 0x00000007e0400000, 0x00000007e0400000|100%| O|  |TAMS 0x00000007e0200000| PB 0x00000007e0200000| Untracked 
|1772|0x00000007e0400000, 0x00000007e0600000, 0x00000007e0600000|100%| O|  |TAMS 0x00000007e0400000| PB 0x00000007e0400000| Untracked 
|1773|0x00000007e0600000, 0x00000007e07ffff8, 0x00000007e0800000| 99%| O|  |TAMS 0x00000007e0600000| PB 0x00000007e0600000| Untracked 
|1774|0x00000007e0800000, 0x00000007e0a00000, 0x00000007e0a00000|100%| O|  |TAMS 0x00000007e0800000| PB 0x00000007e0800000| Untracked 
|1775|0x00000007e0a00000, 0x00000007e0c00000, 0x00000007e0c00000|100%| O|  |TAMS 0x00000007e0a00000| PB 0x00000007e0a00000| Untracked 
|1776|0x00000007e0c00000, 0x00000007e0dffff8, 0x00000007e0e00000| 99%| O|  |TAMS 0x00000007e0c00000| PB 0x00000007e0c00000| Untracked 
|1777|0x00000007e0e00000, 0x00000007e0ffffe8, 0x00000007e1000000| 99%| O|  |TAMS 0x00000007e0e00000| PB 0x00000007e0e00000| Untracked 
|1778|0x00000007e1000000, 0x00000007e11ffff0, 0x00000007e1200000| 99%| O|  |TAMS 0x00000007e1000000| PB 0x00000007e1000000| Untracked 
|1779|0x00000007e1200000, 0x00000007e1400000, 0x00000007e1400000|100%| O|  |TAMS 0x00000007e1200000| PB 0x00000007e1200000| Untracked 
|1780|0x00000007e1400000, 0x00000007e15ffff8, 0x00000007e1600000| 99%| O|  |TAMS 0x00000007e1400000| PB 0x00000007e1400000| Untracked 
|1781|0x00000007e1600000, 0x00000007e17ffff8, 0x00000007e1800000| 99%| O|  |TAMS 0x00000007e1600000| PB 0x00000007e1600000| Untracked 
|1782|0x00000007e1800000, 0x00000007e1a00000, 0x00000007e1a00000|100%| O|  |TAMS 0x00000007e1800000| PB 0x00000007e1800000| Untracked 
|1783|0x00000007e1a00000, 0x00000007e1bffff0, 0x00000007e1c00000| 99%| O|  |TAMS 0x00000007e1a00000| PB 0x00000007e1a00000| Untracked 
|1784|0x00000007e1c00000, 0x00000007e1dffff8, 0x00000007e1e00000| 99%| O|  |TAMS 0x00000007e1c00000| PB 0x00000007e1c00000| Untracked 
|1785|0x00000007e1e00000, 0x00000007e1fffff8, 0x00000007e2000000| 99%| O|  |TAMS 0x00000007e1e00000| PB 0x00000007e1e00000| Untracked 
|1786|0x00000007e2000000, 0x00000007e2200000, 0x00000007e2200000|100%| O|  |TAMS 0x00000007e2000000| PB 0x00000007e2000000| Untracked 
|1787|0x00000007e2200000, 0x00000007e2400000, 0x00000007e2400000|100%| O|  |TAMS 0x00000007e2200000| PB 0x00000007e2200000| Untracked 
|1788|0x00000007e2400000, 0x00000007e25fffe8, 0x00000007e2600000| 99%| O|  |TAMS 0x00000007e2400000| PB 0x00000007e2400000| Untracked 
|1789|0x00000007e2600000, 0x00000007e27ffff0, 0x00000007e2800000| 99%| O|  |TAMS 0x00000007e2600000| PB 0x00000007e2600000| Untracked 
|1790|0x00000007e2800000, 0x00000007e2a00000, 0x00000007e2a00000|100%| O|  |TAMS 0x00000007e2800000| PB 0x00000007e2800000| Untracked 
|1791|0x00000007e2a00000, 0x00000007e2c00000, 0x00000007e2c00000|100%| O|  |TAMS 0x00000007e2a00000| PB 0x00000007e2a00000| Untracked 
|1792|0x00000007e2c00000, 0x00000007e2e00000, 0x00000007e2e00000|100%| O|  |TAMS 0x00000007e2c00000| PB 0x00000007e2c00000| Untracked 
|1793|0x00000007e2e00000, 0x00000007e3000000, 0x00000007e3000000|100%| O|  |TAMS 0x00000007e2e00000| PB 0x00000007e2e00000| Untracked 
|1794|0x00000007e3000000, 0x00000007e3200000, 0x00000007e3200000|100%| O|  |TAMS 0x00000007e3000000| PB 0x00000007e3000000| Untracked 
|1795|0x00000007e3200000, 0x00000007e3400000, 0x00000007e3400000|100%| O|  |TAMS 0x00000007e3200000| PB 0x00000007e3200000| Untracked 
|1796|0x00000007e3400000, 0x00000007e35fffe8, 0x00000007e3600000| 99%| O|  |TAMS 0x00000007e3400000| PB 0x00000007e3400000| Untracked 
|1797|0x00000007e3600000, 0x00000007e37ffff0, 0x00000007e3800000| 99%| O|  |TAMS 0x00000007e3600000| PB 0x00000007e3600000| Untracked 
|1798|0x00000007e3800000, 0x00000007e39ffff0, 0x00000007e3a00000| 99%| O|  |TAMS 0x00000007e3800000| PB 0x00000007e3800000| Untracked 
|1799|0x00000007e3a00000, 0x00000007e3bffff0, 0x00000007e3c00000| 99%| O|  |TAMS 0x00000007e3a00000| PB 0x00000007e3a00000| Untracked 
|1800|0x00000007e3c00000, 0x00000007e3dffff0, 0x00000007e3e00000| 99%| O|  |TAMS 0x00000007e3c00000| PB 0x00000007e3c00000| Untracked 
|1801|0x00000007e3e00000, 0x00000007e4000000, 0x00000007e4000000|100%| O|  |TAMS 0x00000007e3e00000| PB 0x00000007e3e00000| Untracked 
|1802|0x00000007e4000000, 0x00000007e41fffd0, 0x00000007e4200000| 99%| O|  |TAMS 0x00000007e4000000| PB 0x00000007e4000000| Untracked 
|1803|0x00000007e4200000, 0x00000007e43fffd0, 0x00000007e4400000| 99%| O|  |TAMS 0x00000007e4200000| PB 0x00000007e4200000| Untracked 
|1804|0x00000007e4400000, 0x00000007e45fffe0, 0x00000007e4600000| 99%| O|  |TAMS 0x00000007e4400000| PB 0x00000007e4400000| Untracked 
|1805|0x00000007e4600000, 0x00000007e47ffff0, 0x00000007e4800000| 99%| O|  |TAMS 0x00000007e4600000| PB 0x00000007e4600000| Untracked 
|1806|0x00000007e4800000, 0x00000007e49fffe8, 0x00000007e4a00000| 99%| O|  |TAMS 0x00000007e4800000| PB 0x00000007e4800000| Untracked 
|1807|0x00000007e4a00000, 0x00000007e4bffff0, 0x00000007e4c00000| 99%| O|  |TAMS 0x00000007e4a00000| PB 0x00000007e4a00000| Untracked 
|1808|0x00000007e4c00000, 0x00000007e4dffff8, 0x00000007e4e00000| 99%| O|  |TAMS 0x00000007e4c00000| PB 0x00000007e4c00000| Untracked 
|1809|0x00000007e4e00000, 0x00000007e5000000, 0x00000007e5000000|100%| O|  |TAMS 0x00000007e4e00000| PB 0x00000007e4e00000| Untracked 
|1810|0x00000007e5000000, 0x00000007e51ffff8, 0x00000007e5200000| 99%| O|  |TAMS 0x00000007e5000000| PB 0x00000007e5000000| Untracked 
|1811|0x00000007e5200000, 0x00000007e53ffff8, 0x00000007e5400000| 99%| O|  |TAMS 0x00000007e5200000| PB 0x00000007e5200000| Untracked 
|1812|0x00000007e5400000, 0x00000007e5600000, 0x00000007e5600000|100%| O|  |TAMS 0x00000007e5400000| PB 0x00000007e5400000| Untracked 
|1813|0x00000007e5600000, 0x00000007e57ffff0, 0x00000007e5800000| 99%| O|  |TAMS 0x00000007e5600000| PB 0x00000007e5600000| Untracked 
|1814|0x00000007e5800000, 0x00000007e59fffe8, 0x00000007e5a00000| 99%| O|  |TAMS 0x00000007e5800000| PB 0x00000007e5800000| Untracked 
|1815|0x00000007e5a00000, 0x00000007e5bffff0, 0x00000007e5c00000| 99%| O|  |TAMS 0x00000007e5a00000| PB 0x00000007e5a00000| Untracked 
|1816|0x00000007e5c00000, 0x00000007e5e00000, 0x00000007e5e00000|100%| O|  |TAMS 0x00000007e5c00000| PB 0x00000007e5c00000| Untracked 
|1817|0x00000007e5e00000, 0x00000007e5ffffe8, 0x00000007e6000000| 99%| O|  |TAMS 0x00000007e5e00000| PB 0x00000007e5e00000| Untracked 
|1818|0x00000007e6000000, 0x00000007e61ffff0, 0x00000007e6200000| 99%| O|  |TAMS 0x00000007e6000000| PB 0x00000007e6000000| Untracked 
|1819|0x00000007e6200000, 0x00000007e63ffff0, 0x00000007e6400000| 99%| O|  |TAMS 0x00000007e6200000| PB 0x00000007e6200000| Untracked 
|1820|0x00000007e6400000, 0x00000007e65ffff8, 0x00000007e6600000| 99%| O|  |TAMS 0x00000007e6400000| PB 0x00000007e6400000| Untracked 
|1821|0x00000007e6600000, 0x00000007e67fffe0, 0x00000007e6800000| 99%| O|  |TAMS 0x00000007e6600000| PB 0x00000007e6600000| Untracked 
|1822|0x00000007e6800000, 0x00000007e69ffff8, 0x00000007e6a00000| 99%| O|  |TAMS 0x00000007e6800000| PB 0x00000007e6800000| Untracked 
|1823|0x00000007e6a00000, 0x00000007e6bfffd0, 0x00000007e6c00000| 99%| O|  |TAMS 0x00000007e6a00000| PB 0x00000007e6a00000| Untracked 
|1824|0x00000007e6c00000, 0x00000007e6e00000, 0x00000007e6e00000|100%| O|  |TAMS 0x00000007e6c00000| PB 0x00000007e6c00000| Untracked 
|1825|0x00000007e6e00000, 0x00000007e6ffffe8, 0x00000007e7000000| 99%| O|  |TAMS 0x00000007e6e00000| PB 0x00000007e6e00000| Untracked 
|1826|0x00000007e7000000, 0x00000007e7200000, 0x00000007e7200000|100%| O|  |TAMS 0x00000007e7000000| PB 0x00000007e7000000| Untracked 
|1827|0x00000007e7200000, 0x00000007e73fffe0, 0x00000007e7400000| 99%| O|  |TAMS 0x00000007e7200000| PB 0x00000007e7200000| Untracked 
|1828|0x00000007e7400000, 0x00000007e75ffff0, 0x00000007e7600000| 99%| O|  |TAMS 0x00000007e7400000| PB 0x00000007e7400000| Untracked 
|1829|0x00000007e7600000, 0x00000007e77ffff8, 0x00000007e7800000| 99%| O|  |TAMS 0x00000007e7600000| PB 0x00000007e7600000| Untracked 
|1830|0x00000007e7800000, 0x00000007e79fffe8, 0x00000007e7a00000| 99%| O|  |TAMS 0x00000007e7800000| PB 0x00000007e7800000| Untracked 
|1831|0x00000007e7a00000, 0x00000007e7c00000, 0x00000007e7c00000|100%| O|  |TAMS 0x00000007e7a00000| PB 0x00000007e7a00000| Untracked 
|1832|0x00000007e7c00000, 0x00000007e7dffff0, 0x00000007e7e00000| 99%| O|  |TAMS 0x00000007e7c00000| PB 0x00000007e7c00000| Untracked 
|1833|0x00000007e7e00000, 0x00000007e7fffff8, 0x00000007e8000000| 99%| O|  |TAMS 0x00000007e7e00000| PB 0x00000007e7e00000| Untracked 
|1834|0x00000007e8000000, 0x00000007e81ffff0, 0x00000007e8200000| 99%| O|  |TAMS 0x00000007e8000000| PB 0x00000007e8000000| Untracked 
|1835|0x00000007e8200000, 0x00000007e83ffff0, 0x00000007e8400000| 99%| O|  |TAMS 0x00000007e8200000| PB 0x00000007e8200000| Untracked 
|1836|0x00000007e8400000, 0x00000007e8600000, 0x00000007e8600000|100%| O|  |TAMS 0x00000007e8400000| PB 0x00000007e8400000| Untracked 
|1837|0x00000007e8600000, 0x00000007e87ffff8, 0x00000007e8800000| 99%| O|  |TAMS 0x00000007e8600000| PB 0x00000007e8600000| Untracked 
|1838|0x00000007e8800000, 0x00000007e89ffff8, 0x00000007e8a00000| 99%| O|  |TAMS 0x00000007e8800000| PB 0x00000007e8800000| Untracked 
|1839|0x00000007e8a00000, 0x00000007e8bffff0, 0x00000007e8c00000| 99%| O|  |TAMS 0x00000007e8a00000| PB 0x00000007e8a00000| Untracked 
|1840|0x00000007e8c00000, 0x00000007e8dffff0, 0x00000007e8e00000| 99%| O|  |TAMS 0x00000007e8c00000| PB 0x00000007e8c00000| Untracked 
|1841|0x00000007e8e00000, 0x00000007e8ffffe8, 0x00000007e9000000| 99%| O|  |TAMS 0x00000007e8e00000| PB 0x00000007e8e00000| Untracked 
|1842|0x00000007e9000000, 0x00000007e91ffff0, 0x00000007e9200000| 99%| O|  |TAMS 0x00000007e9000000| PB 0x00000007e9000000| Untracked 
|1843|0x00000007e9200000, 0x00000007e93fffe8, 0x00000007e9400000| 99%| O|  |TAMS 0x00000007e9200000| PB 0x00000007e9200000| Untracked 
|1844|0x00000007e9400000, 0x00000007e95ffff0, 0x00000007e9600000| 99%| O|  |TAMS 0x00000007e9400000| PB 0x00000007e9400000| Untracked 
|1845|0x00000007e9600000, 0x00000007e97fffd0, 0x00000007e9800000| 99%| O|  |TAMS 0x00000007e9600000| PB 0x00000007e9600000| Untracked 
|1846|0x00000007e9800000, 0x00000007e99ffff8, 0x00000007e9a00000| 99%| O|  |TAMS 0x00000007e9800000| PB 0x00000007e9800000| Untracked 
|1847|0x00000007e9a00000, 0x00000007e9bffff8, 0x00000007e9c00000| 99%| O|  |TAMS 0x00000007e9a00000| PB 0x00000007e9a00000| Untracked 
|1848|0x00000007e9c00000, 0x00000007e9e00000, 0x00000007e9e00000|100%| O|  |TAMS 0x00000007e9c00000| PB 0x00000007e9c00000| Untracked 
|1849|0x00000007e9e00000, 0x00000007e9fffff0, 0x00000007ea000000| 99%| O|  |TAMS 0x00000007e9e00000| PB 0x00000007e9e00000| Untracked 
|1850|0x00000007ea000000, 0x00000007ea1ffff8, 0x00000007ea200000| 99%| O|  |TAMS 0x00000007ea000000| PB 0x00000007ea000000| Untracked 
|1851|0x00000007ea200000, 0x00000007ea400000, 0x00000007ea400000|100%| O|  |TAMS 0x00000007ea200000| PB 0x00000007ea200000| Untracked 
|1852|0x00000007ea400000, 0x00000007ea5fffe8, 0x00000007ea600000| 99%| O|  |TAMS 0x00000007ea400000| PB 0x00000007ea400000| Untracked 
|1853|0x00000007ea600000, 0x00000007ea7ffff0, 0x00000007ea800000| 99%| O|  |TAMS 0x00000007ea600000| PB 0x00000007ea600000| Untracked 
|1854|0x00000007ea800000, 0x00000007ea9fffe0, 0x00000007eaa00000| 99%| O|  |TAMS 0x00000007ea800000| PB 0x00000007ea800000| Untracked 
|1855|0x00000007eaa00000, 0x00000007eabffff8, 0x00000007eac00000| 99%| O|  |TAMS 0x00000007eaa00000| PB 0x00000007eaa00000| Untracked 
|1856|0x00000007eac00000, 0x00000007eadffff0, 0x00000007eae00000| 99%| O|  |TAMS 0x00000007eac00000| PB 0x00000007eac00000| Untracked 
|1857|0x00000007eae00000, 0x00000007eb000000, 0x00000007eb000000|100%| O|  |TAMS 0x00000007eae00000| PB 0x00000007eae00000| Untracked 
|1858|0x00000007eb000000, 0x00000007eb1fffe0, 0x00000007eb200000| 99%| O|  |TAMS 0x00000007eb000000| PB 0x00000007eb000000| Untracked 
|1859|0x00000007eb200000, 0x00000007eb400000, 0x00000007eb400000|100%| O|  |TAMS 0x00000007eb200000| PB 0x00000007eb200000| Untracked 
|1860|0x00000007eb400000, 0x00000007eb5ffff8, 0x00000007eb600000| 99%| O|  |TAMS 0x00000007eb400000| PB 0x00000007eb400000| Untracked 
|1861|0x00000007eb600000, 0x00000007eb800000, 0x00000007eb800000|100%| O|  |TAMS 0x00000007eb600000| PB 0x00000007eb600000| Untracked 
|1862|0x00000007eb800000, 0x00000007eba00000, 0x00000007eba00000|100%| O|  |TAMS 0x00000007eb800000| PB 0x00000007eb800000| Untracked 
|1863|0x00000007eba00000, 0x00000007ebc00000, 0x00000007ebc00000|100%| O|  |TAMS 0x00000007eba00000| PB 0x00000007eba00000| Untracked 
|1864|0x00000007ebc00000, 0x00000007ebdffff8, 0x00000007ebe00000| 99%| O|  |TAMS 0x00000007ebc00000| PB 0x00000007ebc00000| Untracked 
|1865|0x00000007ebe00000, 0x00000007ebfffff0, 0x00000007ec000000| 99%| O|  |TAMS 0x00000007ebe00000| PB 0x00000007ebe00000| Untracked 
|1866|0x00000007ec000000, 0x00000007ec1ffff8, 0x00000007ec200000| 99%| O|  |TAMS 0x00000007ec000000| PB 0x00000007ec000000| Untracked 
|1867|0x00000007ec200000, 0x00000007ec3ffff8, 0x00000007ec400000| 99%| O|  |TAMS 0x00000007ec200000| PB 0x00000007ec200000| Untracked 
|1868|0x00000007ec400000, 0x00000007ec5fffe0, 0x00000007ec600000| 99%| O|  |TAMS 0x00000007ec400000| PB 0x00000007ec400000| Untracked 
|1869|0x00000007ec600000, 0x00000007ec7ffff8, 0x00000007ec800000| 99%| O|  |TAMS 0x00000007ec600000| PB 0x00000007ec600000| Untracked 
|1870|0x00000007ec800000, 0x00000007ec9ffff0, 0x00000007eca00000| 99%| O|  |TAMS 0x00000007ec800000| PB 0x00000007ec800000| Untracked 
|1871|0x00000007eca00000, 0x00000007ecc00000, 0x00000007ecc00000|100%| O|  |TAMS 0x00000007eca00000| PB 0x00000007eca00000| Untracked 
|1872|0x00000007ecc00000, 0x00000007ecdffff0, 0x00000007ece00000| 99%| O|  |TAMS 0x00000007ecc00000| PB 0x00000007ecc00000| Untracked 
|1873|0x00000007ece00000, 0x00000007ed000000, 0x00000007ed000000|100%| O|  |TAMS 0x00000007ece00000| PB 0x00000007ece00000| Untracked 
|1874|0x00000007ed000000, 0x00000007ed200000, 0x00000007ed200000|100%| O|  |TAMS 0x00000007ed000000| PB 0x00000007ed000000| Untracked 
|1875|0x00000007ed200000, 0x00000007ed400000, 0x00000007ed400000|100%| O|  |TAMS 0x00000007ed200000| PB 0x00000007ed200000| Untracked 
|1876|0x00000007ed400000, 0x00000007ed5ffff0, 0x00000007ed600000| 99%| O|  |TAMS 0x00000007ed400000| PB 0x00000007ed400000| Untracked 
|1877|0x00000007ed600000, 0x00000007ed7fffe0, 0x00000007ed800000| 99%| O|  |TAMS 0x00000007ed600000| PB 0x00000007ed600000| Untracked 
|1878|0x00000007ed800000, 0x00000007ed9fffd8, 0x00000007eda00000| 99%| O|  |TAMS 0x00000007ed800000| PB 0x00000007ed800000| Untracked 
|1879|0x00000007eda00000, 0x00000007edbfffe8, 0x00000007edc00000| 99%| O|  |TAMS 0x00000007eda00000| PB 0x00000007eda00000| Untracked 
|1880|0x00000007edc00000, 0x00000007eddfffd0, 0x00000007ede00000| 99%| O|  |TAMS 0x00000007edc00000| PB 0x00000007edc00000| Untracked 
|1881|0x00000007ede00000, 0x00000007edfffff0, 0x00000007ee000000| 99%| O|  |TAMS 0x00000007ede00000| PB 0x00000007ede00000| Untracked 
|1882|0x00000007ee000000, 0x00000007ee1ffff8, 0x00000007ee200000| 99%| O|  |TAMS 0x00000007ee000000| PB 0x00000007ee000000| Untracked 
|1883|0x00000007ee200000, 0x00000007ee400000, 0x00000007ee400000|100%| O|  |TAMS 0x00000007ee200000| PB 0x00000007ee200000| Untracked 
|1884|0x00000007ee400000, 0x00000007ee5ffff8, 0x00000007ee600000| 99%| O|  |TAMS 0x00000007ee400000| PB 0x00000007ee400000| Untracked 
|1885|0x00000007ee600000, 0x00000007ee7ffff8, 0x00000007ee800000| 99%| O|  |TAMS 0x00000007ee600000| PB 0x00000007ee600000| Untracked 
|1886|0x00000007ee800000, 0x00000007eea00000, 0x00000007eea00000|100%| O|  |TAMS 0x00000007ee800000| PB 0x00000007ee800000| Untracked 
|1887|0x00000007eea00000, 0x00000007eec00000, 0x00000007eec00000|100%| O|  |TAMS 0x00000007eea00000| PB 0x00000007eea00000| Untracked 
|1888|0x00000007eec00000, 0x00000007eedffff0, 0x00000007eee00000| 99%| O|  |TAMS 0x00000007eec00000| PB 0x00000007eec00000| Untracked 
|1889|0x00000007eee00000, 0x00000007eeffffd0, 0x00000007ef000000| 99%| O|  |TAMS 0x00000007eee00000| PB 0x00000007eee00000| Untracked 
|1890|0x00000007ef000000, 0x00000007ef1ffff0, 0x00000007ef200000| 99%| O|  |TAMS 0x00000007ef000000| PB 0x00000007ef000000| Untracked 
|1891|0x00000007ef200000, 0x00000007ef3ffff8, 0x00000007ef400000| 99%| O|  |TAMS 0x00000007ef200000| PB 0x00000007ef200000| Untracked 
|1892|0x00000007ef400000, 0x00000007ef5ffff8, 0x00000007ef600000| 99%| O|  |TAMS 0x00000007ef400000| PB 0x00000007ef400000| Untracked 
|1893|0x00000007ef600000, 0x00000007ef800000, 0x00000007ef800000|100%| O|  |TAMS 0x00000007ef600000| PB 0x00000007ef600000| Untracked 
|1894|0x00000007ef800000, 0x00000007ef9ffff0, 0x00000007efa00000| 99%| O|  |TAMS 0x00000007ef800000| PB 0x00000007ef800000| Untracked 
|1895|0x00000007efa00000, 0x00000007efbffff8, 0x00000007efc00000| 99%| O|  |TAMS 0x00000007efa00000| PB 0x00000007efa00000| Untracked 
|1896|0x00000007efc00000, 0x00000007efe00000, 0x00000007efe00000|100%| O|  |TAMS 0x00000007efc00000| PB 0x00000007efc00000| Untracked 
|1897|0x00000007efe00000, 0x00000007effffff0, 0x00000007f0000000| 99%| O|  |TAMS 0x00000007efe00000| PB 0x00000007efe00000| Untracked 
|1898|0x00000007f0000000, 0x00000007f01fffe0, 0x00000007f0200000| 99%| O|  |TAMS 0x00000007f0000000| PB 0x00000007f0000000| Untracked 
|1899|0x00000007f0200000, 0x00000007f03ffff0, 0x00000007f0400000| 99%| O|  |TAMS 0x00000007f0200000| PB 0x00000007f0200000| Untracked 
|1900|0x00000007f0400000, 0x00000007f0600000, 0x00000007f0600000|100%| O|  |TAMS 0x00000007f0400000| PB 0x00000007f0400000| Untracked 
|1901|0x00000007f0600000, 0x00000007f07ffff8, 0x00000007f0800000| 99%| O|  |TAMS 0x00000007f0600000| PB 0x00000007f0600000| Untracked 
|1902|0x00000007f0800000, 0x00000007f09ffff8, 0x00000007f0a00000| 99%| O|  |TAMS 0x00000007f0800000| PB 0x00000007f0800000| Untracked 
|1903|0x00000007f0a00000, 0x00000007f0bffff0, 0x00000007f0c00000| 99%| O|  |TAMS 0x00000007f0a00000| PB 0x00000007f0a00000| Untracked 
|1904|0x00000007f0c00000, 0x00000007f0dffff8, 0x00000007f0e00000| 99%| O|  |TAMS 0x00000007f0c00000| PB 0x00000007f0c00000| Untracked 
|1905|0x00000007f0e00000, 0x00000007f0fffff0, 0x00000007f1000000| 99%| O|  |TAMS 0x00000007f0e00000| PB 0x00000007f0e00000| Untracked 
|1906|0x00000007f1000000, 0x00000007f11fffd0, 0x00000007f1200000| 99%| O|  |TAMS 0x00000007f1000000| PB 0x00000007f1000000| Untracked 
|1907|0x00000007f1200000, 0x00000007f13ffff0, 0x00000007f1400000| 99%| O|  |TAMS 0x00000007f1200000| PB 0x00000007f1200000| Untracked 
|1908|0x00000007f1400000, 0x00000007f15fffe8, 0x00000007f1600000| 99%| O|  |TAMS 0x00000007f1400000| PB 0x00000007f1400000| Untracked 
|1909|0x00000007f1600000, 0x00000007f17ffff0, 0x00000007f1800000| 99%| O|  |TAMS 0x00000007f1600000| PB 0x00000007f1600000| Untracked 
|1910|0x00000007f1800000, 0x00000007f1a00000, 0x00000007f1a00000|100%| O|  |TAMS 0x00000007f1800000| PB 0x00000007f1800000| Untracked 
|1911|0x00000007f1a00000, 0x00000007f1bfffe8, 0x00000007f1c00000| 99%| O|  |TAMS 0x00000007f1a00000| PB 0x00000007f1a00000| Untracked 
|1912|0x00000007f1c00000, 0x00000007f1e00000, 0x00000007f1e00000|100%| O|  |TAMS 0x00000007f1c00000| PB 0x00000007f1c00000| Untracked 
|1913|0x00000007f1e00000, 0x00000007f1ffffd8, 0x00000007f2000000| 99%| O|  |TAMS 0x00000007f1e00000| PB 0x00000007f1e00000| Untracked 
|1914|0x00000007f2000000, 0x00000007f21fffd8, 0x00000007f2200000| 99%| O|  |TAMS 0x00000007f2000000| PB 0x00000007f2000000| Untracked 
|1915|0x00000007f2200000, 0x00000007f2400000, 0x00000007f2400000|100%| O|  |TAMS 0x00000007f2200000| PB 0x00000007f2200000| Untracked 
|1916|0x00000007f2400000, 0x00000007f25ffff0, 0x00000007f2600000| 99%| O|  |TAMS 0x00000007f2400000| PB 0x00000007f2400000| Untracked 
|1917|0x00000007f2600000, 0x00000007f27ffff0, 0x00000007f2800000| 99%| O|  |TAMS 0x00000007f2600000| PB 0x00000007f2600000| Untracked 
|1918|0x00000007f2800000, 0x00000007f29ffff0, 0x00000007f2a00000| 99%| O|  |TAMS 0x00000007f2800000| PB 0x00000007f2800000| Untracked 
|1919|0x00000007f2a00000, 0x00000007f2c00000, 0x00000007f2c00000|100%| O|  |TAMS 0x00000007f2a00000| PB 0x00000007f2a00000| Untracked 
|1920|0x00000007f2c00000, 0x00000007f2dfffe0, 0x00000007f2e00000| 99%| O|  |TAMS 0x00000007f2c00000| PB 0x00000007f2c00000| Untracked 
|1921|0x00000007f2e00000, 0x00000007f2fffff8, 0x00000007f3000000| 99%| O|  |TAMS 0x00000007f2e00000| PB 0x00000007f2e00000| Untracked 
|1922|0x00000007f3000000, 0x00000007f3200000, 0x00000007f3200000|100%| O|  |TAMS 0x00000007f3000000| PB 0x00000007f3000000| Untracked 
|1923|0x00000007f3200000, 0x00000007f3400000, 0x00000007f3400000|100%| O|  |TAMS 0x00000007f3200000| PB 0x00000007f3200000| Untracked 
|1924|0x00000007f3400000, 0x00000007f35fffe8, 0x00000007f3600000| 99%| O|  |TAMS 0x00000007f3400000| PB 0x00000007f3400000| Untracked 
|1925|0x00000007f3600000, 0x00000007f37ffff8, 0x00000007f3800000| 99%| O|  |TAMS 0x00000007f3600000| PB 0x00000007f3600000| Untracked 
|1926|0x00000007f3800000, 0x00000007f39fffe8, 0x00000007f3a00000| 99%| O|  |TAMS 0x00000007f3800000| PB 0x00000007f3800000| Untracked 
|1927|0x00000007f3a00000, 0x00000007f3bfffe8, 0x00000007f3c00000| 99%| O|  |TAMS 0x00000007f3a00000| PB 0x00000007f3a00000| Untracked 
|1928|0x00000007f3c00000, 0x00000007f3dffff8, 0x00000007f3e00000| 99%| O|  |TAMS 0x00000007f3c00000| PB 0x00000007f3c00000| Untracked 
|1929|0x00000007f3e00000, 0x00000007f3fffff0, 0x00000007f4000000| 99%| O|  |TAMS 0x00000007f3e00000| PB 0x00000007f3e00000| Untracked 
|1930|0x00000007f4000000, 0x00000007f41ffff8, 0x00000007f4200000| 99%| O|  |TAMS 0x00000007f4000000| PB 0x00000007f4000000| Untracked 
|1931|0x00000007f4200000, 0x00000007f43ffff0, 0x00000007f4400000| 99%| O|  |TAMS 0x00000007f4200000| PB 0x00000007f4200000| Untracked 
|1932|0x00000007f4400000, 0x00000007f45ffff8, 0x00000007f4600000| 99%| O|  |TAMS 0x00000007f4400000| PB 0x00000007f4400000| Untracked 
|1933|0x00000007f4600000, 0x00000007f47ffff0, 0x00000007f4800000| 99%| O|  |TAMS 0x00000007f4600000| PB 0x00000007f4600000| Untracked 
|1934|0x00000007f4800000, 0x00000007f49fffd0, 0x00000007f4a00000| 99%| O|  |TAMS 0x00000007f4800000| PB 0x00000007f4800000| Untracked 
|1935|0x00000007f4a00000, 0x00000007f4bfffe0, 0x00000007f4c00000| 99%| O|  |TAMS 0x00000007f4a00000| PB 0x00000007f4a00000| Untracked 
|1936|0x00000007f4c00000, 0x00000007f4dffff8, 0x00000007f4e00000| 99%| O|  |TAMS 0x00000007f4c00000| PB 0x00000007f4c00000| Untracked 
|1937|0x00000007f4e00000, 0x00000007f5000000, 0x00000007f5000000|100%| O|  |TAMS 0x00000007f4e00000| PB 0x00000007f4e00000| Untracked 
|1938|0x00000007f5000000, 0x00000007f51ffff8, 0x00000007f5200000| 99%| O|  |TAMS 0x00000007f5000000| PB 0x00000007f5000000| Untracked 
|1939|0x00000007f5200000, 0x00000007f53ffff0, 0x00000007f5400000| 99%| O|  |TAMS 0x00000007f5200000| PB 0x00000007f5200000| Untracked 
|1940|0x00000007f5400000, 0x00000007f55ffff0, 0x00000007f5600000| 99%| O|  |TAMS 0x00000007f5400000| PB 0x00000007f5400000| Untracked 
|1941|0x00000007f5600000, 0x00000007f57ffff0, 0x00000007f5800000| 99%| O|  |TAMS 0x00000007f5600000| PB 0x00000007f5600000| Untracked 
|1942|0x00000007f5800000, 0x00000007f5a00000, 0x00000007f5a00000|100%| O|  |TAMS 0x00000007f5800000| PB 0x00000007f5800000| Untracked 
|1943|0x00000007f5a00000, 0x00000007f5c00000, 0x00000007f5c00000|100%| O|  |TAMS 0x00000007f5a00000| PB 0x00000007f5a00000| Untracked 
|1944|0x00000007f5c00000, 0x00000007f5dffff0, 0x00000007f5e00000| 99%| O|  |TAMS 0x00000007f5c00000| PB 0x00000007f5c00000| Untracked 
|1945|0x00000007f5e00000, 0x00000007f5fffff8, 0x00000007f6000000| 99%| O|  |TAMS 0x00000007f5e00000| PB 0x00000007f5e00000| Untracked 
|1946|0x00000007f6000000, 0x00000007f61fffd0, 0x00000007f6200000| 99%| O|  |TAMS 0x00000007f6000000| PB 0x00000007f6000000| Untracked 
|1947|0x00000007f6200000, 0x00000007f63fffe0, 0x00000007f6400000| 99%| O|  |TAMS 0x00000007f6200000| PB 0x00000007f6200000| Untracked 
|1948|0x00000007f6400000, 0x00000007f65ffff0, 0x00000007f6600000| 99%| O|  |TAMS 0x00000007f6400000| PB 0x00000007f6400000| Untracked 
|1949|0x00000007f6600000, 0x00000007f67fffe8, 0x00000007f6800000| 99%| O|  |TAMS 0x00000007f6600000| PB 0x00000007f6600000| Untracked 
|1950|0x00000007f6800000, 0x00000007f69fffe0, 0x00000007f6a00000| 99%| O|  |TAMS 0x00000007f6800000| PB 0x00000007f6800000| Untracked 
|1951|0x00000007f6a00000, 0x00000007f6bfffe0, 0x00000007f6c00000| 99%| O|  |TAMS 0x00000007f6a00000| PB 0x00000007f6a00000| Untracked 
|1952|0x00000007f6c00000, 0x00000007f6dffff0, 0x00000007f6e00000| 99%| O|  |TAMS 0x00000007f6c00000| PB 0x00000007f6c00000| Untracked 
|1953|0x00000007f6e00000, 0x00000007f6fffff8, 0x00000007f7000000| 99%| O|  |TAMS 0x00000007f6e00000| PB 0x00000007f6e00000| Untracked 
|1954|0x00000007f7000000, 0x00000007f71fffd0, 0x00000007f7200000| 99%| O|  |TAMS 0x00000007f7000000| PB 0x00000007f7000000| Untracked 
|1955|0x00000007f7200000, 0x00000007f73fffd0, 0x00000007f7400000| 99%| O|  |TAMS 0x00000007f7200000| PB 0x00000007f7200000| Untracked 
|1956|0x00000007f7400000, 0x00000007f7600000, 0x00000007f7600000|100%| O|  |TAMS 0x00000007f7400000| PB 0x00000007f7400000| Untracked 
|1957|0x00000007f7600000, 0x00000007f77ffff8, 0x00000007f7800000| 99%| O|  |TAMS 0x00000007f7600000| PB 0x00000007f7600000| Untracked 
|1958|0x00000007f7800000, 0x00000007f79ffff0, 0x00000007f7a00000| 99%| O|  |TAMS 0x00000007f7800000| PB 0x00000007f7800000| Untracked 
|1959|0x00000007f7a00000, 0x00000007f7bffff8, 0x00000007f7c00000| 99%| O|  |TAMS 0x00000007f7a00000| PB 0x00000007f7a00000| Untracked 
|1960|0x00000007f7c00000, 0x00000007f7dffff8, 0x00000007f7e00000| 99%| O|  |TAMS 0x00000007f7c00000| PB 0x00000007f7c00000| Untracked 
|1961|0x00000007f7e00000, 0x00000007f7fffff8, 0x00000007f8000000| 99%| O|  |TAMS 0x00000007f7e00000| PB 0x00000007f7e00000| Untracked 
|1962|0x00000007f8000000, 0x00000007f81fffe8, 0x00000007f8200000| 99%| O|  |TAMS 0x00000007f8000000| PB 0x00000007f8000000| Untracked 
|1963|0x00000007f8200000, 0x00000007f8400000, 0x00000007f8400000|100%| O|  |TAMS 0x00000007f8200000| PB 0x00000007f8200000| Untracked 
|1964|0x00000007f8400000, 0x00000007f85ffff8, 0x00000007f8600000| 99%| O|  |TAMS 0x00000007f8400000| PB 0x00000007f8400000| Untracked 
|1965|0x00000007f8600000, 0x00000007f87ffff0, 0x00000007f8800000| 99%| O|  |TAMS 0x00000007f8600000| PB 0x00000007f8600000| Untracked 
|1966|0x00000007f8800000, 0x00000007f89fffe8, 0x00000007f8a00000| 99%| O|  |TAMS 0x00000007f8800000| PB 0x00000007f8800000| Untracked 
|1967|0x00000007f8a00000, 0x00000007f8c00000, 0x00000007f8c00000|100%| O|  |TAMS 0x00000007f8a00000| PB 0x00000007f8a00000| Untracked 
|1968|0x00000007f8c00000, 0x00000007f8dffff8, 0x00000007f8e00000| 99%| O|  |TAMS 0x00000007f8c00000| PB 0x00000007f8c00000| Untracked 
|1969|0x00000007f8e00000, 0x00000007f8ffffe0, 0x00000007f9000000| 99%| O|  |TAMS 0x00000007f8e00000| PB 0x00000007f8e00000| Untracked 
|1970|0x00000007f9000000, 0x00000007f91fffe0, 0x00000007f9200000| 99%| O|  |TAMS 0x00000007f9000000| PB 0x00000007f9000000| Untracked 
|1971|0x00000007f9200000, 0x00000007f93fffd8, 0x00000007f9400000| 99%| O|  |TAMS 0x00000007f9200000| PB 0x00000007f9200000| Untracked 
|1972|0x00000007f9400000, 0x00000007f95ffff8, 0x00000007f9600000| 99%| O|  |TAMS 0x00000007f9400000| PB 0x00000007f9400000| Untracked 
|1973|0x00000007f9600000, 0x00000007f97ffff0, 0x00000007f9800000| 99%| O|  |TAMS 0x00000007f9600000| PB 0x00000007f9600000| Untracked 
|1974|0x00000007f9800000, 0x00000007f99ffff0, 0x00000007f9a00000| 99%| O|  |TAMS 0x00000007f9800000| PB 0x00000007f9800000| Untracked 
|1975|0x00000007f9a00000, 0x00000007f9c00000, 0x00000007f9c00000|100%| O|  |TAMS 0x00000007f9a00000| PB 0x00000007f9a00000| Untracked 
|1976|0x00000007f9c00000, 0x00000007f9dffff0, 0x00000007f9e00000| 99%| O|  |TAMS 0x00000007f9c00000| PB 0x00000007f9c00000| Untracked 
|1977|0x00000007f9e00000, 0x00000007f9fffff0, 0x00000007fa000000| 99%| O|  |TAMS 0x00000007f9e00000| PB 0x00000007f9e00000| Untracked 
|1978|0x00000007fa000000, 0x00000007fa1fffe8, 0x00000007fa200000| 99%| O|  |TAMS 0x00000007fa000000| PB 0x00000007fa000000| Untracked 
|1979|0x00000007fa200000, 0x00000007fa3ffff0, 0x00000007fa400000| 99%| O|  |TAMS 0x00000007fa200000| PB 0x00000007fa200000| Untracked 
|1980|0x00000007fa400000, 0x00000007fa5ffff0, 0x00000007fa600000| 99%| O|  |TAMS 0x00000007fa400000| PB 0x00000007fa400000| Untracked 
|1981|0x00000007fa600000, 0x00000007fa7fffe8, 0x00000007fa800000| 99%| O|  |TAMS 0x00000007fa600000| PB 0x00000007fa600000| Untracked 
|1982|0x00000007fa800000, 0x00000007fa9ffff0, 0x00000007faa00000| 99%| O|  |TAMS 0x00000007fa800000| PB 0x00000007fa800000| Untracked 
|1983|0x00000007faa00000, 0x00000007fabfffe8, 0x00000007fac00000| 99%| O|  |TAMS 0x00000007faa00000| PB 0x00000007faa00000| Untracked 
|1984|0x00000007fac00000, 0x00000007fadfffe8, 0x00000007fae00000| 99%| O|  |TAMS 0x00000007fac00000| PB 0x00000007fac00000| Untracked 
|1985|0x00000007fae00000, 0x00000007fafffff8, 0x00000007fb000000| 99%| O|  |TAMS 0x00000007fae00000| PB 0x00000007fae00000| Untracked 
|1986|0x00000007fb000000, 0x00000007fb1ffff0, 0x00000007fb200000| 99%| O|  |TAMS 0x00000007fb000000| PB 0x00000007fb000000| Untracked 
|1987|0x00000007fb200000, 0x00000007fb3fffd8, 0x00000007fb400000| 99%| O|  |TAMS 0x00000007fb200000| PB 0x00000007fb200000| Untracked 
|1988|0x00000007fb400000, 0x00000007fb600000, 0x00000007fb600000|100%| O|  |TAMS 0x00000007fb400000| PB 0x00000007fb400000| Untracked 
|1989|0x00000007fb600000, 0x00000007fb7fffe8, 0x00000007fb800000| 99%| O|  |TAMS 0x00000007fb600000| PB 0x00000007fb600000| Untracked 
|1990|0x00000007fb800000, 0x00000007fb9ffff0, 0x00000007fba00000| 99%| O|  |TAMS 0x00000007fb800000| PB 0x00000007fb800000| Untracked 
|1991|0x00000007fba00000, 0x00000007fbbffff8, 0x00000007fbc00000| 99%| O|  |TAMS 0x00000007fba00000| PB 0x00000007fba00000| Untracked 
|1992|0x00000007fbc00000, 0x00000007fbe00000, 0x00000007fbe00000|100%| O|  |TAMS 0x00000007fbc00000| PB 0x00000007fbc00000| Untracked 
|1993|0x00000007fbe00000, 0x00000007fbfffff0, 0x00000007fc000000| 99%| O|  |TAMS 0x00000007fbe00000| PB 0x00000007fbe00000| Untracked 
|1994|0x00000007fc000000, 0x00000007fc1fffd0, 0x00000007fc200000| 99%| O|  |TAMS 0x00000007fc000000| PB 0x00000007fc000000| Untracked 
|1995|0x00000007fc200000, 0x00000007fc3ffff0, 0x00000007fc400000| 99%| O|  |TAMS 0x00000007fc200000| PB 0x00000007fc200000| Untracked 
|1996|0x00000007fc400000, 0x00000007fc5ffff8, 0x00000007fc600000| 99%| O|  |TAMS 0x00000007fc400000| PB 0x00000007fc400000| Untracked 
|1997|0x00000007fc600000, 0x00000007fc7ffff0, 0x00000007fc800000| 99%| O|  |TAMS 0x00000007fc600000| PB 0x00000007fc600000| Untracked 
|1998|0x00000007fc800000, 0x00000007fc9ffff8, 0x00000007fca00000| 99%| O|  |TAMS 0x00000007fc800000| PB 0x00000007fc800000| Untracked 
|1999|0x00000007fca00000, 0x00000007fcbffff0, 0x00000007fcc00000| 99%| O|  |TAMS 0x00000007fca00000| PB 0x00000007fca00000| Untracked 
|2000|0x00000007fcc00000, 0x00000007fce00000, 0x00000007fce00000|100%| O|  |TAMS 0x00000007fcc00000| PB 0x00000007fcc00000| Untracked 
|2001|0x00000007fce00000, 0x00000007fcfffff0, 0x00000007fd000000| 99%| O|  |TAMS 0x00000007fce00000| PB 0x00000007fce00000| Untracked 
|2002|0x00000007fd000000, 0x00000007fd1ffff8, 0x00000007fd200000| 99%| O|  |TAMS 0x00000007fd000000| PB 0x00000007fd000000| Untracked 
|2003|0x00000007fd200000, 0x00000007fd400000, 0x00000007fd400000|100%| O|  |TAMS 0x00000007fd200000| PB 0x00000007fd200000| Untracked 
|2004|0x00000007fd400000, 0x00000007fd600000, 0x00000007fd600000|100%| O|  |TAMS 0x00000007fd400000| PB 0x00000007fd400000| Untracked 
|2005|0x00000007fd600000, 0x00000007fd7ffff8, 0x00000007fd800000| 99%| O|  |TAMS 0x00000007fd600000| PB 0x00000007fd600000| Untracked 
|2006|0x00000007fd800000, 0x00000007fd9ffff0, 0x00000007fda00000| 99%| O|  |TAMS 0x00000007fd800000| PB 0x00000007fd800000| Untracked 
|2007|0x00000007fda00000, 0x00000007fdc00000, 0x00000007fdc00000|100%| O|  |TAMS 0x00000007fda00000| PB 0x00000007fda00000| Untracked 
|2008|0x00000007fdc00000, 0x00000007fddffff8, 0x00000007fde00000| 99%| O|  |TAMS 0x00000007fdc00000| PB 0x00000007fdc00000| Untracked 
|2009|0x00000007fde00000, 0x00000007fdfffff0, 0x00000007fe000000| 99%| O|  |TAMS 0x00000007fde00000| PB 0x00000007fde00000| Untracked 
|2010|0x00000007fe000000, 0x00000007fe1fffe8, 0x00000007fe200000| 99%| O|  |TAMS 0x00000007fe000000| PB 0x00000007fe000000| Untracked 
|2011|0x00000007fe200000, 0x00000007fe400000, 0x00000007fe400000|100%| O|  |TAMS 0x00000007fe200000| PB 0x00000007fe200000| Untracked 
|2012|0x00000007fe400000, 0x00000007fe5ffff0, 0x00000007fe600000| 99%| O|  |TAMS 0x00000007fe400000| PB 0x00000007fe400000| Untracked 
|2013|0x00000007fe600000, 0x00000007fe7ffff8, 0x00000007fe800000| 99%| O|  |TAMS 0x00000007fe600000| PB 0x00000007fe600000| Untracked 
|2014|0x00000007fe800000, 0x00000007fe9ffff0, 0x00000007fea00000| 99%| O|  |TAMS 0x00000007fe800000| PB 0x00000007fe800000| Untracked 
|2015|0x00000007fea00000, 0x00000007fec00000, 0x00000007fec00000|100%| O|  |TAMS 0x00000007fea00000| PB 0x00000007fea00000| Untracked 
|2016|0x00000007fec00000, 0x00000007fedfffe0, 0x00000007fee00000| 99%| O|  |TAMS 0x00000007fec00000| PB 0x00000007fec00000| Untracked 
|2017|0x00000007fee00000, 0x00000007fefffff8, 0x00000007ff000000| 99%| O|  |TAMS 0x00000007fee00000| PB 0x00000007fee00000| Untracked 
|2018|0x00000007ff000000, 0x00000007ff1ffff0, 0x00000007ff200000| 99%| O|  |TAMS 0x00000007ff000000| PB 0x00000007ff000000| Untracked 
|2019|0x00000007ff200000, 0x00000007ff3fffe0, 0x00000007ff400000| 99%| O|  |TAMS 0x00000007ff200000| PB 0x00000007ff200000| Untracked 
|2020|0x00000007ff400000, 0x00000007ff5ffff0, 0x00000007ff600000| 99%| O|  |TAMS 0x00000007ff400000| PB 0x00000007ff400000| Untracked 
|2021|0x00000007ff600000, 0x00000007ff7ffff0, 0x00000007ff800000| 99%| O|  |TAMS 0x00000007ff600000| PB 0x00000007ff600000| Untracked 
|2022|0x00000007ff800000, 0x00000007ff9ffff8, 0x00000007ffa00000| 99%| O|  |TAMS 0x00000007ff800000| PB 0x00000007ff800000| Untracked 
|2023|0x00000007ffa00000, 0x00000007ffc00000, 0x00000007ffc00000|100%| O|  |TAMS 0x00000007ffa00000| PB 0x00000007ffa00000| Untracked 
|2024|0x00000007ffc00000, 0x00000007ffdffff0, 0x00000007ffe00000| 99%| O|  |TAMS 0x00000007ffc00000| PB 0x00000007ffc00000| Untracked 
|2025|0x00000007ffe00000, 0x00000007ffe7f9e0, 0x0000000800000000| 24%| O|  |TAMS 0x00000007ffe00000| PB 0x00000007ffe00000| Untracked 

Card table byte_map: [0x000001bbe64b0000,0x000001bbe6ca0000] _byte_map_base: 0x000001bbe2c9a000

Marking Bits: (CMBitMap*) 0x000001bbcc125230
 Bits: [0x000001bbe6ca0000, 0x000001bbeabf0000)

Polling page: 0x000001bbcc180000

Metaspace:

Usage:
  Non-class:     17.85 MB used.
      Class:      2.84 MB used.
       Both:     20.69 MB used.

Virtual space:
  Non-class space:       64.00 MB reserved,      18.00 MB ( 28%) committed,  1 nodes.
      Class space:        1.00 GB reserved,       3.00 MB ( <1%) committed,  1 nodes.
             Both:        1.06 GB reserved,      21.00 MB (  2%) committed. 

Chunk freelists:
   Non-Class:  13.89 MB
       Class:  13.02 MB
        Both:  26.91 MB

MaxMetaspaceSize: unlimited
CompressedClassSpaceSize: 1.00 GB
Initial GC threshold: 21.00 MB
Current GC threshold: 34.94 MB
CDS: on
 - commit_granule_bytes: 65536.
 - commit_granule_words: 8192.
 - virtual_space_node_default_size: 8388608.
 - enlarge_chunks_in_place: 1.
 - use_allocation_guard: 0.


Internal statistics:

num_allocs_failed_limit: 0.
num_arena_births: 424.
num_arena_deaths: 174.
num_vsnodes_births: 2.
num_vsnodes_deaths: 0.
num_space_committed: 336.
num_space_uncommitted: 0.
num_chunks_returned_to_freelist: 205.
num_chunks_taken_from_freelist: 1178.
num_chunk_merges: 53.
num_chunk_splits: 771.
num_chunks_enlarged: 560.
num_inconsistent_stats: 0.

CodeHeap 'non-profiled nmethods': size=119168Kb used=3791Kb max_used=3791Kb free=115376Kb
 bounds [0x000001bbdd880000, 0x000001bbddc40000, 0x000001bbe4ce0000]
CodeHeap 'profiled nmethods': size=119104Kb used=8694Kb max_used=10570Kb free=110410Kb
 bounds [0x000001bbd5ce0000, 0x000001bbd6750000, 0x000001bbdd130000]
CodeHeap 'non-nmethods': size=7488Kb used=1877Kb max_used=3611Kb free=5610Kb
 bounds [0x000001bbdd130000, 0x000001bbdd530000, 0x000001bbdd880000]
 total_blobs=6026 nmethods=5148 adapters=782
 compilation: enabled
              stopped_count=0, restarted_count=0
 full_count=0

Compilation events (20 events):
Event: 183.377 Thread 0x000001bbedc7c980 6458       3       javafx.beans.property.StringProperty::setValue (6 bytes)
Event: 183.377 Thread 0x000001bbedc7c980 nmethod 6458 0x000001bbd653f010 code [0x000001bbd653f1c0, 0x000001bbd653f390]
Event: 184.381 Thread 0x000001bbedc7b760 6459       4       javafx.scene.layout.Region::computeChildPrefAreaHeight (273 bytes)
Event: 184.393 Thread 0x000001bbedc7b760 nmethod 6459 0x000001bbddc30310 code [0x000001bbddc30680, 0x000001bbddc31920]
Event: 188.383 Thread 0x000001bbedc7c980 6460       3       javafx.animation.Animation::stop (49 bytes)
Event: 188.384 Thread 0x000001bbedc7c980 nmethod 6460 0x000001bbd656a410 code [0x000001bbd656a780, 0x000001bbd656c0c8]
Event: 188.433 Thread 0x000001bbedc7b760 6461       4       java.lang.Character::digit (6 bytes)
Event: 188.434 Thread 0x000001bbedc7b760 nmethod 6461 0x000001bbddb5a410 code [0x000001bbddb5a5a0, 0x000001bbddb5a700]
Event: 188.438 Thread 0x000001bbedc7b760 6462       4       java.lang.CharacterDataLatin1::digit (32 bytes)
Event: 188.439 Thread 0x000001bbedc7b760 nmethod 6462 0x000001bbddb5a090 code [0x000001bbddb5a220, 0x000001bbddb5a328]
Event: 188.446 Thread 0x000001bbedc7b760 6463       4       java.util.ArrayDeque::isEmpty (17 bytes)
Event: 188.447 Thread 0x000001bbedc7b760 nmethod 6463 0x000001bbddb59d90 code [0x000001bbddb59f20, 0x000001bbddb59fc0]
Event: 188.447 Thread 0x000001bbedc7c980 6464       3       java.util.Locale::getDefault (4 bytes)
Event: 188.447 Thread 0x000001bbedc7c980 nmethod 6464 0x000001bbd60c0b10 code [0x000001bbd60c0ca0, 0x000001bbd60c0da0]
Event: 188.447 Thread 0x000001bbedc7b760 6465       4       javafx.css.CompoundSelector::applies (143 bytes)
Event: 188.449 Thread 0x000001bbedc7b760 nmethod 6465 0x000001bbddb59690 code [0x000001bbddb59840, 0x000001bbddb59b10]
Event: 188.449 Thread 0x000001bbedc7b760 6466       4       javafx.css.CssMetaData::hashCode (28 bytes)
Event: 188.450 Thread 0x000001bbedc7b760 nmethod 6466 0x000001bbddc32810 code [0x000001bbddc329e0, 0x000001bbddc32d48]
Event: 194.166 Thread 0x000001bbedc7b760 6467 % !   4       java.lang.ref.Reference::processPendingReferences @ 27 (118 bytes)
Event: 213.002 Thread 0x000001bbedc7b760 nmethod 6467% 0x000001bbddc32e90 code [0x000001bbddc331c0, 0x000001bbddc34bc0]

GC Heap History (20 events):
Event: 208.360 GC heap before
{Heap before GC invocations=417 (full 68):
 garbage-first heap   total 4149248K, used 4148409K [0x0000000702c00000, 0x0000000800000000)
  region size 2048K, 0 young (0K), 0 survivors (0K)
 Metaspace       used 21187K, committed 21504K, reserved 1114112K
  class space    used 2905K, committed 3072K, reserved 1048576K
}
Event: 209.200 GC heap after
{Heap after GC invocations=418 (full 69):
 garbage-first heap   total 4149248K, used 4147027K [0x0000000702c00000, 0x0000000800000000)
  region size 2048K, 0 young (0K), 0 survivors (0K)
 Metaspace       used 21187K, committed 21504K, reserved 1114112K
  class space    used 2905K, committed 3072K, reserved 1048576K
}
Event: 209.200 GC heap before
{Heap before GC invocations=418 (full 69):
 garbage-first heap   total 4149248K, used 4149075K [0x0000000702c00000, 0x0000000800000000)
  region size 2048K, 1 young (2048K), 0 survivors (0K)
 Metaspace       used 21187K, committed 21504K, reserved 1114112K
  class space    used 2905K, committed 3072K, reserved 1048576K
}
Event: 209.202 GC heap after
{Heap after GC invocations=419 (full 69):
 garbage-first heap   total 4149248K, used 4149075K [0x0000000702c00000, 0x0000000800000000)
  region size 2048K, 0 young (0K), 0 survivors (0K)
 Metaspace       used 21187K, committed 21504K, reserved 1114112K
  class space    used 2905K, committed 3072K, reserved 1048576K
}
Event: 209.202 GC heap before
{Heap before GC invocations=419 (full 69):
 garbage-first heap   total 4149248K, used 4149075K [0x0000000702c00000, 0x0000000800000000)
  region size 2048K, 0 young (0K), 0 survivors (0K)
 Metaspace       used 21187K, committed 21504K, reserved 1114112K
  class space    used 2905K, committed 3072K, reserved 1048576K
}
Event: 210.040 GC heap after
{Heap after GC invocations=420 (full 70):
 garbage-first heap   total 4149248K, used 4147701K [0x0000000702c00000, 0x0000000800000000)
  region size 2048K, 0 young (0K), 0 survivors (0K)
 Metaspace       used 21187K, committed 21504K, reserved 1114112K
  class space    used 2905K, committed 3072K, reserved 1048576K
}
Event: 210.040 GC heap before
{Heap before GC invocations=420 (full 70):
 garbage-first heap   total 4149248K, used 4147701K [0x0000000702c00000, 0x0000000800000000)
  region size 2048K, 0 young (0K), 0 survivors (0K)
 Metaspace       used 21187K, committed 21504K, reserved 1114112K
  class space    used 2905K, committed 3072K, reserved 1048576K
}
Event: 211.130 GC heap after
{Heap after GC invocations=421 (full 71):
 garbage-first heap   total 4149248K, used 4147678K [0x0000000702c00000, 0x0000000800000000)
  region size 2048K, 0 young (0K), 0 survivors (0K)
 Metaspace       used 21187K, committed 21504K, reserved 1114112K
  class space    used 2905K, committed 3072K, reserved 1048576K
}
Event: 211.130 GC heap before
{Heap before GC invocations=421 (full 71):
 garbage-first heap   total 4149248K, used 4147678K [0x0000000702c00000, 0x0000000800000000)
  region size 2048K, 0 young (0K), 0 survivors (0K)
 Metaspace       used 21187K, committed 21504K, reserved 1114112K
  class space    used 2905K, committed 3072K, reserved 1048576K
}
Event: 211.131 GC heap after
{Heap after GC invocations=422 (full 71):
 garbage-first heap   total 4149248K, used 4147678K [0x0000000702c00000, 0x0000000800000000)
  region size 2048K, 0 young (0K), 0 survivors (0K)
 Metaspace       used 21187K, committed 21504K, reserved 1114112K
  class space    used 2905K, committed 3072K, reserved 1048576K
}
Event: 211.131 GC heap before
{Heap before GC invocations=422 (full 71):
 garbage-first heap   total 4149248K, used 4147678K [0x0000000702c00000, 0x0000000800000000)
  region size 2048K, 0 young (0K), 0 survivors (0K)
 Metaspace       used 21187K, committed 21504K, reserved 1114112K
  class space    used 2905K, committed 3072K, reserved 1048576K
}
Event: 211.975 GC heap after
{Heap after GC invocations=423 (full 72):
 garbage-first heap   total 4149248K, used 4147678K [0x0000000702c00000, 0x0000000800000000)
  region size 2048K, 0 young (0K), 0 survivors (0K)
 Metaspace       used 21187K, committed 21504K, reserved 1114112K
  class space    used 2905K, committed 3072K, reserved 1048576K
}
Event: 211.975 GC heap before
{Heap before GC invocations=423 (full 72):
 garbage-first heap   total 4149248K, used 4147678K [0x0000000702c00000, 0x0000000800000000)
  region size 2048K, 0 young (0K), 0 survivors (0K)
 Metaspace       used 21187K, committed 21504K, reserved 1114112K
  class space    used 2905K, committed 3072K, reserved 1048576K
}
Event: 213.002 GC heap after
{Heap after GC invocations=424 (full 73):
 garbage-first heap   total 4149248K, used 4147678K [0x0000000702c00000, 0x0000000800000000)
  region size 2048K, 0 young (0K), 0 survivors (0K)
 Metaspace       used 21187K, committed 21504K, reserved 1114112K
  class space    used 2905K, committed 3072K, reserved 1048576K
}
Event: 213.002 GC heap before
{Heap before GC invocations=424 (full 73):
 garbage-first heap   total 4149248K, used 4147678K [0x0000000702c00000, 0x0000000800000000)
  region size 2048K, 0 young (0K), 0 survivors (0K)
 Metaspace       used 21187K, committed 21504K, reserved 1114112K
  class space    used 2905K, committed 3072K, reserved 1048576K
}
Event: 213.003 GC heap after
{Heap after GC invocations=425 (full 73):
 garbage-first heap   total 4149248K, used 4147678K [0x0000000702c00000, 0x0000000800000000)
  region size 2048K, 0 young (0K), 0 survivors (0K)
 Metaspace       used 21187K, committed 21504K, reserved 1114112K
  class space    used 2905K, committed 3072K, reserved 1048576K
}
Event: 213.003 GC heap before
{Heap before GC invocations=425 (full 73):
 garbage-first heap   total 4149248K, used 4147678K [0x0000000702c00000, 0x0000000800000000)
  region size 2048K, 0 young (0K), 0 survivors (0K)
 Metaspace       used 21187K, committed 21504K, reserved 1114112K
  class space    used 2905K, committed 3072K, reserved 1048576K
}
Event: 213.844 GC heap after
{Heap after GC invocations=426 (full 74):
 garbage-first heap   total 4149248K, used 4147678K [0x0000000702c00000, 0x0000000800000000)
  region size 2048K, 0 young (0K), 0 survivors (0K)
 Metaspace       used 21187K, committed 21504K, reserved 1114112K
  class space    used 2905K, committed 3072K, reserved 1048576K
}
Event: 213.844 GC heap before
{Heap before GC invocations=426 (full 74):
 garbage-first heap   total 4149248K, used 4147678K [0x0000000702c00000, 0x0000000800000000)
  region size 2048K, 0 young (0K), 0 survivors (0K)
 Metaspace       used 21187K, committed 21504K, reserved 1114112K
  class space    used 2905K, committed 3072K, reserved 1048576K
}
Event: 214.945 GC heap after
{Heap after GC invocations=427 (full 75):
 garbage-first heap   total 4149248K, used 4147678K [0x0000000702c00000, 0x0000000800000000)
  region size 2048K, 0 young (0K), 0 survivors (0K)
 Metaspace       used 21187K, committed 21504K, reserved 1114112K
  class space    used 2905K, committed 3072K, reserved 1048576K
}

Dll operation events (20 events):
Event: 0.386 Loaded shared library C:\Users\aless\.openjfx\cache\21.0.6+3\amd64\api-ms-win-crt-time-l1-1-0.dll
Event: 0.387 Loaded shared library C:\Users\aless\.openjfx\cache\21.0.6+3\amd64\api-ms-win-crt-utility-l1-1-0.dll
Event: 0.396 Loaded shared library C:\Users\aless\.openjfx\cache\21.0.6+3\amd64\ucrtbase.dll
Event: 0.398 Loaded shared library C:\Users\aless\.openjfx\cache\21.0.6+3\amd64\vcruntime140.dll
Event: 0.400 Loaded shared library C:\Users\aless\.openjfx\cache\21.0.6+3\amd64\vcruntime140_1.dll
Event: 0.405 Loaded shared library C:\Users\aless\.openjfx\cache\21.0.6+3\amd64\msvcp140.dll
Event: 0.407 Loaded shared library C:\Users\aless\.openjfx\cache\21.0.6+3\amd64\msvcp140_1.dll
Event: 0.410 Loaded shared library C:\Users\aless\.openjfx\cache\21.0.6+3\amd64\msvcp140_2.dll
Event: 0.438 Loaded shared library C:\Users\aless\.openjfx\cache\21.0.6+3\amd64\prism_d3d.dll
Event: 0.513 Loaded shared library C:\Users\aless\.openjfx\cache\21.0.6+3\amd64\glass.dll
Event: 0.674 Loaded shared library C:\Program Files\Java\jdk-21\bin\jimage.dll
Event: 0.736 Loaded shared library C:\Program Files\Java\jdk-21\bin\management.dll
Event: 0.738 Loaded shared library C:\Program Files\Java\jdk-21\bin\management_ext.dll
Event: 0.855 Loaded shared library C:\Users\aless\.openjfx\cache\21.0.6+3\amd64\glib-lite.dll
Event: 0.866 Loaded shared library C:\Users\aless\.openjfx\cache\21.0.6+3\amd64\gstreamer-lite.dll
Event: 0.875 Loaded shared library C:\Users\aless\.openjfx\cache\21.0.6+3\amd64\jfxmedia.dll
Event: 0.987 Loaded shared library C:\Users\aless\.openjfx\cache\21.0.6+3\amd64\javafx_font.dll
Event: 8.425 Loaded shared library C:\Program Files\Java\jdk-21\bin\verify.dll
Event: 10.564 Loaded shared library C:\Users\aless\AppData\Local\Temp\onnxruntime-java4565570232010214679\onnxruntime.dll
Event: 10.568 Loaded shared library C:\Users\aless\AppData\Local\Temp\onnxruntime-java4565570232010214679\onnxruntime4j_jni.dll

Deoptimization events (20 events):
Event: 168.740 Thread 0x000001bbc25db9f0 Uncommon trap: trap_request=0xffffff45 fr.pc=0x000001bbddb9ec88 relative=0x00000000000008a8
Event: 168.740 Thread 0x000001bbc25db9f0 Uncommon trap: reason=unstable_if action=reinterpret pc=0x000001bbddb9ec88 method=java.util.concurrent.locks.ReentrantLock$Sync.lockInterruptibly()V @ 18 c2
Event: 168.740 Thread 0x000001bbc25db9f0 DEOPT PACKING pc=0x000001bbddb9ec88 sp=0x0000008549d0ef20
Event: 168.740 Thread 0x000001bbc25db9f0 DEOPT UNPACKING pc=0x000001bbdd1846a2 sp=0x0000008549d0ee10 mode 2
Event: 168.741 Thread 0x000001bbedc737e0 Uncommon trap: trap_request=0xffffff45 fr.pc=0x000001bbddb64c04 relative=0x0000000000001184
Event: 168.741 Thread 0x000001bbedc737e0 Uncommon trap: reason=unstable_if action=reinterpret pc=0x000001bbddb64c04 method=com.sun.javafx.scene.input.PickResultChooser.toPickResult()Ljavafx/scene/input/PickResult; @ 4 c2
Event: 168.741 Thread 0x000001bbedc737e0 DEOPT PACKING pc=0x000001bbddb64c04 sp=0x00000085470fe1f0
Event: 168.741 Thread 0x000001bbedc737e0 DEOPT UNPACKING pc=0x000001bbdd1846a2 sp=0x00000085470fe110 mode 2
Event: 168.742 Thread 0x000001bbedc737e0 Uncommon trap: trap_request=0xffffff45 fr.pc=0x000001bbddb5b3ec relative=0x0000000000001d2c
Event: 168.742 Thread 0x000001bbedc737e0 Uncommon trap: reason=unstable_if action=reinterpret pc=0x000001bbddb5b3ec method=javafx.scene.Scene$MouseHandler.process(Ljavafx/scene/input/MouseEvent;Z)V @ 503 c2
Event: 168.742 Thread 0x000001bbedc737e0 DEOPT PACKING pc=0x000001bbddb5b3ec sp=0x00000085470fe2d0
Event: 168.742 Thread 0x000001bbedc737e0 DEOPT UNPACKING pc=0x000001bbdd1846a2 sp=0x00000085470fe318 mode 2
Event: 180.105 Thread 0x000001bbedc737e0 Uncommon trap: trap_request=0xffffff45 fr.pc=0x000001bbdda7609c relative=0x00000000000000dc
Event: 180.105 Thread 0x000001bbedc737e0 Uncommon trap: reason=unstable_if action=reinterpret pc=0x000001bbdda7609c method=com.sun.javafx.geom.transform.AffineBase.inverseDeltaTransform(Lcom/sun/javafx/geom/Vec3d;Lcom/sun/javafx/geom/Vec3d;)Lcom/sun/javafx/geom/Vec3d; @ 33 c2
Event: 180.105 Thread 0x000001bbedc737e0 DEOPT PACKING pc=0x000001bbdda7609c sp=0x00000085470fdc30
Event: 180.105 Thread 0x000001bbedc737e0 DEOPT UNPACKING pc=0x000001bbdd1846a2 sp=0x00000085470fdb98 mode 2
Event: 181.819 Thread 0x000001bbedc737e0 Uncommon trap: trap_request=0xffffff45 fr.pc=0x000001bbddbe3344 relative=0x0000000000000364
Event: 181.819 Thread 0x000001bbedc737e0 Uncommon trap: reason=unstable_if action=reinterpret pc=0x000001bbddbe3344 method=com.sun.scenario.animation.shared.InfiniteClipEnvelope.timePulse(J)V @ 249 c2
Event: 181.819 Thread 0x000001bbedc737e0 DEOPT PACKING pc=0x000001bbddbe3344 sp=0x00000085470feae0
Event: 181.819 Thread 0x000001bbedc737e0 DEOPT UNPACKING pc=0x000001bbdd1846a2 sp=0x00000085470fea40 mode 2

Classes loaded (20 events):
Event: 8.420 Loading class java/lang/invoke/DirectMethodHandle$Special
Event: 8.421 Loading class java/lang/invoke/DirectMethodHandle$Special done
Event: 8.423 Loading class java/net/UnknownHostException
Event: 8.423 Loading class java/net/UnknownHostException done
Event: 10.551 Loading class java/io/FileOutputStream$1
Event: 10.551 Loading class java/io/FileOutputStream$1 done
Event: 10.552 Loading class java/io/DeleteOnExitHook
Event: 10.552 Loading class java/io/DeleteOnExitHook done
Event: 10.552 Loading class java/io/DeleteOnExitHook$1
Event: 10.552 Loading class java/io/DeleteOnExitHook$1 done
Event: 11.594 Loading class java/lang/MatchException
Event: 11.594 Loading class java/lang/MatchException done
Event: 20.285 Loading class java/nio/HeapFloatBuffer
Event: 20.286 Loading class java/nio/HeapFloatBuffer done
Event: 20.529 Loading class java/lang/foreign/MemorySegment
Event: 20.530 Loading class java/lang/foreign/MemorySegment done
Event: 169.874 Loading class java/lang/Throwable$WrappedPrintStream
Event: 169.874 Loading class java/lang/Throwable$PrintStreamOrWriter
Event: 169.874 Loading class java/lang/Throwable$PrintStreamOrWriter done
Event: 169.874 Loading class java/lang/Throwable$WrappedPrintStream done

Classes unloaded (20 events):
Event: 32.712 Thread 0x000001bbedc390a0 Unloading class 0x000001bb8101cc00 'java/lang/invoke/LambdaForm$MH+0x000001bb8101cc00'
Event: 32.712 Thread 0x000001bbedc390a0 Unloading class 0x000001bb8101c800 'java/lang/invoke/LambdaForm$MH+0x000001bb8101c800'
Event: 32.712 Thread 0x000001bbedc390a0 Unloading class 0x000001bb8101c400 'java/lang/invoke/LambdaForm$MH+0x000001bb8101c400'
Event: 32.712 Thread 0x000001bbedc390a0 Unloading class 0x000001bb8101bc00 'java/lang/invoke/LambdaForm$MH+0x000001bb8101bc00'
Event: 32.712 Thread 0x000001bbedc390a0 Unloading class 0x000001bb8101b800 'java/lang/invoke/LambdaForm$MH+0x000001bb8101b800'
Event: 32.712 Thread 0x000001bbedc390a0 Unloading class 0x000001bb8101b400 'java/lang/invoke/LambdaForm$MH+0x000001bb8101b400'
Event: 32.712 Thread 0x000001bbedc390a0 Unloading class 0x000001bb8101ac00 'java/lang/invoke/LambdaForm$MH+0x000001bb8101ac00'
Event: 32.712 Thread 0x000001bbedc390a0 Unloading class 0x000001bb8101a000 'java/lang/invoke/LambdaForm$MH+0x000001bb8101a000'
Event: 32.712 Thread 0x000001bbedc390a0 Unloading class 0x000001bb81019c00 'java/lang/invoke/LambdaForm$MH+0x000001bb81019c00'
Event: 32.712 Thread 0x000001bbedc390a0 Unloading class 0x000001bb81019800 'java/lang/invoke/LambdaForm$MH+0x000001bb81019800'
Event: 32.712 Thread 0x000001bbedc390a0 Unloading class 0x000001bb81019000 'java/lang/invoke/LambdaForm$MH+0x000001bb81019000'
Event: 32.712 Thread 0x000001bbedc390a0 Unloading class 0x000001bb81018000 'java/lang/invoke/LambdaForm$MH+0x000001bb81018000'
Event: 32.712 Thread 0x000001bbedc390a0 Unloading class 0x000001bb81009000 'java/lang/invoke/LambdaForm$MH+0x000001bb81009000'
Event: 32.712 Thread 0x000001bbedc390a0 Unloading class 0x000001bb81008400 'java/lang/invoke/LambdaForm$MH+0x000001bb81008400'
Event: 32.712 Thread 0x000001bbedc390a0 Unloading class 0x000001bb81008000 'java/lang/invoke/LambdaForm$MH+0x000001bb81008000'
Event: 32.712 Thread 0x000001bbedc390a0 Unloading class 0x000001bb81005400 'java/lang/invoke/LambdaForm$MH+0x000001bb81005400'
Event: 32.712 Thread 0x000001bbedc390a0 Unloading class 0x000001bb81004000 'java/lang/invoke/LambdaForm$MH+0x000001bb81004000'
Event: 32.712 Thread 0x000001bbedc390a0 Unloading class 0x000001bb81003c00 'java/lang/invoke/LambdaForm$MH+0x000001bb81003c00'
Event: 32.712 Thread 0x000001bbedc390a0 Unloading class 0x000001bb81003800 'java/lang/invoke/LambdaForm$MH+0x000001bb81003800'
Event: 32.712 Thread 0x000001bbedc390a0 Unloading class 0x000001bb81003000 'java/lang/invoke/LambdaForm$MH+0x000001bb81003000'

Classes redefined (0 events):
No events

Internal exceptions (20 events):
Event: 2.854 Thread 0x000001bbedc737e0 Exception <a 'java/lang/NoSuchMethodError'{0x0000000712475fa8}: 'java.lang.Object java.lang.invoke.Invokers$Holder.linkToTargetMethod(java.lang.Object, long, java.lang.Object)'> (0x0000000712475fa8) 
thrown [s\open\src\hotspot\share\interpreter\linkResolver.cpp, line 773]
Event: 3.011 Thread 0x000001bbedc737e0 Exception <a 'java/lang/ClassNotFoundException'{0x0000000711b07900}: com/sun/javafx/scene/control/skin/resources/controls> (0x0000000711b07900) 
thrown [s\open\src\hotspot\share\prims\jni.cpp, line 539]
Event: 3.012 Thread 0x000001bbedc737e0 Exception <a 'java/lang/ClassNotFoundException'{0x0000000711b15dd8}: com/sun/javafx/scene/control/skin/resources/controls_en> (0x0000000711b15dd8) 
thrown [s\open\src\hotspot\share\prims\jni.cpp, line 539]
Event: 3.012 Thread 0x000001bbedc737e0 Exception <a 'java/lang/ClassNotFoundException'{0x0000000711b171b0}: com/sun/javafx/scene/control/skin/resources/controls_en_GB> (0x0000000711b171b0) 
thrown [s\open\src\hotspot\share\prims\jni.cpp, line 539]
Event: 3.029 Thread 0x000001bbedc737e0 Exception <a 'java/lang/NoSuchMethodError'{0x00000007118a3ee0}: 'void java.lang.invoke.DirectMethodHandle$Holder.invokeSpecial(java.lang.Object, java.lang.Object, java.lang.Object, java.lang.Object, java.lang.Object, java.lang.Object)'> (0x00000007118a3ee0) 
thrown [s\open\src\hotspot\share\interpreter\linkResolver.cpp, line 773]
Event: 13.111 Thread 0x000001bbedc737e0 Implicit null exception at 0x000001bbdda20e1e to 0x000001bbdda21274
Event: 13.111 Thread 0x000001bbedc737e0 Implicit null exception at 0x000001bbdda1bfed to 0x000001bbdda1c6c0
Event: 13.115 Thread 0x000001bbedc737e0 Implicit null exception at 0x000001bbdd9dc5b0 to 0x000001bbdd9dc624
Event: 20.316 Thread 0x000001bbf32e2bd0 Exception <a 'java/lang/NoSuchMethodError'{0x000000070dea7418}: 'java.lang.Object java.lang.invoke.DirectMethodHandle$Holder.newInvokeSpecial(java.lang.Object, java.lang.Object, java.lang.Object, int, java.lang.Object)'> (0x000000070dea7418) 
thrown [s\open\src\hotspot\share\interpreter\linkResolver.cpp, line 773]
Event: 20.316 Thread 0x000001bbf32e2bd0 Exception <a 'java/lang/NoSuchMethodError'{0x000000070deae620}: 'java.lang.Object java.lang.invoke.Invokers$Holder.linkToTargetMethod(java.lang.Object, java.lang.Object, int, java.lang.Object, java.lang.Object)'> (0x000000070deae620) 
thrown [s\open\src\hotspot\share\interpreter\linkResolver.cpp, line 773]
Event: 20.328 Thread 0x000001bbedc71710 Implicit null exception at 0x000001bbdda42f3a to 0x000001bbdda42fcc
Event: 20.328 Thread 0x000001bbf32e1190 Exception <a 'java/lang/NoSuchMethodError'{0x00000007127082b0}: 'double java.lang.invoke.DirectMethodHandle$Holder.invokeSpecial(java.lang.Object, java.lang.Object, java.lang.Object)'> (0x00000007127082b0) 
thrown [s\open\src\hotspot\share\interpreter\linkResolver.cpp, line 773]
Event: 21.927 Thread 0x000001bbf32e2bd0 Exception <a 'java/lang/NoSuchMethodError'{0x00000007ca90d2a0}: 'java.lang.Object java.lang.invoke.DirectMethodHandle$Holder.invokeSpecial(java.lang.Object, java.lang.Object, int, int, int, int)'> (0x00000007ca90d2a0) 
thrown [s\open\src\hotspot\share\interpreter\linkResolver.cpp, line 773]
Event: 21.941 Thread 0x000001bbf32e2bd0 Exception <a 'java/lang/NoSuchMethodError'{0x00000007ca9725d0}: 'double java.lang.invoke.DirectMethodHandle$Holder.invokeStatic(java.lang.Object, java.lang.Object)'> (0x00000007ca9725d0) 
thrown [s\open\src\hotspot\share\interpreter\linkResolver.cpp, line 773]
Event: 128.893 Thread 0x000001bbedc737e0 Exception <a 'java/lang/NoSuchMethodError'{0x00000007fb89f500}: 'java.lang.Object java.lang.invoke.DirectMethodHandle$Holder.newInvokeSpecial(java.lang.Object, java.lang.Object, int, int, int, int, int, java.lang.Object)'> (0x00000007fb89f500) 
thrown [s\open\src\hotspot\share\interpreter\linkResolver.cpp, line 773]
Event: 128.894 Thread 0x000001bbedc737e0 Exception <a 'java/lang/NoSuchMethodError'{0x00000007fb8b5bc0}: 'java.lang.Object java.lang.invoke.DirectMethodHandle$Holder.newInvokeSpecial(java.lang.Object, java.lang.Object, java.lang.Object, int, int, int, int, int)'> (0x00000007fb8b5bc0) 
thrown [s\open\src\hotspot\share\interpreter\linkResolver.cpp, line 773]
Event: 128.895 Thread 0x000001bbedc737e0 Exception <a 'java/lang/NoSuchMethodError'{0x00000007fb8bed58}: 'java.lang.Object java.lang.invoke.Invokers$Holder.linkToTargetMethod(java.lang.Object, java.lang.Object, int, int, int, int, int, java.lang.Object)'> (0x00000007fb8bed58) 
thrown [s\open\src\hotspot\share\interpreter\linkResolver.cpp, line 773]
Event: 164.070 Thread 0x000001bbfabc0260 Exception <a 'java/lang/OutOfMemoryError'{0x000000070349b090}> (0x000000070349b090) 
thrown [s\open\src\hotspot\share\gc\shared\memAllocator.cpp, line 136]
Event: 167.760 Thread 0x000001bbc25db9f0 Exception <a 'java/lang/OutOfMemoryError'{0x000000070349b368}> (0x000000070349b368) 
thrown [s\open\src\hotspot\share\gc\shared\memAllocator.cpp, line 136]
Event: 214.946 Thread 0x000001bbc16aaf50 Exception <a 'java/lang/OutOfMemoryError'{0x000000070349b090}> (0x000000070349b090) 
thrown [s\open\src\hotspot\share\gc\shared\memAllocator.cpp, line 136]

ZGC Phase Switch (0 events):
No events

VM Operations (20 events):
Event: 203.411 Executing VM operation: G1CollectForAllocation (G1 Evacuation Pause) done
Event: 203.412 Executing VM operation: G1CollectForAllocation (G1 Evacuation Pause)
Event: 204.295 Executing VM operation: G1CollectForAllocation (G1 Evacuation Pause) done
Event: 204.296 Executing VM operation: G1CollectForAllocation (G1 Evacuation Pause)
Event: 205.129 Executing VM operation: G1CollectForAllocation (G1 Evacuation Pause) done
Event: 205.130 Executing VM operation: G1CollectForAllocation (G1 Evacuation Pause)
Event: 207.512 Executing VM operation: G1CollectForAllocation (G1 Evacuation Pause) done
Event: 207.513 Executing VM operation: G1CollectForAllocation (G1 Evacuation Pause)
Event: 208.358 Executing VM operation: G1CollectForAllocation (G1 Evacuation Pause) done
Event: 208.358 Executing VM operation: G1CollectForAllocation (G1 Evacuation Pause)
Event: 209.200 Executing VM operation: G1CollectForAllocation (G1 Evacuation Pause) done
Event: 209.200 Executing VM operation: G1CollectForAllocation (G1 Evacuation Pause)
Event: 209.200 Executing VM operation: G1CollectForAllocation (G1 Evacuation Pause) done
Event: 209.200 Executing VM operation: G1CollectForAllocation (G1 Evacuation Pause)
Event: 211.130 Executing VM operation: G1CollectForAllocation (G1 Evacuation Pause) done
Event: 211.130 Executing VM operation: G1CollectForAllocation (G1 Evacuation Pause)
Event: 213.002 Executing VM operation: G1CollectForAllocation (G1 Evacuation Pause) done
Event: 213.002 Executing VM operation: G1CollectForAllocation (G1 Evacuation Pause)
Event: 214.945 Executing VM operation: G1CollectForAllocation (G1 Evacuation Pause) done
Event: 214.946 Executing VM operation: G1CollectForAllocation (G1 Evacuation Pause)

Events (20 events):
Event: 200.059 Thread 0x000001bbc1e1a760 Thread exited: 0x000001bbc1e1a760
Event: 200.059 Thread 0x000001bbf2369130 Thread added: 0x000001bbf2369130
Event: 200.059 Thread 0x000001bbf2369130 Thread exited: 0x000001bbf2369130
Event: 202.568 Thread 0x000001bbfa879610 Thread added: 0x000001bbfa879610
Event: 202.569 Thread 0x000001bbfa879610 Thread exited: 0x000001bbfa879610
Event: 202.569 Thread 0x000001bbfa879610 Thread added: 0x000001bbfa879610
Event: 202.569 Thread 0x000001bbfa879610 Thread exited: 0x000001bbfa879610
Event: 204.295 Thread 0x000001bbf2366340 Thread added: 0x000001bbf2366340
Event: 204.296 Thread 0x000001bbf2366340 Thread exited: 0x000001bbf2366340
Event: 205.129 Thread 0x000001bbf2366340 Thread added: 0x000001bbf2366340
Event: 205.130 Thread 0x000001bbf2366340 Thread exited: 0x000001bbf2366340
Event: 207.512 Thread 0x000001bbf2369130 Thread added: 0x000001bbf2369130
Event: 207.512 Thread 0x000001bbf2369130 Thread exited: 0x000001bbf2369130
Event: 207.512 Thread 0x000001bbf24eed80 Thread added: 0x000001bbf24eed80
Event: 207.512 Thread 0x000001bbf24eed80 Thread exited: 0x000001bbf24eed80
Event: 208.358 Thread 0x000001bbf24ef410 Thread added: 0x000001bbf24ef410
Event: 208.358 Thread 0x000001bbf24ef410 Thread exited: 0x000001bbf24ef410
Event: 209.200 Thread 0x000001bbf24eed80 Thread added: 0x000001bbf24eed80
Event: 209.200 Thread 0x000001bbf24eed80 Thread exited: 0x000001bbf24eed80
Event: 211.130 Thread 0x000001bbfa879ca0 Thread added: 0x000001bbfa879ca0


Dynamic libraries:
0x00007ff6273e0000 - 0x00007ff6273f0000 	C:\Program Files\Java\jdk-21\bin\java.exe
0x00007ffe37ce0000 - 0x00007ffe37f47000 	C:\Windows\SYSTEM32\ntdll.dll
0x00007ffe364f0000 - 0x00007ffe365b9000 	C:\Windows\System32\KERNEL32.DLL
0x00007ffe34ad0000 - 0x00007ffe34ec4000 	C:\Windows\System32\KERNELBASE.dll
0x00007ffe34800000 - 0x00007ffe3494b000 	C:\Windows\System32\ucrtbase.dll
0x00007ffe30d60000 - 0x00007ffe30d79000 	C:\Program Files\Java\jdk-21\bin\jli.dll
0x00007ffe30d80000 - 0x00007ffe30d9b000 	C:\Program Files\Java\jdk-21\bin\VCRUNTIME140.dll
0x00007ffe379c0000 - 0x00007ffe37a76000 	C:\Windows\System32\ADVAPI32.dll
0x00007ffe363f0000 - 0x00007ffe36499000 	C:\Windows\System32\msvcrt.dll
0x00007ffe36600000 - 0x00007ffe366a7000 	C:\Windows\System32\sechost.dll
0x00007ffe36e40000 - 0x00007ffe36f58000 	C:\Windows\System32\RPCRT4.dll
0x00007ffe35d90000 - 0x00007ffe35f55000 	C:\Windows\System32\USER32.dll
0x00007ffe336b0000 - 0x00007ffe33943000 	C:\Windows\WinSxS\amd64_microsoft.windows.common-controls_6595b64144ccf1df_6.0.26100.8115_none_3e075c82e3354f9c\COMCTL32.dll
0x00007ffe347d0000 - 0x00007ffe347f7000 	C:\Windows\System32\win32u.dll
0x00007ffe369a0000 - 0x00007ffe369cb000 	C:\Windows\System32\GDI32.dll
0x00007ffe35740000 - 0x00007ffe3586b000 	C:\Windows\System32\gdi32full.dll
0x00007ffe345b0000 - 0x00007ffe34653000 	C:\Windows\System32\msvcp_win.dll
0x00007ffe320f0000 - 0x00007ffe320fb000 	C:\Windows\SYSTEM32\VERSION.dll
0x00007ffe365c0000 - 0x00007ffe365f2000 	C:\Windows\System32\IMM32.DLL
0x00007ffe33d10000 - 0x00007ffe33d1c000 	C:\Program Files\Java\jdk-21\bin\vcruntime140_1.dll
0x00007ffe1ef80000 - 0x00007ffe1f00e000 	C:\Program Files\Java\jdk-21\bin\msvcp140.dll
0x00007ffd84010000 - 0x00007ffd84d23000 	C:\Program Files\Java\jdk-21\bin\server\jvm.dll
0x00007ffe37b90000 - 0x00007ffe37c10000 	C:\Windows\System32\WS2_32.dll
0x00007ffe34410000 - 0x00007ffe3446e000 	C:\Windows\SYSTEM32\POWRPROF.dll
0x00007ffe25720000 - 0x00007ffe25756000 	C:\Windows\SYSTEM32\WINMM.dll
0x00007ffe343f0000 - 0x00007ffe34404000 	C:\Windows\SYSTEM32\UMPDC.dll
0x00007ffe32c20000 - 0x00007ffe32c3b000 	C:\Windows\SYSTEM32\kernel.appcore.dll
0x00007ffe30d20000 - 0x00007ffe30d2a000 	C:\Program Files\Java\jdk-21\bin\jimage.dll
0x00007ffe33d60000 - 0x00007ffe33fa2000 	C:\Windows\SYSTEM32\DBGHELP.DLL
0x00007ffe369d0000 - 0x00007ffe36d52000 	C:\Windows\System32\combase.dll
0x00007ffe36d60000 - 0x00007ffe36e38000 	C:\Windows\System32\OLEAUT32.dll
0x00007ffe33c50000 - 0x00007ffe33c8b000 	C:\Windows\SYSTEM32\dbgcore.DLL
0x00007ffe359c0000 - 0x00007ffe35a65000 	C:\Windows\System32\bcryptPrimitives.dll
0x00007ffe19d20000 - 0x00007ffe19d2f000 	C:\Program Files\Java\jdk-21\bin\instrument.dll
0x00007ffe30cd0000 - 0x00007ffe30cef000 	C:\Program Files\Java\jdk-21\bin\java.dll
0x00007ffe37160000 - 0x00007ffe378c7000 	C:\Windows\System32\SHELL32.dll
0x00007ffe34660000 - 0x00007ffe347ca000 	C:\Windows\System32\wintypes.dll
0x00007ffe34ed0000 - 0x00007ffe35738000 	C:\Windows\System32\windows.storage.dll
0x00007ffe37060000 - 0x00007ffe37158000 	C:\Windows\System32\SHCORE.dll
0x00007ffe36750000 - 0x00007ffe367b6000 	C:\Windows\System32\shlwapi.dll
0x00007ffe344d0000 - 0x00007ffe344f9000 	C:\Windows\SYSTEM32\profapi.dll
0x00007ffe1eea0000 - 0x00007ffe1ef77000 	C:\Program Files\Java\jdk-21\bin\jsvml.dll
0x00007ffe1a4b0000 - 0x00007ffe1a4c0000 	C:\Program Files\Java\jdk-21\bin\net.dll
0x00007ffe2c830000 - 0x00007ffe2c95d000 	C:\Windows\SYSTEM32\WINHTTP.dll
0x00007ffe32850000 - 0x00007ffe328bc000 	C:\Windows\system32\mswsock.dll
0x00007ffe14560000 - 0x00007ffe14576000 	C:\Program Files\Java\jdk-21\bin\nio.dll
0x00007ffe10c70000 - 0x00007ffe10c88000 	C:\Program Files\Java\jdk-21\bin\zip.dll
0x000001bbeddb0000 - 0x000001bbeddb3000 	C:\Users\aless\.openjfx\cache\21.0.6+3\amd64\api-ms-win-core-console-l1-1-0.dll
0x000001bbeddc0000 - 0x000001bbeddc3000 	C:\Users\aless\.openjfx\cache\21.0.6+3\amd64\api-ms-win-core-console-l1-2-0.dll
0x000001bbeddd0000 - 0x000001bbeddd3000 	C:\Users\aless\.openjfx\cache\21.0.6+3\amd64\api-ms-win-core-datetime-l1-1-0.dll
0x000001bbedde0000 - 0x000001bbedde3000 	C:\Users\aless\.openjfx\cache\21.0.6+3\amd64\api-ms-win-core-debug-l1-1-0.dll
0x000001bbeddf0000 - 0x000001bbeddf3000 	C:\Users\aless\.openjfx\cache\21.0.6+3\amd64\api-ms-win-core-errorhandling-l1-1-0.dll
0x000001bbede00000 - 0x000001bbede04000 	C:\Users\aless\.openjfx\cache\21.0.6+3\amd64\api-ms-win-core-file-l1-1-0.dll
0x000001bbede10000 - 0x000001bbede13000 	C:\Users\aless\.openjfx\cache\21.0.6+3\amd64\api-ms-win-core-file-l1-2-0.dll
0x000001bbede20000 - 0x000001bbede23000 	C:\Users\aless\.openjfx\cache\21.0.6+3\amd64\api-ms-win-core-file-l2-1-0.dll
0x000001bbede30000 - 0x000001bbede33000 	C:\Users\aless\.openjfx\cache\21.0.6+3\amd64\api-ms-win-core-handle-l1-1-0.dll
0x000001bbede40000 - 0x000001bbede43000 	C:\Users\aless\.openjfx\cache\21.0.6+3\amd64\api-ms-win-core-heap-l1-1-0.dll
0x000001bbede50000 - 0x000001bbede53000 	C:\Users\aless\.openjfx\cache\21.0.6+3\amd64\api-ms-win-core-interlocked-l1-1-0.dll
0x000001bbede60000 - 0x000001bbede63000 	C:\Users\aless\.openjfx\cache\21.0.6+3\amd64\api-ms-win-core-libraryloader-l1-1-0.dll
0x000001bbede70000 - 0x000001bbede73000 	C:\Users\aless\.openjfx\cache\21.0.6+3\amd64\api-ms-win-core-localization-l1-2-0.dll
0x000001bbede80000 - 0x000001bbede83000 	C:\Users\aless\.openjfx\cache\21.0.6+3\amd64\api-ms-win-core-memory-l1-1-0.dll
0x000001bbede90000 - 0x000001bbede93000 	C:\Users\aless\.openjfx\cache\21.0.6+3\amd64\api-ms-win-core-namedpipe-l1-1-0.dll
0x000001bbedea0000 - 0x000001bbedea3000 	C:\Users\aless\.openjfx\cache\21.0.6+3\amd64\api-ms-win-core-processenvironment-l1-1-0.dll
0x000001bbedeb0000 - 0x000001bbedeb3000 	C:\Users\aless\.openjfx\cache\21.0.6+3\amd64\api-ms-win-core-processthreads-l1-1-0.dll
0x000001bbedec0000 - 0x000001bbedec3000 	C:\Users\aless\.openjfx\cache\21.0.6+3\amd64\api-ms-win-core-processthreads-l1-1-1.dll
0x000001bbeded0000 - 0x000001bbeded3000 	C:\Users\aless\.openjfx\cache\21.0.6+3\amd64\api-ms-win-core-profile-l1-1-0.dll
0x000001bbedee0000 - 0x000001bbedee3000 	C:\Users\aless\.openjfx\cache\21.0.6+3\amd64\api-ms-win-core-rtlsupport-l1-1-0.dll
0x000001bbedef0000 - 0x000001bbedef3000 	C:\Users\aless\.openjfx\cache\21.0.6+3\amd64\api-ms-win-core-string-l1-1-0.dll
0x000001bbedf00000 - 0x000001bbedf03000 	C:\Users\aless\.openjfx\cache\21.0.6+3\amd64\api-ms-win-core-synch-l1-1-0.dll
0x000001bbedf10000 - 0x000001bbedf13000 	C:\Users\aless\.openjfx\cache\21.0.6+3\amd64\api-ms-win-core-synch-l1-2-0.dll
0x000001bbedf20000 - 0x000001bbedf23000 	C:\Users\aless\.openjfx\cache\21.0.6+3\amd64\api-ms-win-core-sysinfo-l1-1-0.dll
0x000001bbedf30000 - 0x000001bbedf33000 	C:\Users\aless\.openjfx\cache\21.0.6+3\amd64\api-ms-win-core-timezone-l1-1-0.dll
0x000001bbedf40000 - 0x000001bbedf43000 	C:\Users\aless\.openjfx\cache\21.0.6+3\amd64\api-ms-win-core-util-l1-1-0.dll
0x000001bbedf50000 - 0x000001bbedf53000 	C:\Users\aless\.openjfx\cache\21.0.6+3\amd64\api-ms-win-crt-conio-l1-1-0.dll
0x000001bbedf60000 - 0x000001bbedf64000 	C:\Users\aless\.openjfx\cache\21.0.6+3\amd64\api-ms-win-crt-convert-l1-1-0.dll
0x000001bbedf70000 - 0x000001bbedf73000 	C:\Users\aless\.openjfx\cache\21.0.6+3\amd64\api-ms-win-crt-environment-l1-1-0.dll
0x000001bbedf80000 - 0x000001bbedf83000 	C:\Users\aless\.openjfx\cache\21.0.6+3\amd64\api-ms-win-crt-filesystem-l1-1-0.dll
0x000001bbedf90000 - 0x000001bbedf93000 	C:\Users\aless\.openjfx\cache\21.0.6+3\amd64\api-ms-win-crt-heap-l1-1-0.dll
0x000001bbedfa0000 - 0x000001bbedfa3000 	C:\Users\aless\.openjfx\cache\21.0.6+3\amd64\api-ms-win-crt-locale-l1-1-0.dll
0x000001bbedfb0000 - 0x000001bbedfb5000 	C:\Users\aless\.openjfx\cache\21.0.6+3\amd64\api-ms-win-crt-math-l1-1-0.dll
0x000001bbedfc0000 - 0x000001bbedfc5000 	C:\Users\aless\.openjfx\cache\21.0.6+3\amd64\api-ms-win-crt-multibyte-l1-1-0.dll
0x000001bbedfd0000 - 0x000001bbedfe0000 	C:\Users\aless\.openjfx\cache\21.0.6+3\amd64\api-ms-win-crt-private-l1-1-0.dll
0x000001bbedfe0000 - 0x000001bbedfe3000 	C:\Users\aless\.openjfx\cache\21.0.6+3\amd64\api-ms-win-crt-process-l1-1-0.dll
0x000001bbedff0000 - 0x000001bbedff4000 	C:\Users\aless\.openjfx\cache\21.0.6+3\amd64\api-ms-win-crt-runtime-l1-1-0.dll
0x000001bbf3bd0000 - 0x000001bbf3bd4000 	C:\Users\aless\.openjfx\cache\21.0.6+3\amd64\api-ms-win-crt-stdio-l1-1-0.dll
0x000001bbf3be0000 - 0x000001bbf3be4000 	C:\Users\aless\.openjfx\cache\21.0.6+3\amd64\api-ms-win-crt-string-l1-1-0.dll
0x000001bbf3bf0000 - 0x000001bbf3bf3000 	C:\Users\aless\.openjfx\cache\21.0.6+3\amd64\api-ms-win-crt-time-l1-1-0.dll
0x000001bbf3c00000 - 0x000001bbf3c03000 	C:\Users\aless\.openjfx\cache\21.0.6+3\amd64\api-ms-win-crt-utility-l1-1-0.dll
0x00007ffe08790000 - 0x00007ffe0888c000 	C:\Users\aless\.openjfx\cache\21.0.6+3\amd64\ucrtbase.dll
0x00007ffe0e2c0000 - 0x00007ffe0e2db000 	C:\Users\aless\.openjfx\cache\21.0.6+3\amd64\vcruntime140.dll
0x00007ffe0e2b0000 - 0x00007ffe0e2bc000 	C:\Users\aless\.openjfx\cache\21.0.6+3\amd64\vcruntime140_1.dll
0x00007ffe0baa0000 - 0x00007ffe0bb2e000 	C:\Users\aless\.openjfx\cache\21.0.6+3\amd64\msvcp140.dll
0x00007ffe0e220000 - 0x00007ffe0e229000 	C:\Users\aless\.openjfx\cache\21.0.6+3\amd64\msvcp140_1.dll
0x00007ffe0ad60000 - 0x00007ffe0ada1000 	C:\Users\aless\.openjfx\cache\21.0.6+3\amd64\msvcp140_2.dll
0x00007ffe0dda0000 - 0x00007ffe0ddd0000 	C:\Users\aless\.openjfx\cache\21.0.6+3\amd64\prism_d3d.dll
0x00007ffe042f0000 - 0x00007ffe044a2000 	C:\Windows\system32\d3d9.dll
0x00007ffe312c0000 - 0x00007ffe312ef000 	C:\Windows\SYSTEM32\dwmapi.dll
0x00007ffe310e0000 - 0x00007ffe31123000 	C:\Windows\SYSTEM32\dxcore.dll
0x00007ffe30fd0000 - 0x00007ffe31079000 	C:\Windows\system32\uxtheme.dll
0x00007ffe2a040000 - 0x00007ffe2a104000 	C:\Windows\System32\DriverStore\FileRepository\nvam.inf_amd64_e2f50f704b588ae6\nvldumdx.dll
0x00007ffe32cb0000 - 0x00007ffe32cc3000 	C:\Windows\SYSTEM32\msasn1.dll
0x00007ffe2a650000 - 0x00007ffe2a68b000 	C:\Windows\SYSTEM32\cryptnet.dll
0x00007ffe34950000 - 0x00007ffe34ac7000 	C:\Windows\System32\CRYPT32.dll
0x00007ffe32b60000 - 0x00007ffe32b6c000 	C:\Windows\SYSTEM32\cryptbase.dll
0x00007ffe32c40000 - 0x00007ffe32ca8000 	C:\Windows\SYSTEM32\wldp.dll
0x00007ffe2a4d0000 - 0x00007ffe2a648000 	C:\Windows\SYSTEM32\drvstore.dll
0x00007ffe340f0000 - 0x00007ffe3411d000 	C:\Windows\SYSTEM32\devobj.dll
0x00007ffe34120000 - 0x00007ffe34171000 	C:\Windows\SYSTEM32\cfgmgr32.dll
0x00007ffe35930000 - 0x00007ffe359b2000 	C:\Windows\System32\wintrust.dll
0x00007ffe37990000 - 0x00007ffe379b0000 	C:\Windows\System32\imagehlp.dll
0x00007ffe340d0000 - 0x00007ffe340eb000 	C:\Windows\SYSTEM32\CRYPTSP.dll
0x00007ffe322b0000 - 0x00007ffe322e9000 	C:\Windows\system32\rsaenh.dll
0x00007ffe344a0000 - 0x00007ffe344ca000 	C:\Windows\SYSTEM32\bcrypt.dll
0x00007ffe26be0000 - 0x00007ffe298f0000 	C:\Windows\System32\DriverStore\FileRepository\nvam.inf_amd64_e2f50f704b588ae6\nvgpucomp64.dll
0x00007ffe35be0000 - 0x00007ffe35d77000 	C:\Windows\System32\ole32.dll
0x00007ffd883e0000 - 0x00007ffd8a16c000 	C:\Windows\System32\DriverStore\FileRepository\nvam.inf_amd64_e2f50f704b588ae6\nvd3dumx.dll
0x00007ffe2b510000 - 0x00007ffe2b571000 	C:\Windows\SYSTEM32\directxdatabasehelper.dll
0x00007ffe09900000 - 0x00007ffe09942000 	C:\Users\aless\.openjfx\cache\21.0.6+3\amd64\glass.dll
0x00007ffe36f60000 - 0x00007ffe3704f000 	C:\Windows\System32\COMDLG32.dll
0x00007ffe35a80000 - 0x00007ffe35bdc000 	C:\Windows\System32\MSCTF.dll
0x00007ffe0fb00000 - 0x00007ffe0fdd0000 	C:\Windows\system32\nvspcap64.dll
0x00007ffe33d20000 - 0x00007ffe33d56000 	C:\Windows\SYSTEM32\ntmarta.dll
0x00007ffe328c0000 - 0x00007ffe328f0000 	C:\Windows\SYSTEM32\gpapi.dll
0x00007ffe001c0000 - 0x00007ffe00315000 	C:\Windows\System32\DriverStore\FileRepository\nvam.inf_amd64_e2f50f704b588ae6\nvppex.dll
0x00007ffe0e3b0000 - 0x00007ffe0e3ba000 	C:\Program Files\Java\jdk-21\bin\management.dll
0x00007ffe0e3a0000 - 0x00007ffe0e3ab000 	C:\Program Files\Java\jdk-21\bin\management_ext.dll
0x00007ffe35d80000 - 0x00007ffe35d88000 	C:\Windows\System32\PSAPI.DLL
0x00007ffe07020000 - 0x00007ffe070c0000 	C:\Users\aless\.openjfx\cache\21.0.6+3\amd64\glib-lite.dll

dbghelp: loaded successfully - version: 4.0.5 - missing functions: none
symbol engine: initialized successfully - sym options: 0x614 - pdb path: .;C:\Program Files\Java\jdk-21\bin;C:\Windows\SYSTEM32;C:\Windows\WinSxS\amd64_microsoft.windows.common-controls_6595b64144ccf1df_6.0.26100.8115_none_3e075c82e3354f9c;C:\Program Files\Java\jdk-21\bin\server;C:\Users\aless\.openjfx\cache\21.0.6+3\amd64;C:\Windows\System32\DriverStore\FileRepository\nvam.inf_amd64_e2f50f704b588ae6;C:\Program Files\Common Files\Microsoft Shared\Ink;C:\Users\aless\AppData\Local\Temp\onnxruntime-java4565570232010214679

VM Arguments:
jvm_args: -javaagent:C:\Program Files\JetBrains\IntelliJ IDEA 2025.2.1\lib\idea_rt.jar=61374 -Dfile.encoding=UTF-8 -Dsun.stdout.encoding=UTF-8 -Dsun.stderr.encoding=UTF-8 --module-path=C:\Users\aless\.m2\repository\org\openjfx\javafx-graphics\21.0.6\javafx-graphics-21.0.6-win.jar;C:\Users\aless\.m2\repository\com\microsoft\onnxruntime\onnxruntime\1.17.1\onnxruntime-1.17.1.jar;C:\Users\aless\.m2\repository\org\openjfx\javafx-controls\21.0.6\javafx-controls-21.0.6-win.jar;C:\Users\aless\.m2\repository\org\mindrot\jbcrypt\0.4\jbcrypt-0.4.jar;C:\Users\aless\.m2\repository\org\openjfx\javafx-base\21.0.6\javafx-base-21.0.6-win.jar;C:\Users\aless\OneDrive\Documenten\integration1\game\integration_project1_zaroc\integration_project1_zaroc\target\classes;C:\Users\aless\.m2\repository\org\openjfx\javafx-media\21.0.6\javafx-media-21.0.6-win.jar -Djdk.module.main=game.integration_project1_zaroc 
java_command: game.integration_project1_zaroc/game.integration_project1_zaroc.Main Main
java_class_path (initial): C:\Users\aless\.m2\repository\org\openjfx\javafx-media\21.0.6\javafx-media-21.0.6.jar;C:\Users\aless\.m2\repository\org\openjfx\javafx-graphics\21.0.6\javafx-graphics-21.0.6.jar;C:\Users\aless\.m2\repository\org\openjfx\javafx-base\21.0.6\javafx-base-21.0.6.jar;C:\Users\aless\.m2\repository\org\postgresql\postgresql\42.7.9\postgresql-42.7.9.jar;C:\Users\aless\.m2\repository\org\checkerframework\checker-qual\3.52.0\checker-qual-3.52.0.jar;C:\Users\aless\.m2\repository\org\openjfx\javafx-controls\21.0.6\javafx-controls-21.0.6.jar;C:\Users\aless\.m2\repository\org\openjfx\javafx-fxml\21.0.6\javafx-fxml-21.0.6.jar;C:\Users\aless\.m2\repository\org\openjfx\javafx-fxml\21.0.6\javafx-fxml-21.0.6-win.jar;C:\Users\aless\.m2\repository\org\jetbrains\annotations\13.0\annotations-13.0.jar
Launcher Type: SUN_STANDARD

[Global flags]
     intx CICompilerCount                          = 12                                        {product} {ergonomic}
     uint ConcGCThreads                            = 3                                         {product} {ergonomic}
     uint G1ConcRefinementThreads                  = 13                                        {product} {ergonomic}
   size_t G1HeapRegionSize                         = 2097152                                   {product} {ergonomic}
    uintx GCDrainStackTargetSize                   = 64                                        {product} {ergonomic}
   size_t InitialHeapSize                          = 266338304                                 {product} {ergonomic}
   size_t MarkStackSize                            = 4194304                                   {product} {ergonomic}
   size_t MaxHeapSize                              = 4248829952                                {product} {ergonomic}
   size_t MaxNewSize                               = 2548039680                                {product} {ergonomic}
   size_t MinHeapDeltaBytes                        = 2097152                                   {product} {ergonomic}
   size_t MinHeapSize                              = 8388608                                   {product} {ergonomic}
    uintx NonNMethodCodeHeapSize                   = 7602480                                {pd product} {ergonomic}
    uintx NonProfiledCodeHeapSize                  = 122027880                              {pd product} {ergonomic}
    uintx ProfiledCodeHeapSize                     = 122027880                              {pd product} {ergonomic}
    uintx ReservedCodeCacheSize                    = 251658240                              {pd product} {ergonomic}
     bool SegmentedCodeCache                       = true                                      {product} {ergonomic}
   size_t SoftMaxHeapSize                          = 4248829952                             {manageable} {ergonomic}
     bool UseCompressedOops                        = true                           {product lp64_product} {ergonomic}
     bool UseG1GC                                  = true                                      {product} {ergonomic}
     bool UseLargePagesIndividualAllocation        = false                                  {pd product} {ergonomic}

Logging:
Log output configuration:
 #0: stdout all=warning uptime,level,tags foldmultilines=false
 #1: stderr all=off uptime,level,tags foldmultilines=false

Environment Variables:
JAVA_HOME=C:\Program Files\Eclipse Adoptium\jdk-17.0.16.8-hotspot\
PATH=C:\Program Files\Eclipse Adoptium\jdk-21.0.10.7-hotspot\bin;C:\Program Files\Common Files\Oracle\Java\javapath;C:\Program Files (x86)\Common Files\Oracle\Java\javapath;C:\Program Files\Eclipse Adoptium\jdk-17.0.16.8-hotspot\bin;C:\Windows\system32;C:\Windows;C:\Windows\System32\Wbem;C:\Windows\System32\WindowsPowerShell\v1.0\;C:\Windows\System32\OpenSSH\;C:\Program Files (x86)\NVIDIA Corporation\PhysX\Common;C:\Program Files\NVIDIA Corporation\NVIDIA NvDLISR;C:\Program Files\dotnet\;C:\Program Files\nodejs\;C:\Program Files\Git\cmd;C:\Program Files\Docker\Docker\resources\bin;C:\Users\aless\scoop\shims;C:\Users\aless\AppData\Local\Microsoft\WindowsApps;C:\Users\aless\AppData\Local\Programs\Microsoft VS Code\bin;C:\Users\aless\AppData\Roaming\npm;C:\Users\aless\AppData\Local\GitHubDesktop\bin;C:\Users\aless\AppData\Local\JetBrains\Toolbox\scripts;C:\Users\aless\arduino-cli_1.4.1_Windows_64bit;
USERNAME=aless
OS=Windows_NT
PROCESSOR_IDENTIFIER=AMD64 Family 25 Model 68 Stepping 1, AuthenticAMD
TMP=C:\Users\aless\AppData\Local\Temp
TEMP=C:\Users\aless\AppData\Local\Temp




---------------  S Y S T E M  ---------------

OS:
 Windows 11 , 64 bit Build 26100 (10.0.26100.8246)
OS uptime: 0 days 2:33 hours
Hyper-V role detected

CPU: total 16 (initial active 16) (16 cores per cpu, 2 threads per core) family 25 model 68 stepping 1 microcode 0xa404107, cx8, cmov, fxsr, ht, mmx, 3dnowpref, sse, sse2, sse3, ssse3, sse4a, sse4.1, sse4.2, popcnt, lzcnt, tsc, tscinvbit, avx, avx2, aes, erms, clmul, bmi1, bmi2, adx, sha, fma, vzeroupper, clflush, clflushopt, hv, rdtscp, rdpid, fsrm, f16c, cet_ss
Processor Information for processor 0
  Max Mhz: 3100, Current Mhz: 2469, Mhz Limit: 3100
Processor Information for processor 1
  Max Mhz: 3100, Current Mhz: 2469, Mhz Limit: 3100
Processor Information for processor 2
  Max Mhz: 3100, Current Mhz: 2469, Mhz Limit: 3100
Processor Information for processor 3
  Max Mhz: 3100, Current Mhz: 2469, Mhz Limit: 3100
Processor Information for processor 4
  Max Mhz: 3100, Current Mhz: 2469, Mhz Limit: 3100
Processor Information for processor 5
  Max Mhz: 3100, Current Mhz: 2469, Mhz Limit: 3100
Processor Information for processor 6
  Max Mhz: 3100, Current Mhz: 2469, Mhz Limit: 3100
Processor Information for processor 7
  Max Mhz: 3100, Current Mhz: 3100, Mhz Limit: 3100
Processor Information for processor 8
  Max Mhz: 3100, Current Mhz: 2469, Mhz Limit: 3100
Processor Information for processor 9
  Max Mhz: 3100, Current Mhz: 2469, Mhz Limit: 3100
Processor Information for processor 10
  Max Mhz: 3100, Current Mhz: 3100, Mhz Limit: 3100
Processor Information for processor 11
  Max Mhz: 3100, Current Mhz: 2469, Mhz Limit: 3100
Processor Information for processor 12
  Max Mhz: 3100, Current Mhz: 2469, Mhz Limit: 3100
Processor Information for processor 13
  Max Mhz: 3100, Current Mhz: 2469, Mhz Limit: 3100
Processor Information for processor 14
  Max Mhz: 3100, Current Mhz: 2469, Mhz Limit: 3100
Processor Information for processor 15
  Max Mhz: 3100, Current Mhz: 2469, Mhz Limit: 3100

Memory: 4k page, system-wide physical 16202M (1790M free)
TotalPageFile size 32074M (AvailPageFile size 12592M)
current process WorkingSet (physical memory assigned to process): 4329M, peak: 4330M
current process commit charge ("private bytes"): 4425M, peak: 4464M

vm_info: Java HotSpot(TM) 64-Bit Server VM (21+35-LTS-2513) for windows-amd64 JRE (21+35-LTS-2513), built on 2023-08-09T20:25:10Z by "mach5one" with MS VC++ 17.1 (VS2022)

END.
