#
# A fatal error has been detected by the Java Runtime Environment:
#
#  EXCEPTION_ACCESS_VIOLATION (0xc0000005) at pc=0x00007ffe933ed3c0, pid=2300, tid=11068
#
# JRE version: Java(TM) SE Runtime Environment (21.0+35) (build 21+35-LTS-2513)
# Java VM: Java HotSpot(TM) 64-Bit Server VM (21+35-LTS-2513, mixed mode, sharing, tiered, compressed oops, compressed class ptrs, g1 gc, windows-amd64)
# Problematic frame:
# C  [ucrtbase.dll+0xed3c0]
#
# No core dump will be written. Minidumps are not enabled by default on client versions of Windows
#
# If you would like to submit a bug report, please visit:
#   https://bugreport.java.com/bugreport/crash.jsp
# The crash happened outside the Java Virtual Machine in native code.
# See problematic frame for where to report the bug.
#

---------------  S U M M A R Y ------------

Command Line: -javaagent:C:\Program Files\JetBrains\IntelliJ IDEA 2025.2.1\lib\idea_rt.jar=59934 -Dfile.encoding=UTF-8 -Dsun.stdout.encoding=UTF-8 -Dsun.stderr.encoding=UTF-8 --module-path=C:\Users\aless\.m2\repository\org\openjfx\javafx-base\21.0.6\javafx-base-21.0.6-win.jar;C:\Users\aless\.m2\repository\org\openjfx\javafx-graphics\21.0.6\javafx-graphics-21.0.6-win.jar;C:\Users\aless\OneDrive\Documenten\integration1\game\integration_project1_zaroc\integration_project1_zaroc\target\classes;C:\Users\aless\.m2\repository\org\openjfx\javafx-controls\21.0.6\javafx-controls-21.0.6-win.jar;C:\Users\aless\.m2\repository\org\mindrot\jbcrypt\0.4\jbcrypt-0.4.jar;C:\Users\aless\.m2\repository\com\microsoft\onnxruntime\onnxruntime\1.17.1\onnxruntime-1.17.1.jar -Djdk.module.main=game.integration_project1_zaroc game.integration_project1_zaroc/game.integration_project1_zaroc.model.ai.HeadlessArena

Host: AMD Ryzen 7 7435HS                             , 16 cores, 15G,  Windows 11 , 64 bit Build 26100 (10.0.26100.8246)
Time: Fri Apr 17 17:59:49 2026 Romance Summer Time elapsed time: 4989.319075 seconds (0d 1h 23m 9s)

---------------  T H R E A D  ---------------

Current thread (0x000001b415aa7f00):  JavaThread "main"             [_thread_in_native, id=11068, stack(0x0000000d7be00000,0x0000000d7bf00000) (1024K)]

Stack: [0x0000000d7be00000,0x0000000d7bf00000],  sp=0x0000000d7befe968,  free space=1018k
Native frames: (J=compiled Java code, j=interpreted, Vv=VM code, C=native code)
C  [ucrtbase.dll+0xed3c0]
C  [onnxruntime.dll+0x738ce0]

Java frames: (J=compiled Java code, j=interpreted, Vv=VM code)
J 2316  ai.onnxruntime.OrtSession.createSession(JJ[BJ)J com.microsoft.onnxruntime@1.17.1 (0 bytes) @ 0x000001b4277163ba [0x000001b427716340+0x000000000000007a]
J 2315 c1 ai.onnxruntime.OrtSession.<init>(Lai/onnxruntime/OrtEnvironment;[BLai/onnxruntime/OrtAllocator;Lai/onnxruntime/OrtSession$SessionOptions;)V com.microsoft.onnxruntime@1.17.1 (22 bytes) @ 0x000001b41fd54b4c [0x000001b41fd54a60+0x00000000000000ec]
J 2314 c1 ai.onnxruntime.OrtEnvironment.createSession([BLai/onnxruntime/OrtAllocator;Lai/onnxruntime/OrtSession$SessionOptions;)Lai/onnxruntime/OrtSession; com.microsoft.onnxruntime@1.17.1 (19 bytes) @ 0x000001b41fd54554 [0x000001b41fd543e0+0x0000000000000174]
j  ai.onnxruntime.OrtEnvironment.createSession([BLai/onnxruntime/OrtSession$SessionOptions;)Lai/onnxruntime/OrtSession;+7 com.microsoft.onnxruntime@1.17.1
J 2462 c2 game.integration_project1_zaroc.model.ai.HeadlessArena.playSingleGame(ZI)I game.integration_project1_zaroc (382 bytes) @ 0x000001b42777aa58 [0x000001b4277770e0+0x0000000000003978]
j  game.integration_project1_zaroc.model.ai.HeadlessArena.main([Ljava/lang/String;)V+63 game.integration_project1_zaroc
v  ~StubRoutines::call_stub 0x000001b426dc100d

siginfo: EXCEPTION_ACCESS_VIOLATION (0xc0000005), reading address 0x0000000000000004


Registers:
RAX=0x0000000000000001, RBX=0x0000000000000000, RCX=0x0000000000000004, RDX=0x00007ffde54486ac
RSP=0x0000000d7befe968, RBP=0x0000000d7befea59, RSI=0x000001befa714650, RDI=0x000000000000000f
R8 =0x0000000000000004, R9 =0xa2b7e69057d66771, R10=0x000001b415920000, R11=0x0000000d7befe9e0
R12=0x0000000000000000, R13=0x00000000001e658b, R14=0x0000000d7befefd0, R15=0x000001beb487b600
RIP=0x00007ffe933ed3c0, EFLAGS=0x0000000000010202


Register to memory mapping:

RAX=0x0000000000000001 is an unknown value
RBX=0x0 is null
RCX=0x0000000000000004 is an unknown value
RDX=0x00007ffde54486ac onnxruntime.dll
RSP=0x0000000d7befe968 is pointing into the stack for thread: 0x000001b415aa7f00
RBP=0x0000000d7befea59 is pointing into the stack for thread: 0x000001b415aa7f00
RSI=0x000001befa714650 points into unknown readable memory: 0x00007ffde5425ba0 | a0 5b 42 e5 fd 7f 00 00
RDI=0x000000000000000f is an unknown value
R8 =0x0000000000000004 is an unknown value
R9 =0xa2b7e69057d66771 is an unknown value
R10=0x000001b415920000 points into unknown readable memory: 0x0000000000000000 | 00 00 00 00 00 00 00 00
R11=0x0000000d7befe9e0 is pointing into the stack for thread: 0x000001b415aa7f00
R12=0x0 is null
R13=0x00000000001e658b is an unknown value
R14=0x0000000d7befefd0 is pointing into the stack for thread: 0x000001b415aa7f00
R15=0x000001beb487b600 points into unknown readable memory: 0x0000000000000008 | 08 00 00 00 00 00 00 00

Top of Stack: (sp=0x0000000d7befe968)
0x0000000d7befe968:   00007ffde5298ce0 000001b415a70000
0x0000000d7befe978:   00007ffe00000000 000001bf60ceac90
0x0000000d7befe988:   0000000000000050 0000000000000000
0x0000000d7befe998:   00007ffde4bbccf1 000001befa714650
0x0000000d7befe9a8:   00007ffd00000000 0000000000000050
0x0000000d7befe9b8:   00007ffde54cce40 0000000000000000
0x0000000d7befe9c8:   0000000000000000 0000000000000000
0x0000000d7befe9d8:   000000000000000f 000001bf60ceac00
0x0000000d7befe9e8:   0000000000000000 0000000000000000
0x0000000d7befe9f8:   000000000000000f 0000000d7befeda0
0x0000000d7befea08:   0000000d7beff080 ffffffffffffffff
0x0000000d7befea18:   0000000000000040 0000000d7befedd8
0x0000000d7befea28:   0000000d7befefd0 0000000000000000
0x0000000d7befea38:   0000000000000000 0000000000000000
0x0000000d7befea48:   000000000000000f 0000000d7befeda0
0x0000000d7befea58:   00007ffde4b6d514 000001b415a70000
0x0000000d7befea68:   0000c023ab34d921 000001bf16155dd0
0x0000000d7befea78:   000001beb487b6e0 0000000000000000
0x0000000d7befea88:   0000000d7befeda0 0000000d7beff080
0x0000000d7befea98:   ffffffffffffffff 0000000000000000
0x0000000d7befeaa8:   000001befa714650 0000000d7befebc0
0x0000000d7befeab8:   00007ffde4b7476c 00007ffde5274b30
0x0000000d7befeac8:   0000000000000000 00007ffde5274b00
0x0000000d7befead8:   000001befa714650 0000000000000001
0x0000000d7befeae8:   00000000fffffffa 0000000000000000
0x0000000d7befeaf8:   000001b47df29b00 000001bf60cea420
0x0000000d7befeb08:   0000000000000000 000000000000001a
0x0000000d7befeb18:   000000000000001f 0000000000000002
0x0000000d7befeb28:   000000000001e65a 000000000001e65a
0x0000000d7befeb38:   0000000000000000 0000000000000000
0x0000000d7befeb48:   000001befa714650 000001bf622d4000
0x0000000d7befeb58:   0000000000000000 0000000000000000 

Instructions: (pc=0x00007ffe933ed3c0)
0x00007ffe933ed2c0:   48 89 04 0a 48 83 c2 08 48 8b 02 49 83 e8 08 76
0x00007ffe933ed2d0:   26 49 b9 ff fe fe fe fe fe fe 7e 4c 03 c8 4c 8b
0x00007ffe933ed2e0:   d0 49 83 f2 ff 4d 33 d1 49 b9 00 01 01 01 01 01
0x00007ffe933ed2f0:   01 81 4d 85 d1 74 c9 49 83 c0 08 0f 84 8b 00 00
0x00007ffe933ed300:   00 84 c0 88 04 0a 0f 84 85 00 00 00 48 ff c2 49
0x00007ffe933ed310:   ff c8 74 78 84 e4 88 24 0a 74 76 48 ff c2 49 ff
0x00007ffe933ed320:   c8 74 69 48 c1 e8 10 84 c0 88 04 0a 74 63 48 ff
0x00007ffe933ed330:   c2 49 ff c8 74 56 84 e4 88 24 0a 74 54 48 ff c2
0x00007ffe933ed340:   49 ff c8 74 47 48 c1 e8 10 84 c0 88 04 0a 74 41
0x00007ffe933ed350:   48 ff c2 49 ff c8 74 34 84 e4 88 24 0a 74 32 48
0x00007ffe933ed360:   ff c2 49 ff c8 74 25 c1 e8 10 84 c0 88 04 0a 74
0x00007ffe933ed370:   20 48 ff c2 49 ff c8 74 13 84 e4 88 24 0a 74 11
0x00007ffe933ed380:   48 ff c2 49 ff c8 0f 85 3c ff ff ff 32 c0 88 04
0x00007ffe933ed390:   0a 49 8b c3 c3 cc cc cc cc cc cc cc cc cc cc cc
0x00007ffe933ed3a0:   cc cc cc cc cc cc 66 66 0f 1f 84 00 00 00 00 00
0x00007ffe933ed3b0:   48 2b d1 4d 85 c0 74 6a f7 c1 07 00 00 00 74 1d
0x00007ffe933ed3c0:   0f b6 01 3a 04 0a 75 5d 48 ff c1 49 ff c8 74 52
0x00007ffe933ed3d0:   84 c0 74 4e 48 f7 c1 07 00 00 00 75 e3 49 bb 80
0x00007ffe933ed3e0:   80 80 80 80 80 80 80 49 ba ff fe fe fe fe fe fe
0x00007ffe933ed3f0:   fe 8d 04 0a 25 ff 0f 00 00 3d f8 0f 00 00 77 c0
0x00007ffe933ed400:   48 8b 01 48 3b 04 0a 75 b7 48 83 c1 08 49 83 e8
0x00007ffe933ed410:   08 76 0f 4d 8d 0c 02 48 f7 d0 49 23 c1 49 85 c3
0x00007ffe933ed420:   74 cf 33 c0 c3 48 1b c0 48 83 c8 01 c3 cc cc cc
0x00007ffe933ed430:   cc cc cc cc cc cc 66 66 0f 1f 84 00 00 00 00 00
0x00007ffe933ed440:   4c 8b d9 4d 0b c0 74 24 48 2b ca f6 c2 07 74 28
0x00007ffe933ed450:   8a 02 84 c0 88 04 0a 0f 84 e3 00 00 00 48 ff c2
0x00007ffe933ed460:   49 ff c8 74 07 f6 c2 07 75 e6 eb 0c 49 8b c3 c3
0x00007ffe933ed470:   48 89 04 0a 48 83 c2 08 48 8b 02 49 83 e8 08 76
0x00007ffe933ed480:   26 49 b9 ff fe fe fe fe fe fe 7e 4c 03 c8 4c 8b
0x00007ffe933ed490:   d0 49 83 f2 ff 4d 33 d1 49 b9 00 01 01 01 01 01
0x00007ffe933ed4a0:   01 81 4d 85 d1 74 c9 49 83 c0 08 0f 84 8b 00 00
0x00007ffe933ed4b0:   00 84 c0 88 04 0a 0f 84 84 00 00 00 48 ff c2 49 


Stack slot to memory mapping:

stack at sp + 0 slots: 0x00007ffde5298ce0 onnxruntime.dll
stack at sp + 1 slots: 0x000001b415a70000 points into unknown readable memory: 0x0000000000000000 | 00 00 00 00 00 00 00 00
stack at sp + 2 slots: 0x00007ffe00000000 is an unknown value
stack at sp + 3 slots: 0x000001bf60ceac90 points into unknown readable memory: 0x2e6e6f6973736573 | 73 65 73 73 69 6f 6e 2e
stack at sp + 4 slots: 0x0000000000000050 is an unknown value
stack at sp + 5 slots: 0x0 is null
stack at sp + 6 slots: 0x00007ffde4bbccf1 onnxruntime.dll
stack at sp + 7 slots: 0x000001befa714650 points into unknown readable memory: 0x00007ffde5425ba0 | a0 5b 42 e5 fd 7f 00 00


Compiled method (n/a) 4989397 2316     n 0       ai.onnxruntime.OrtSession::createSession (native)
 total in heap  [0x000001b427716190,0x000001b4277165a0] = 1040
 relocation     [0x000001b4277162f0,0x000001b427716328] = 56
 main code      [0x000001b427716340,0x000001b427716591] = 593
 stub code      [0x000001b427716591,0x000001b427716598] = 7
 oops           [0x000001b427716598,0x000001b4277165a0] = 8

[Constant Pool (empty)]

[MachCode]
[Entry Point]
  # {method} {0x000001b47942caf0} 'createSession' '(JJ[BJ)J' in 'ai/onnxruntime/OrtSession'
  # parm0:    rdx:rdx   = long
  # parm1:    r8:r8     = long
  # parm2:    r9:r9     = '[B'
  # parm3:    rdi:rdi   = long
  #           [sp+0x80]  (sp of caller)
  0x000001b427716340: 448b 5208 | 49bb 0000 | 0038 b401 | 0000 4d03 | d349 3bc2 | 0f84 0600 

  0x000001b427716358: ;   {runtime_call ic_miss_stub}
  0x000001b427716358: 0000 e921 | 846f ff90 
[Verified Entry Point]
  0x000001b427716360: 8984 2400 | 80ff ff55 | 488b ec48 | 83ec 7090 | 4181 7f20 | 0100 0000 

  0x000001b427716378: ;   {runtime_call StubRoutines (final stubs)}
  0x000001b427716378: 7405 e8e1 | e96d ff48 | 897c 2428 | 4c89 4c24 | 4049 83f9 | 0048 8d44 | 2440 480f | 4444 2440 
  0x000001b427716398: 4889 4424 | 204d 8bc8 

  0x000001b4277163a0: ;   {oop(a 'java/lang/Class'{0x0000000702c9ee28} = 'ai/onnxruntime/OrtSession')}
  0x000001b4277163a0: 4c8b c249 | be28 eec9 | 0207 0000 | 004c 8974 | 2460 4c8d | 7424 6049 | 8bd6 c5f8 

  0x000001b4277163bc: ;   {internal_word}
  0x000001b4277163bc: 7749 baba | 6371 27b4 | 0100 004d | 8997 a003 | 0000 4989 | a798 0300 

  0x000001b4277163d4: ;   {external_word}
  0x000001b4277163d4: 0049 ba19 | 05fc 21fe | 7f00 0041 | 803a 000f | 844e 0000 | 0052 4150 

  0x000001b4277163ec: ;   {metadata({method} {0x000001b47942caf0} 'createSession' '(JJ[BJ)J' in 'ai/onnxruntime/OrtSession')}
  0x000001b4277163ec: 4151 48ba | e8ca 4279 | b401 0000 | 498b cf48 | 83ec 2040 | f6c4 0f0f | 8419 0000 | 0048 83ec 
  0x000001b42771640c: ;   {runtime_call}
  0x000001b42771640c: 0848 b880 | e8ac 21fe | 7f00 00ff | d048 83c4 | 08e9 0c00 

  0x000001b427716420: ;   {runtime_call}
  0x000001b427716420: 0000 48b8 | 80e8 ac21 | fe7f 0000 | ffd0 4883 | c420 4159 | 4158 5a49 | 8d8f b803 | 0000 41c7 
  0x000001b427716440: 874c 0400 | 0004 0000 

  0x000001b427716448: ;   {runtime_call}
  0x000001b427716448: 0048 b8e0 | 64c3 71fe | 7f00 00ff | d0c5 f877 | 41c7 874c | 0400 0005 | 0000 00f0 | 8344 24c0 
  0x000001b427716468: 0049 3baf | 5004 0000 | 0f87 0e00 | 0000 4183 | bf48 0400 | 0000 0f84 | 2b00 0000 | c5f8 7748 
  0x000001b427716488: 8945 f849 | 8bcf 4c8b | e448 83ec | 2048 83e4 

  0x000001b427716498: ;   {runtime_call}
  0x000001b427716498: f048 b870 | bc78 21fe | 7f00 00ff | d049 8be4 | 4d33 e448 | 8b45 f841 | c787 4c04 | 0000 0800 
  0x000001b4277164b8: 0000 4183 | bfc8 0400 | 0002 0f84 | 9c00 0000 

  0x000001b4277164c8: ;   {external_word}
  0x000001b4277164c8: 49ba 1905 | fc21 fe7f | 0000 4180 | 3a00 0f84 | 4c00 0000 | 4889 45f8 

  0x000001b4277164e0: ;   {metadata({method} {0x000001b47942caf0} 'createSession' '(JJ[BJ)J' in 'ai/onnxruntime/OrtSession')}
  0x000001b4277164e0: 48ba e8ca | 4279 b401 | 0000 498b | cf48 83ec | 2040 f6c4 | 0f0f 8419 | 0000 0048 

  0x000001b4277164fc: ;   {runtime_call}
  0x000001b4277164fc: 83ec 0848 | b880 e8ac | 21fe 7f00 | 00ff d048 | 83c4 08e9 | 0c00 0000 

  0x000001b427716514: ;   {runtime_call}
  0x000001b427716514: 48b8 80e8 | ac21 fe7f | 0000 ffd0 | 4883 c420 | 488b 45f8 | 49c7 8798 | 0300 0000 | 0000 0049 
  0x000001b427716534: c787 a003 | 0000 0000 | 0000 c5f8 | 7749 8b8f | 2804 0000 | c781 0001 | 0000 0000 | 0000 c949 
  0x000001b427716554: 837f 0800 | 0f85 0100 

  0x000001b42771655c: ;   {runtime_call StubRoutines (initial stubs)}
  0x000001b42771655c: 0000 c3e9 | 9ca9 6aff | c5f8 7748 | 8945 f84c | 8be4 4883 | ec20 4883 

  0x000001b427716574: ;   {runtime_call}
  0x000001b427716574: e4f0 48b8 | b020 ad21 | fe7f 0000 | ffd0 498b | e44d 33e4 | 488b 45f8 | e937 ffff | fff4 f4f4 
  0x000001b427716594: f4f4 f4f4 
[/MachCode]


Compiled method (c1) 4989411 2315       3       ai.onnxruntime.OrtSession::<init> (22 bytes)
 total in heap  [0x000001b41fd54890,0x000001b41fd54d60] = 1232
 relocation     [0x000001b41fd549f0,0x000001b41fd54a48] = 88
 main code      [0x000001b41fd54a60,0x000001b41fd54c10] = 432
 stub code      [0x000001b41fd54c10,0x000001b41fd54c60] = 80
 oops           [0x000001b41fd54c60,0x000001b41fd54c68] = 8
 metadata       [0x000001b41fd54c68,0x000001b41fd54c80] = 24
 scopes data    [0x000001b41fd54c80,0x000001b41fd54cd0] = 80
 scopes pcs     [0x000001b41fd54cd0,0x000001b41fd54d40] = 112
 dependencies   [0x000001b41fd54d40,0x000001b41fd54d48] = 8
 nul chk table  [0x000001b41fd54d48,0x000001b41fd54d60] = 24

[Constant Pool (empty)]

[MachCode]
[Entry Point]
  # {method} {0x000001b47942b328} '<init>' '(Lai/onnxruntime/OrtEnvironment;[BLai/onnxruntime/OrtAllocator;Lai/onnxruntime/OrtSession$SessionOptions;)V' in 'ai/onnxruntime/OrtSession'
  # this:     rdx:rdx   = 'ai/onnxruntime/OrtSession'
  # parm0:    r8:r8     = 'ai/onnxruntime/OrtEnvironment'
  # parm1:    r9:r9     = '[B'
  # parm2:    rdi:rdi   = 'ai/onnxruntime/OrtAllocator'
  # parm3:    rsi:rsi   = 'ai/onnxruntime/OrtSession$SessionOptions'
  #           [sp+0x90]  (sp of caller)
  0x000001b41fd54a60: 448b 5208 | 49bb 0000 | 0038 b401 | 0000 4d03 | d34c 3bd0 

  0x000001b41fd54a74: ;   {runtime_call ic_miss_stub}
  0x000001b41fd54a74: 0f85 069d | 0b07 660f | 1f44 0000 
[Verified Entry Point]
  0x000001b41fd54a80: 8984 2400 | 80ff ff55 | 4881 ec80 | 0000 0090 | 4181 7f20 | 0100 0000 

  0x000001b41fd54a98: ;   {runtime_call StubRoutines (final stubs)}
  0x000001b41fd54a98: 7405 e8c1 

  0x000001b41fd54a9c: ;   {metadata(method data for {method} {0x000001b47942b328} '<init>' '(Lai/onnxruntime/OrtEnvironment;[BLai/onnxruntime/OrtAllocator;Lai/onnxruntime/OrtSession$SessionOptions;)V' in 'ai/onnxruntime/OrtSession')}
  0x000001b41fd54a9c: 020a 0748 | bb00 804c | 79b4 0100 | 008b 83cc | 0000 0083 | c002 8983 | cc00 0000 | 25fe 0700 
  0x000001b41fd54abc: 0083 f800 | 0f84 dc00 | 0000 4889 | 7c24 6848 | 8954 2460 

  0x000001b41fd54ad0: ;   {oop(a 'java/lang/Class'{0x0000000702c029e8} = 'ai/onnxruntime/OnnxRuntime')}
  0x000001b41fd54ad0: 48bb e829 | c002 0700 | 0000 488b | 83b0 0000 | 0049 3b00 

  0x000001b41fd54ae4: ;   {metadata(method data for {method} {0x000001b47942b328} '<init>' '(Lai/onnxruntime/OrtEnvironment;[BLai/onnxruntime/OrtAllocator;Lai/onnxruntime/OrtSession$SessionOptions;)V' in 'ai/onnxruntime/OrtSession')}
  0x000001b41fd54ae4: 498b d848 | b900 804c | 79b4 0100 | 0048 8381 | 1001 0000 | 0149 8b58 | 1048 3b06 

  0x000001b41fd54b00: ;   {metadata(method data for {method} {0x000001b47942b328} '<init>' '(Lai/onnxruntime/OrtEnvironment;[BLai/onnxruntime/OrtAllocator;Lai/onnxruntime/OrtSession$SessionOptions;)V' in 'ai/onnxruntime/OrtSession')}
  0x000001b41fd54b00: 4c8b c648 | b900 804c | 79b4 0100 

  0x000001b41fd54b0c: ;   {metadata('ai/onnxruntime/OrtSession$SessionOptions')}
  0x000001b41fd54b0c: 0049 ba88 | 8600 39b4 | 0100 004c | 8991 5801 | 0000 4883 | 8160 0100 | 0001 488b 

  0x000001b41fd54b28: ;   {metadata(method data for {method} {0x000001b47942b328} '<init>' '(Lai/onnxruntime/OrtEnvironment;[BLai/onnxruntime/OrtAllocator;Lai/onnxruntime/OrtSession$SessionOptions;)V' in 'ai/onnxruntime/OrtSession')}
  0x000001b41fd54b28: 4e10 49b8 | 0080 4c79 | b401 0000 | 4983 8080 | 0100 0001 | 488b d04c | 8bc3 488b 

  0x000001b41fd54b44: ;   {static_call}
  0x000001b41fd54b44: f966 90e8 

  0x000001b41fd54b48: ; ImmutableOopMap {[96]=Oop [104]=Oop }
                      ;*invokestatic createSession {reexecute=0 rethrow=0 return_oop=0}
                      ; - ai.onnxruntime.OrtSession::<init>@14 (line 91)
  0x000001b41fd54b48: 1418 9c07 

  0x000001b41fd54b4c: ;   {other}
  0x000001b41fd54b4c: 0f1f 8400 | bc02 0000 | 488b 5424 

  0x000001b41fd54b58: ;   {metadata(method data for {method} {0x000001b47942b328} '<init>' '(Lai/onnxruntime/OrtEnvironment;[BLai/onnxruntime/OrtAllocator;Lai/onnxruntime/OrtSession$SessionOptions;)V' in 'ai/onnxruntime/OrtSession')}
  0x000001b41fd54b58: 6049 b800 | 804c 79b4 | 0100 0049 | 8380 9001 | 0000 014c | 8bc0 4c8b | 4c24 6848 | 8b54 2460 
  0x000001b41fd54b78: 0f1f 8000 

  0x000001b41fd54b7c: ;   {optimized virtual_call}
  0x000001b41fd54b7c: 0000 00e8 

  0x000001b41fd54b80: ; ImmutableOopMap {}
                      ;*invokespecial <init> {reexecute=0 rethrow=0 return_oop=0}
                      ; - ai.onnxruntime.OrtSession::<init>@18 (line 90)
  0x000001b41fd54b80: bca6 feff 

  0x000001b41fd54b84: ;   {other}
  0x000001b41fd54b84: 0f1f 8400 | f402 0001 | 4881 c480 | 0000 005d 

  0x000001b41fd54b94: ;   {poll_return}
  0x000001b41fd54b94: 493b a750 | 0400 000f | 872c 0000 

  0x000001b41fd54ba0: ;   {metadata({method} {0x000001b47942b328} '<init>' '(Lai/onnxruntime/OrtEnvironment;[BLai/onnxruntime/OrtAllocator;Lai/onnxruntime/OrtSession$SessionOptions;)V' in 'ai/onnxruntime/OrtSession')}
  0x000001b41fd54ba0: 00c3 49ba | 20b3 4279 | b401 0000 | 4c89 5424 | 0848 c704 | 24ff ffff 

  0x000001b41fd54bb8: ;   {runtime_call counter_overflow Runtime1 stub}
  0x000001b41fd54bb8: ffe8 422e 

  0x000001b41fd54bbc: ; ImmutableOopMap {rdx=Oop r8=Oop r9=Oop rdi=Oop rsi=Oop }
                      ;*synchronization entry
                      ; - ai.onnxruntime.OrtSession::<init>@-1 (line 90)
  0x000001b41fd54bbc: 1807 e903 

  0x000001b41fd54bc0: ;   {runtime_call throw_null_pointer_exception Runtime1 stub}
  0x000001b41fd54bc0: ffff ffe8 

  0x000001b41fd54bc4: ; ImmutableOopMap {r8=Oop r9=Oop rsi=Oop [96]=Oop [104]=Oop }
                      ;*invokevirtual getNativeHandle {reexecute=0 rethrow=0 return_oop=0}
                      ; - ai.onnxruntime.OrtSession::<init>@5 (line 92)
  0x000001b41fd54bc4: b8bc 1707 

  0x000001b41fd54bc8: ;   {runtime_call throw_null_pointer_exception Runtime1 stub}
  0x000001b41fd54bc8: e8b3 bc17 

  0x000001b41fd54bcc: ; ImmutableOopMap {r9=Oop rsi=Oop [96]=Oop [104]=Oop }
                      ;*invokevirtual getNativeHandle {reexecute=0 rethrow=0 return_oop=0}
                      ; - ai.onnxruntime.OrtSession::<init>@11 (line 92)
                      ;   {internal_word}
  0x000001b41fd54bcc: 0749 ba94 | 4bd5 1fb4 | 0100 004d | 8997 6804 

  0x000001b41fd54bdc: ;   {runtime_call SafepointBlob}
  0x000001b41fd54bdc: 0000 e91d | 0b0c 0749 | 8b87 0005 | 0000 49c7 | 8700 0500 | 0000 0000 | 0049 c787 | 0805 0000 
  0x000001b41fd54bfc: 0000 0000 | 4881 c480 | 0000 005d 

  0x000001b41fd54c08: ;   {runtime_call unwind_exception Runtime1 stub}
  0x000001b41fd54c08: e973 a417 | 07f4 f4f4 
[Stub Code]
  0x000001b41fd54c10: ;   {no_reloc}
  0x000001b41fd54c10: 48bb 0000 | 0000 0000 

  0x000001b41fd54c18: ;   {runtime_call}
  0x000001b41fd54c18: 0000 e9fb 

  0x000001b41fd54c1c: ;   {static_stub}
  0x000001b41fd54c1c: ffff ff48 | bb00 0000 | 0000 0000 

  0x000001b41fd54c28: ;   {runtime_call}
  0x000001b41fd54c28: 00e9 fbff 

  0x000001b41fd54c2c: ;   {runtime_call handle_exception_from_callee Runtime1 stub}
  0x000001b41fd54c2c: ffff e84d 

  0x000001b41fd54c30: ;   {external_word}
  0x000001b41fd54c30: f617 0748 | b9d0 17d4 | 21fe 7f00 | 0048 83e4 

  0x000001b41fd54c40: ;   {runtime_call}
  0x000001b41fd54c40: f048 b8e0 | 0c9c 21fe | 7f00 00ff 

  0x000001b41fd54c4c: ;   {section_word}
  0x000001b41fd54c4c: d0f4 49ba | 4e4c d51f | b401 0000 

  0x000001b41fd54c58: ;   {runtime_call DeoptimizationBlob}
  0x000001b41fd54c58: 4152 e941 | fd0b 07f4 
[/MachCode]


Compiled method (c1) 4989419 2314       3       ai.onnxruntime.OrtEnvironment::createSession (19 bytes)
 total in heap  [0x000001b41fd54210,0x000001b41fd54868] = 1624
 relocation     [0x000001b41fd54370,0x000001b41fd543d8] = 104
 main code      [0x000001b41fd543e0,0x000001b41fd546e8] = 776
 stub code      [0x000001b41fd546e8,0x000001b41fd54738] = 80
 oops           [0x000001b41fd54738,0x000001b41fd54748] = 16
 metadata       [0x000001b41fd54748,0x000001b41fd54758] = 16
 scopes data    [0x000001b41fd54758,0x000001b41fd547d0] = 120
 scopes pcs     [0x000001b41fd547d0,0x000001b41fd54860] = 144
 dependencies   [0x000001b41fd54860,0x000001b41fd54868] = 8

[Constant Pool (empty)]

[MachCode]
[Entry Point]
  # {method} {0x000001b47941a438} 'createSession' '([BLai/onnxruntime/OrtAllocator;Lai/onnxruntime/OrtSession$SessionOptions;)Lai/onnxruntime/OrtSession;' in 'ai/onnxruntime/OrtEnvironment'
  # this:     rdx:rdx   = 'ai/onnxruntime/OrtEnvironment'
  # parm0:    r8:r8     = '[B'
  # parm1:    r9:r9     = 'ai/onnxruntime/OrtAllocator'
  # parm2:    rdi:rdi   = 'ai/onnxruntime/OrtSession$SessionOptions'
  #           [sp+0xa0]  (sp of caller)
  0x000001b41fd543e0: 448b 5208 | 49bb 0000 | 0038 b401 | 0000 4d03 | d34c 3bd0 

  0x000001b41fd543f4: ;   {runtime_call ic_miss_stub}
  0x000001b41fd543f4: 0f85 86a3 | 0b07 660f | 1f44 0000 
[Verified Entry Point]
  0x000001b41fd54400: 8984 2400 | 80ff ff55 | 4881 ec90 | 0000 0090 | 4181 7f20 | 0100 0000 

  0x000001b41fd54418: ;   {runtime_call StubRoutines (final stubs)}
  0x000001b41fd54418: 7405 e841 

  0x000001b41fd5441c: ;   {metadata(method data for {method} {0x000001b47941a438} 'createSession' '([BLai/onnxruntime/OrtAllocator;Lai/onnxruntime/OrtSession$SessionOptions;)Lai/onnxruntime/OrtSession;' in 'ai/onnxruntime/OrtEnvironment')}
  0x000001b41fd5441c: 090a 0748 | be00 3b4c | 79b4 0100 | 008b 86cc | 0000 0083 | c002 8986 | cc00 0000 | 25fe 0700 
  0x000001b41fd5443c: 0083 f800 | 0f84 e801 

  0x000001b41fd54444: ;   {metadata(method data for {method} {0x000001b47941a438} 'createSession' '([BLai/onnxruntime/OrtAllocator;Lai/onnxruntime/OrtSession$SessionOptions;)Lai/onnxruntime/OrtSession;' in 'ai/onnxruntime/OrtEnvironment')}
  0x000001b41fd54444: 0000 48be | 003b 4c79 | b401 0000 | 4883 8610 | 0100 0001 

  0x000001b41fd54458: ;   {metadata(method data for {method} {0x000001b4380568e8} 'requireNonNull' '(Ljava/lang/Object;Ljava/lang/String;)Ljava/lang/Object;' in 'java/util/Objects')}
  0x000001b41fd54458: 48be 00b0 | 0479 b401 | 0000 8b86 | cc00 0000 | 83c0 0289 | 86cc 0000 | 0025 feff | 1f00 83f8 
  0x000001b41fd54478: 000f 84d0 | 0100 0049 

  0x000001b41fd54480: ;   {metadata(method data for {method} {0x000001b4380568e8} 'requireNonNull' '(Ljava/lang/Object;Ljava/lang/String;)Ljava/lang/Object;' in 'java/util/Objects')}
  0x000001b41fd54480: 83f8 0048 | be00 b004 | 79b4 0100 | 0048 b820 | 0100 0000 | 0000 000f | 840a 0000 | 0048 b810 
  0x000001b41fd544a0: 0100 0000 | 0000 0048 | 8b0c 0648 | 8d49 0148 | 890c 060f | 84be 0000 | 0048 8bda 

  0x000001b41fd544bc: ;   {metadata('ai/onnxruntime/OrtSession')}
  0x000001b41fd544bc: 48ba f089 | 0039 b401 | 0000 4c8b | df49 8b87 | b801 0000 | 488d 7838 | 493b bfc8 | 0100 000f 
  0x000001b41fd544dc: 878f 0100 | 0049 89bf | b801 0000 | 48c7 0001 | 0000 0048 | 8bca 49ba | 0000 0038 | b401 0000 
  0x000001b41fd544fc: 492b ca89 | 4808 4833 | c989 480c | 4833 c948 | bf05 0000 | 0000 0000 | 0048 894c | f808 48ff 
  0x000001b41fd5451c: cf75 f648 

  0x000001b41fd54520: ;   {metadata(method data for {method} {0x000001b47941a438} 'createSession' '([BLai/onnxruntime/OrtAllocator;Lai/onnxruntime/OrtSession$SessionOptions;)Lai/onnxruntime/OrtSession;' in 'ai/onnxruntime/OrtEnvironment')}
  0x000001b41fd54520: 8bf8 48be | 003b 4c79 | b401 0000 | 4883 8620 | 0100 0001 | 4d8b e84c | 8bc3 498b | d94d 8bcd 
  0x000001b41fd54540: 488b fb49 | 8bf3 488b | d048 8944 

  0x000001b41fd5454c: ;   {optimized virtual_call}
  0x000001b41fd5454c: 2458 90e8 

  0x000001b41fd54550: ; ImmutableOopMap {[88]=Oop }
                      ;*invokespecial <init> {reexecute=0 rethrow=0 return_oop=0}
                      ; - ai.onnxruntime.OrtEnvironment::createSession@15 (line 276)
  0x000001b41fd54550: 2c05 0000 

  0x000001b41fd54554: ;   {other}
  0x000001b41fd54554: 0f1f 8400 | 4403 0000 | 488b 4424 | 5848 81c4 | 9000 0000 

  0x000001b41fd54568: ;   {poll_return}
  0x000001b41fd54568: 5d49 3ba7 | 5004 0000 | 0f87 0701 | 0000 c348 | 897c 2470 | 4c89 8c24 | 8000 0000 | 4c89 4424 
  0x000001b41fd54588: 6848 8954 | 2478 6690 

  0x000001b41fd54590: ;   {no_reloc}
  0x000001b41fd54590: e90d 0100 | 0000 0000 | 0000 498b | 87b8 0100 | 0048 8d78 | 3049 3bbf | c801 0000 | 0f87 fa00 
  0x000001b41fd545b0: 0000 4989 | bfb8 0100 | 0048 c700 | 0100 0000 | 488b ca49 | ba00 0000 | 38b4 0100 | 0049 2bca 
  0x000001b41fd545d0: 8948 0848 | 33c9 8948 | 0c48 33c9 | 4889 4810 | 4889 4818 | 4889 4820 | 4889 4828 

  0x000001b41fd545ec: ;   {metadata(method data for {method} {0x000001b4380568e8} 'requireNonNull' '(Ljava/lang/Object;Ljava/lang/String;)Ljava/lang/Object;' in 'java/util/Objects')}
  0x000001b41fd545ec: 488b d048 | be00 b004 | 79b4 0100 | 0048 8386 | 3001 0000 

  0x000001b41fd54600: ;   {oop("model array must not be null"{0x0000000702c9d240})}
  0x000001b41fd54600: 0148 ba40 | d2c9 0207 | 0000 004c | 8bc2 488b | d048 8944 

  0x000001b41fd54614: ;   {optimized virtual_call}
  0x000001b41fd54614: 2460 90e8 

  0x000001b41fd54618: ; ImmutableOopMap {[96]=Oop [104]=Oop [112]=Oop [120]=Oop [128]=Oop }
                      ;*invokespecial <init> {reexecute=0 rethrow=0 return_oop=0}
                      ; - java.util.Objects::requireNonNull@9 (line 259)
                      ; - ai.onnxruntime.OrtEnvironment::createSession@3 (line 275)
  0x000001b41fd54618: 64a4 0b07 

  0x000001b41fd5461c: ;   {other}
  0x000001b41fd5461c: 0f1f 8400 | 0c04 0001 | 488b 4424 | 60e9 a800 

  0x000001b41fd5462c: ;   {metadata({method} {0x000001b47941a438} 'createSession' '([BLai/onnxruntime/OrtAllocator;Lai/onnxruntime/OrtSession$SessionOptions;)Lai/onnxruntime/OrtSession;' in 'ai/onnxruntime/OrtEnvironment')}
  0x000001b41fd5462c: 0000 49ba | 30a4 4179 | b401 0000 | 4c89 5424 | 0848 c704 | 24ff ffff 

  0x000001b41fd54644: ;   {runtime_call counter_overflow Runtime1 stub}
  0x000001b41fd54644: ffe8 b633 

  0x000001b41fd54648: ; ImmutableOopMap {rdx=Oop r8=Oop r9=Oop rdi=Oop }
                      ;*synchronization entry
                      ; - ai.onnxruntime.OrtEnvironment::createSession@-1 (line 275)
  0x000001b41fd54648: 1807 e9f7 

  0x000001b41fd5464c: ;   {metadata({method} {0x000001b4380568e8} 'requireNonNull' '(Ljava/lang/Object;Ljava/lang/String;)Ljava/lang/Object;' in 'java/util/Objects')}
  0x000001b41fd5464c: fdff ff49 | bae0 6805 | 38b4 0100 | 004c 8954 | 2408 48c7 | 0424 ffff 

  0x000001b41fd54664: ;   {runtime_call counter_overflow Runtime1 stub}
  0x000001b41fd54664: ffff e895 

  0x000001b41fd54668: ; ImmutableOopMap {rdx=Oop r8=Oop r9=Oop rdi=Oop }
                      ;*synchronization entry
                      ; - java.util.Objects::requireNonNull@-1 (line 258)
                      ; - ai.onnxruntime.OrtEnvironment::createSession@3 (line 275)
  0x000001b41fd54668: 3318 07e9 | 0ffe ffff 

  0x000001b41fd54670: ;   {runtime_call fast_new_instance Runtime1 stub}
  0x000001b41fd54670: 488b d2e8 

  0x000001b41fd54674: ; ImmutableOopMap {r9=Oop r8=Oop rbx=Oop r11=Oop }
                      ;*new {reexecute=0 rethrow=0 return_oop=0}
                      ; - ai.onnxruntime.OrtEnvironment::createSession@7 (line 276)
  0x000001b41fd54674: 08d4 1707 | e9a2 feff 

  0x000001b41fd5467c: ;   {internal_word}
  0x000001b41fd5467c: ff49 ba69 | 45d5 1fb4 | 0100 004d | 8997 6804 

  0x000001b41fd5468c: ;   {runtime_call SafepointBlob}
  0x000001b41fd5468c: 0000 e96d 

  0x000001b41fd54690: ;   {metadata(nullptr)}
  0x000001b41fd54690: 100c 0748 | ba00 0000 | 0000 0000 | 00b8 000f 

  0x000001b41fd546a0: ;   {runtime_call load_klass_patching Runtime1 stub}
  0x000001b41fd546a0: 050a e8d9 

  0x000001b41fd546a4: ; ImmutableOopMap {[104]=Oop [112]=Oop [120]=Oop [128]=Oop }
                      ;*new {reexecute=1 rethrow=0 return_oop=0}
                      ; - (reexecute) java.util.Objects::requireNonNull@4 (line 259)
                      ; - ai.onnxruntime.OrtEnvironment::createSession@3 (line 275)
  0x000001b41fd546a4: 2218 07e9 | e4fe ffff 

  0x000001b41fd546ac: ;   {runtime_call fast_new_instance Runtime1 stub}
  0x000001b41fd546ac: 488b d2e8 

  0x000001b41fd546b0: ; ImmutableOopMap {[104]=Oop [112]=Oop [120]=Oop [128]=Oop }
                      ;*new {reexecute=0 rethrow=0 return_oop=0}
                      ; - java.util.Objects::requireNonNull@4 (line 259)
                      ; - ai.onnxruntime.OrtEnvironment::createSession@3 (line 275)
  0x000001b41fd546b0: ccd3 1707 | e933 ffff | ff49 8b87 | 0005 0000 | 49c7 8700 | 0500 0000 | 0000 0049 | c787 0805 
  0x000001b41fd546d0: 0000 0000 | 0000 4881 | c490 0000 

  0x000001b41fd546dc: ;   {runtime_call unwind_exception Runtime1 stub}
  0x000001b41fd546dc: 005d e99d | a917 07f4 | f4f4 f4f4 
[Stub Code]
  0x000001b41fd546e8: ;   {no_reloc}
  0x000001b41fd546e8: 48bb 0000 | 0000 0000 

  0x000001b41fd546f0: ;   {runtime_call}
  0x000001b41fd546f0: 0000 e9fb 

  0x000001b41fd546f4: ;   {static_stub}
  0x000001b41fd546f4: ffff ff48 | bb00 0000 | 0000 0000 

  0x000001b41fd54700: ;   {runtime_call}
  0x000001b41fd54700: 00e9 fbff 

  0x000001b41fd54704: ;   {runtime_call handle_exception_from_callee Runtime1 stub}
  0x000001b41fd54704: ffff e875 

  0x000001b41fd54708: ;   {external_word}
  0x000001b41fd54708: fb17 0748 | b9d0 17d4 | 21fe 7f00 | 0048 83e4 

  0x000001b41fd54718: ;   {runtime_call}
  0x000001b41fd54718: f048 b8e0 | 0c9c 21fe | 7f00 00ff 

  0x000001b41fd54724: ;   {section_word}
  0x000001b41fd54724: d0f4 49ba | 2647 d51f | b401 0000 

  0x000001b41fd54730: ;   {runtime_call DeoptimizationBlob}
  0x000001b41fd54730: 4152 e969 | 020c 07f4 
[/MachCode]


---------------  P R O C E S S  ---------------

Threads class SMR info:
_java_thread_list=0x000001bf60abcf30, length=12, elements={
0x000001b415aa7f00, 0x000001b437a194d0, 0x000001b437a1cab0, 0x000001b437a1e410,
0x000001b437a1f0d0, 0x000001b437a202b0, 0x000001b437a20a50, 0x000001b437a39ae0,
0x000001b437a3af60, 0x000001b437bcb430, 0x000001b47dcc6990, 0x000001b47dcc7000
}

Java Threads: ( => current thread )
=>0x000001b415aa7f00 JavaThread "main"                              [_thread_in_native, id=11068, stack(0x0000000d7be00000,0x0000000d7bf00000) (1024K)]
  0x000001b437a194d0 JavaThread "Reference Handler"          daemon [_thread_blocked, id=28308, stack(0x0000000d7c600000,0x0000000d7c700000) (1024K)]
  0x000001b437a1cab0 JavaThread "Finalizer"                  daemon [_thread_blocked, id=21360, stack(0x0000000d7c700000,0x0000000d7c800000) (1024K)]
  0x000001b437a1e410 JavaThread "Signal Dispatcher"          daemon [_thread_blocked, id=14732, stack(0x0000000d7c800000,0x0000000d7c900000) (1024K)]
  0x000001b437a1f0d0 JavaThread "Attach Listener"            daemon [_thread_blocked, id=24808, stack(0x0000000d7c900000,0x0000000d7ca00000) (1024K)]
  0x000001b437a202b0 JavaThread "Service Thread"             daemon [_thread_blocked, id=25072, stack(0x0000000d7ca00000,0x0000000d7cb00000) (1024K)]
  0x000001b437a20a50 JavaThread "Monitor Deflation Thread"   daemon [_thread_blocked, id=22076, stack(0x0000000d7cb00000,0x0000000d7cc00000) (1024K)]
  0x000001b437a39ae0 JavaThread "C2 CompilerThread0"         daemon [_thread_blocked, id=28428, stack(0x0000000d7cc00000,0x0000000d7cd00000) (1024K)]
  0x000001b437a3af60 JavaThread "C1 CompilerThread0"         daemon [_thread_blocked, id=28572, stack(0x0000000d7cd00000,0x0000000d7ce00000) (1024K)]
  0x000001b437bcb430 JavaThread "Common-Cleaner"             daemon [_thread_blocked, id=23248, stack(0x0000000d7d000000,0x0000000d7d100000) (1024K)]
  0x000001b47dcc6990 JavaThread "Monitor Ctrl-Break"         daemon [_thread_in_native, id=18420, stack(0x0000000d7d600000,0x0000000d7d700000) (1024K)]
  0x000001b47dcc7000 JavaThread "Notification Thread"        daemon [_thread_blocked, id=10464, stack(0x0000000d7d700000,0x0000000d7d800000) (1024K)]
Total: 12

Other Threads:
  0x000001b436d36c20 VMThread "VM Thread"                           [id=8188, stack(0x0000000d7c500000,0x0000000d7c600000) (1024K)]
  0x000001b436d1cc10 WatcherThread "VM Periodic Task Thread"        [id=19904, stack(0x0000000d7c400000,0x0000000d7c500000) (1024K)]
  0x000001b415fa1740 WorkerThread "GC Thread#0"                     [id=26036, stack(0x0000000d7bf00000,0x0000000d7c000000) (1024K)]
  0x000001b400187a20 WorkerThread "GC Thread#1"                     [id=14368, stack(0x0000000d7e800000,0x0000000d7e900000) (1024K)]
  0x000001b400180fa0 WorkerThread "GC Thread#2"                     [id=28496, stack(0x0000000d7e900000,0x0000000d7ea00000) (1024K)]
  0x000001b40017c3a0 WorkerThread "GC Thread#3"                     [id=19140, stack(0x0000000d7ea00000,0x0000000d7eb00000) (1024K)]
  0x000001b40017c740 WorkerThread "GC Thread#4"                     [id=13232, stack(0x0000000d7eb00000,0x0000000d7ec00000) (1024K)]
  0x000001b400198610 WorkerThread "GC Thread#5"                     [id=25672, stack(0x0000000d7ec00000,0x0000000d7ed00000) (1024K)]
  0x000001b4001989b0 WorkerThread "GC Thread#6"                     [id=24552, stack(0x0000000d7ed00000,0x0000000d7ee00000) (1024K)]
  0x000001b40019cd60 WorkerThread "GC Thread#7"                     [id=28528, stack(0x0000000d7ee00000,0x0000000d7ef00000) (1024K)]
  0x000001b40019d100 WorkerThread "GC Thread#8"                     [id=1876, stack(0x0000000d7ef00000,0x0000000d7f000000) (1024K)]
  0x000001b40019d8b0 WorkerThread "GC Thread#9"                     [id=14244, stack(0x0000000d7f000000,0x0000000d7f100000) (1024K)]
  0x000001b4001b8a40 WorkerThread "GC Thread#10"                    [id=22376, stack(0x0000000d7f100000,0x0000000d7f200000) (1024K)]
  0x000001b4001b86a0 WorkerThread "GC Thread#11"                    [id=26816, stack(0x0000000d7f200000,0x0000000d7f300000) (1024K)]
  0x000001b4001b98c0 WorkerThread "GC Thread#12"                    [id=26852, stack(0x0000000d7f300000,0x0000000d7f400000) (1024K)]
  0x000001b415ff1d30 ConcurrentGCThread "G1 Main Marker"            [id=5480, stack(0x0000000d7c000000,0x0000000d7c100000) (1024K)]
  0x000001b415ff3d90 WorkerThread "G1 Conc#0"                       [id=2080, stack(0x0000000d7c100000,0x0000000d7c200000) (1024K)]
  0x000001b436beeb40 ConcurrentGCThread "G1 Refine#0"               [id=2804, stack(0x0000000d7c200000,0x0000000d7c300000) (1024K)]
  0x000001b436bef460 ConcurrentGCThread "G1 Service"                [id=28164, stack(0x0000000d7c300000,0x0000000d7c400000) (1024K)]
Total: 19

Threads with active compile tasks:
Total: 0

VM state: not at safepoint (normal execution)

VM Mutex/Monitor currently owned by a thread: None

Heap address: 0x0000000702c00000, size: 4052 MB, Compressed Oops mode: Zero based, Oop shift amount: 3

CDS archive(s) mapped at: [0x000001b438000000-0x000001b438c90000-0x000001b438c90000), size 13172736, SharedBaseAddress: 0x000001b438000000, ArchiveRelocationMode: 1.
Compressed class space mapped at: 0x000001b439000000-0x000001b479000000, reserved size: 1073741824
Narrow klass base: 0x000001b438000000, Narrow klass shift: 0, Narrow klass range: 0x100000000

GC Precious Log:
 CardTable entry size: 512
 Card Set container configuration: InlinePtr #cards 4 size 8 Array Of Cards #cards 16 size 48 Howl #buckets 8 coarsen threshold 3686 Howl Bitmap #cards 512 size 80 coarsen threshold 460 Card regions per heap region 1 cards per card region 4096
 CPUs: 16 total, 16 available
 Memory: 16202M
 Large Page Support: Disabled
 NUMA Support: Disabled
 Compressed Oops: Enabled (Zero based)
 Heap Region Size: 2M
 Heap Min Capacity: 8M
 Heap Initial Capacity: 254M
 Heap Max Capacity: 4052M
 Pre-touch: Disabled
 Parallel Workers: 13
 Concurrent Workers: 3
 Concurrent Refinement Workers: 13
 Periodic GC: Disabled

Heap:
 garbage-first heap   total 1636352K, used 764888K [0x0000000702c00000, 0x0000000800000000)
  region size 2048K, 320 young (655360K), 2 survivors (4096K)
 Metaspace       used 3841K, committed 4160K, reserved 1114112K
  class space    used 367K, committed 512K, reserved 1048576K

Heap Regions: E=young(eden), S=young(survivor), O=old, HS=humongous(starts), HC=humongous(continues), CS=collection set, F=free, TAMS=top-at-mark-start, PB=parsable bottom
|   0|0x0000000702c00000, 0x0000000702e00000, 0x0000000702e00000|100%| O|  |TAMS 0x0000000702c00000| PB 0x0000000702c00000| Untracked 
|   1|0x0000000702e00000, 0x0000000703000000, 0x0000000703000000|100%| O|  |TAMS 0x0000000702e00000| PB 0x0000000702e00000| Untracked 
|   2|0x0000000703000000, 0x0000000703200000, 0x0000000703200000|100%| O|  |TAMS 0x0000000703000000| PB 0x0000000703000000| Untracked 
|   3|0x0000000703200000, 0x0000000703400000, 0x0000000703400000|100%| O|  |TAMS 0x0000000703200000| PB 0x0000000703200000| Untracked 
|   4|0x0000000703400000, 0x0000000703600000, 0x0000000703600000|100%| O|  |TAMS 0x0000000703400000| PB 0x0000000703400000| Untracked 
|   5|0x0000000703600000, 0x0000000703800000, 0x0000000703800000|100%| O|  |TAMS 0x0000000703600000| PB 0x0000000703600000| Untracked 
|   6|0x0000000703800000, 0x0000000703a00000, 0x0000000703a00000|100%| O|  |TAMS 0x0000000703800000| PB 0x0000000703800000| Untracked 
|   7|0x0000000703a00000, 0x0000000703c00000, 0x0000000703c00000|100%| O|  |TAMS 0x0000000703a00000| PB 0x0000000703a00000| Untracked 
|   8|0x0000000703c00000, 0x0000000703e00000, 0x0000000703e00000|100%| O|  |TAMS 0x0000000703c00000| PB 0x0000000703c00000| Untracked 
|   9|0x0000000703e00000, 0x0000000704000000, 0x0000000704000000|100%| O|  |TAMS 0x0000000703e00000| PB 0x0000000703e00000| Untracked 
|  10|0x0000000704000000, 0x0000000704200000, 0x0000000704200000|100%| O|  |TAMS 0x0000000704000000| PB 0x0000000704000000| Untracked 
|  11|0x0000000704200000, 0x0000000704400000, 0x0000000704400000|100%| O|  |TAMS 0x0000000704200000| PB 0x0000000704200000| Untracked 
|  12|0x0000000704400000, 0x0000000704600000, 0x0000000704600000|100%| O|  |TAMS 0x0000000704400000| PB 0x0000000704400000| Untracked 
|  13|0x0000000704600000, 0x0000000704800000, 0x0000000704800000|100%| O|  |TAMS 0x0000000704600000| PB 0x0000000704600000| Untracked 
|  14|0x0000000704800000, 0x0000000704a00000, 0x0000000704a00000|100%| O|  |TAMS 0x0000000704800000| PB 0x0000000704800000| Untracked 
|  15|0x0000000704a00000, 0x0000000704bffff8, 0x0000000704c00000| 99%| O|  |TAMS 0x0000000704a00000| PB 0x0000000704a00000| Untracked 
|  16|0x0000000704c00000, 0x0000000704e00000, 0x0000000704e00000|100%| O|  |TAMS 0x0000000704c00000| PB 0x0000000704c00000| Untracked 
|  17|0x0000000704e00000, 0x0000000705000000, 0x0000000705000000|100%| O|  |TAMS 0x0000000704e00000| PB 0x0000000704e00000| Untracked 
|  18|0x0000000705000000, 0x0000000705200000, 0x0000000705200000|100%| O|  |TAMS 0x0000000705000000| PB 0x0000000705000000| Untracked 
|  19|0x0000000705200000, 0x0000000705400000, 0x0000000705400000|100%| O|  |TAMS 0x0000000705200000| PB 0x0000000705200000| Untracked 
|  20|0x0000000705400000, 0x0000000705600000, 0x0000000705600000|100%| O|  |TAMS 0x0000000705400000| PB 0x0000000705400000| Untracked 
|  21|0x0000000705600000, 0x0000000705800000, 0x0000000705800000|100%| O|  |TAMS 0x0000000705600000| PB 0x0000000705600000| Untracked 
|  22|0x0000000705800000, 0x0000000705a00000, 0x0000000705a00000|100%| O|  |TAMS 0x0000000705800000| PB 0x0000000705800000| Untracked 
|  23|0x0000000705a00000, 0x0000000705c00000, 0x0000000705c00000|100%| O|  |TAMS 0x0000000705a00000| PB 0x0000000705a00000| Untracked 
|  24|0x0000000705c00000, 0x0000000705e00000, 0x0000000705e00000|100%| O|  |TAMS 0x0000000705c00000| PB 0x0000000705c00000| Untracked 
|  25|0x0000000705e00000, 0x0000000706000000, 0x0000000706000000|100%| O|  |TAMS 0x0000000705e00000| PB 0x0000000705e00000| Untracked 
|  26|0x0000000706000000, 0x0000000706200000, 0x0000000706200000|100%| O|  |TAMS 0x0000000706000000| PB 0x0000000706000000| Untracked 
|  27|0x0000000706200000, 0x0000000706400000, 0x0000000706400000|100%| O|  |TAMS 0x0000000706200000| PB 0x0000000706200000| Untracked 
|  28|0x0000000706400000, 0x0000000706600000, 0x0000000706600000|100%| O|  |TAMS 0x0000000706400000| PB 0x0000000706400000| Untracked 
|  29|0x0000000706600000, 0x0000000706800000, 0x0000000706800000|100%| O|  |TAMS 0x0000000706600000| PB 0x0000000706600000| Untracked 
|  30|0x0000000706800000, 0x0000000706a00000, 0x0000000706a00000|100%| O|  |TAMS 0x0000000706800000| PB 0x0000000706800000| Untracked 
|  31|0x0000000706a00000, 0x0000000706c00000, 0x0000000706c00000|100%| O|  |TAMS 0x0000000706a00000| PB 0x0000000706a00000| Untracked 
|  32|0x0000000706c00000, 0x0000000706e00000, 0x0000000706e00000|100%| O|  |TAMS 0x0000000706c00000| PB 0x0000000706c00000| Untracked 
|  33|0x0000000706e00000, 0x0000000707000000, 0x0000000707000000|100%| O|  |TAMS 0x0000000706e00000| PB 0x0000000706e00000| Untracked 
|  34|0x0000000707000000, 0x0000000707200000, 0x0000000707200000|100%| O|  |TAMS 0x0000000707000000| PB 0x0000000707000000| Untracked 
|  35|0x0000000707200000, 0x0000000707400000, 0x0000000707400000|100%| O|  |TAMS 0x0000000707200000| PB 0x0000000707200000| Untracked 
|  36|0x0000000707400000, 0x0000000707600000, 0x0000000707600000|100%| O|  |TAMS 0x0000000707400000| PB 0x0000000707400000| Untracked 
|  37|0x0000000707600000, 0x0000000707800000, 0x0000000707800000|100%| O|  |TAMS 0x0000000707600000| PB 0x0000000707600000| Untracked 
|  38|0x0000000707800000, 0x0000000707a00000, 0x0000000707a00000|100%| O|  |TAMS 0x0000000707800000| PB 0x0000000707800000| Untracked 
|  39|0x0000000707a00000, 0x0000000707c00000, 0x0000000707c00000|100%| O|  |TAMS 0x0000000707a00000| PB 0x0000000707a00000| Untracked 
|  40|0x0000000707c00000, 0x0000000707e00000, 0x0000000707e00000|100%| O|  |TAMS 0x0000000707c00000| PB 0x0000000707c00000| Untracked 
|  41|0x0000000707e00000, 0x0000000708000000, 0x0000000708000000|100%| O|  |TAMS 0x0000000707e00000| PB 0x0000000707e00000| Untracked 
|  42|0x0000000708000000, 0x0000000708200000, 0x0000000708200000|100%| O|  |TAMS 0x0000000708000000| PB 0x0000000708000000| Untracked 
|  43|0x0000000708200000, 0x0000000708400000, 0x0000000708400000|100%| O|  |TAMS 0x0000000708200000| PB 0x0000000708200000| Untracked 
|  44|0x0000000708400000, 0x0000000708600000, 0x0000000708600000|100%| O|  |TAMS 0x0000000708400000| PB 0x0000000708400000| Untracked 
|  45|0x0000000708600000, 0x0000000708800000, 0x0000000708800000|100%| O|  |TAMS 0x0000000708600000| PB 0x0000000708600000| Untracked 
|  46|0x0000000708800000, 0x0000000708a00000, 0x0000000708a00000|100%| O|  |TAMS 0x0000000708800000| PB 0x0000000708800000| Untracked 
|  47|0x0000000708a00000, 0x0000000708c00000, 0x0000000708c00000|100%| O|  |TAMS 0x0000000708a00000| PB 0x0000000708a00000| Untracked 
|  48|0x0000000708c00000, 0x0000000708e00000, 0x0000000708e00000|100%| O|  |TAMS 0x0000000708c00000| PB 0x0000000708c00000| Untracked 
|  49|0x0000000708e00000, 0x0000000709000000, 0x0000000709000000|100%| O|  |TAMS 0x0000000708e00000| PB 0x0000000708e00000| Untracked 
|  50|0x0000000709000000, 0x0000000709200000, 0x0000000709200000|100%| O|  |TAMS 0x0000000709000000| PB 0x0000000709000000| Untracked 
|  51|0x0000000709200000, 0x0000000709400000, 0x0000000709400000|100%| O|  |TAMS 0x0000000709200000| PB 0x0000000709200000| Untracked 
|  52|0x0000000709400000, 0x0000000709600000, 0x0000000709600000|100%| O|  |TAMS 0x0000000709400000| PB 0x0000000709400000| Untracked 
|  53|0x0000000709600000, 0x00000007097f12e0, 0x0000000709800000| 97%| O|  |TAMS 0x0000000709600000| PB 0x0000000709600000| Untracked 
|  54|0x0000000709800000, 0x0000000709a00000, 0x0000000709a00000|100%|HS|  |TAMS 0x0000000709800000| PB 0x0000000709800000| Complete 
|  55|0x0000000709a00000, 0x0000000709a00000, 0x0000000709c00000|  0%| F|  |TAMS 0x0000000709a00000| PB 0x0000000709a00000| Untracked 
|  56|0x0000000709c00000, 0x0000000709c00000, 0x0000000709e00000|  0%| F|  |TAMS 0x0000000709c00000| PB 0x0000000709c00000| Untracked 
|  57|0x0000000709e00000, 0x0000000709e00000, 0x000000070a000000|  0%| F|  |TAMS 0x0000000709e00000| PB 0x0000000709e00000| Untracked 
|  58|0x000000070a000000, 0x000000070a000000, 0x000000070a200000|  0%| F|  |TAMS 0x000000070a000000| PB 0x000000070a000000| Untracked 
|  59|0x000000070a200000, 0x000000070a200000, 0x000000070a400000|  0%| F|  |TAMS 0x000000070a200000| PB 0x000000070a200000| Untracked 
|  60|0x000000070a400000, 0x000000070a400000, 0x000000070a600000|  0%| F|  |TAMS 0x000000070a400000| PB 0x000000070a400000| Untracked 
|  61|0x000000070a600000, 0x000000070a600000, 0x000000070a800000|  0%| F|  |TAMS 0x000000070a600000| PB 0x000000070a600000| Untracked 
|  62|0x000000070a800000, 0x000000070a800000, 0x000000070aa00000|  0%| F|  |TAMS 0x000000070a800000| PB 0x000000070a800000| Untracked 
|  63|0x000000070aa00000, 0x000000070aa00000, 0x000000070ac00000|  0%| F|  |TAMS 0x000000070aa00000| PB 0x000000070aa00000| Untracked 
|  64|0x000000070ac00000, 0x000000070ac00000, 0x000000070ae00000|  0%| F|  |TAMS 0x000000070ac00000| PB 0x000000070ac00000| Untracked 
|  65|0x000000070ae00000, 0x000000070ae00000, 0x000000070b000000|  0%| F|  |TAMS 0x000000070ae00000| PB 0x000000070ae00000| Untracked 
|  66|0x000000070b000000, 0x000000070b000000, 0x000000070b200000|  0%| F|  |TAMS 0x000000070b000000| PB 0x000000070b000000| Untracked 
|  67|0x000000070b200000, 0x000000070b200000, 0x000000070b400000|  0%| F|  |TAMS 0x000000070b200000| PB 0x000000070b200000| Untracked 
|  68|0x000000070b400000, 0x000000070b400000, 0x000000070b600000|  0%| F|  |TAMS 0x000000070b400000| PB 0x000000070b400000| Untracked 
|  69|0x000000070b600000, 0x000000070b600000, 0x000000070b800000|  0%| F|  |TAMS 0x000000070b600000| PB 0x000000070b600000| Untracked 
|  70|0x000000070b800000, 0x000000070b800000, 0x000000070ba00000|  0%| F|  |TAMS 0x000000070b800000| PB 0x000000070b800000| Untracked 
|  71|0x000000070ba00000, 0x000000070ba00000, 0x000000070bc00000|  0%| F|  |TAMS 0x000000070ba00000| PB 0x000000070ba00000| Untracked 
|  72|0x000000070bc00000, 0x000000070bc00000, 0x000000070be00000|  0%| F|  |TAMS 0x000000070bc00000| PB 0x000000070bc00000| Untracked 
|  73|0x000000070be00000, 0x000000070be00000, 0x000000070c000000|  0%| F|  |TAMS 0x000000070be00000| PB 0x000000070be00000| Untracked 
|  74|0x000000070c000000, 0x000000070c000000, 0x000000070c200000|  0%| F|  |TAMS 0x000000070c000000| PB 0x000000070c000000| Untracked 
|  75|0x000000070c200000, 0x000000070c200000, 0x000000070c400000|  0%| F|  |TAMS 0x000000070c200000| PB 0x000000070c200000| Untracked 
|  76|0x000000070c400000, 0x000000070c400000, 0x000000070c600000|  0%| F|  |TAMS 0x000000070c400000| PB 0x000000070c400000| Untracked 
|  77|0x000000070c600000, 0x000000070c600000, 0x000000070c800000|  0%| F|  |TAMS 0x000000070c600000| PB 0x000000070c600000| Untracked 
|  78|0x000000070c800000, 0x000000070c800000, 0x000000070ca00000|  0%| F|  |TAMS 0x000000070c800000| PB 0x000000070c800000| Untracked 
|  79|0x000000070ca00000, 0x000000070ca00000, 0x000000070cc00000|  0%| F|  |TAMS 0x000000070ca00000| PB 0x000000070ca00000| Untracked 
|  80|0x000000070cc00000, 0x000000070cc00000, 0x000000070ce00000|  0%| F|  |TAMS 0x000000070cc00000| PB 0x000000070cc00000| Untracked 
|  81|0x000000070ce00000, 0x000000070ce00000, 0x000000070d000000|  0%| F|  |TAMS 0x000000070ce00000| PB 0x000000070ce00000| Untracked 
|  82|0x000000070d000000, 0x000000070d000000, 0x000000070d200000|  0%| F|  |TAMS 0x000000070d000000| PB 0x000000070d000000| Untracked 
|  83|0x000000070d200000, 0x000000070d200000, 0x000000070d400000|  0%| F|  |TAMS 0x000000070d200000| PB 0x000000070d200000| Untracked 
|  84|0x000000070d400000, 0x000000070d400000, 0x000000070d600000|  0%| F|  |TAMS 0x000000070d400000| PB 0x000000070d400000| Untracked 
|  85|0x000000070d600000, 0x000000070d600000, 0x000000070d800000|  0%| F|  |TAMS 0x000000070d600000| PB 0x000000070d600000| Untracked 
|  86|0x000000070d800000, 0x000000070d800000, 0x000000070da00000|  0%| F|  |TAMS 0x000000070d800000| PB 0x000000070d800000| Untracked 
|  87|0x000000070da00000, 0x000000070da00000, 0x000000070dc00000|  0%| F|  |TAMS 0x000000070da00000| PB 0x000000070da00000| Untracked 
|  88|0x000000070dc00000, 0x000000070dc00000, 0x000000070de00000|  0%| F|  |TAMS 0x000000070dc00000| PB 0x000000070dc00000| Untracked 
|  89|0x000000070de00000, 0x000000070de00000, 0x000000070e000000|  0%| F|  |TAMS 0x000000070de00000| PB 0x000000070de00000| Untracked 
|  90|0x000000070e000000, 0x000000070e000000, 0x000000070e200000|  0%| F|  |TAMS 0x000000070e000000| PB 0x000000070e000000| Untracked 
|  91|0x000000070e200000, 0x000000070e200000, 0x000000070e400000|  0%| F|  |TAMS 0x000000070e200000| PB 0x000000070e200000| Untracked 
|  92|0x000000070e400000, 0x000000070e400000, 0x000000070e600000|  0%| F|  |TAMS 0x000000070e400000| PB 0x000000070e400000| Untracked 
|  93|0x000000070e600000, 0x000000070e600000, 0x000000070e800000|  0%| F|  |TAMS 0x000000070e600000| PB 0x000000070e600000| Untracked 
|  94|0x000000070e800000, 0x000000070e800000, 0x000000070ea00000|  0%| F|  |TAMS 0x000000070e800000| PB 0x000000070e800000| Untracked 
|  95|0x000000070ea00000, 0x000000070ea00000, 0x000000070ec00000|  0%| F|  |TAMS 0x000000070ea00000| PB 0x000000070ea00000| Untracked 
|  96|0x000000070ec00000, 0x000000070ec00000, 0x000000070ee00000|  0%| F|  |TAMS 0x000000070ec00000| PB 0x000000070ec00000| Untracked 
|  97|0x000000070ee00000, 0x000000070ee00000, 0x000000070f000000|  0%| F|  |TAMS 0x000000070ee00000| PB 0x000000070ee00000| Untracked 
|  98|0x000000070f000000, 0x000000070f000000, 0x000000070f200000|  0%| F|  |TAMS 0x000000070f000000| PB 0x000000070f000000| Untracked 
|  99|0x000000070f200000, 0x000000070f200000, 0x000000070f400000|  0%| F|  |TAMS 0x000000070f200000| PB 0x000000070f200000| Untracked 
| 100|0x000000070f400000, 0x000000070f400000, 0x000000070f600000|  0%| F|  |TAMS 0x000000070f400000| PB 0x000000070f400000| Untracked 
| 101|0x000000070f600000, 0x000000070f600000, 0x000000070f800000|  0%| F|  |TAMS 0x000000070f600000| PB 0x000000070f600000| Untracked 
| 102|0x000000070f800000, 0x000000070f800000, 0x000000070fa00000|  0%| F|  |TAMS 0x000000070f800000| PB 0x000000070f800000| Untracked 
| 103|0x000000070fa00000, 0x000000070fa00000, 0x000000070fc00000|  0%| F|  |TAMS 0x000000070fa00000| PB 0x000000070fa00000| Untracked 
| 104|0x000000070fc00000, 0x000000070fc00000, 0x000000070fe00000|  0%| F|  |TAMS 0x000000070fc00000| PB 0x000000070fc00000| Untracked 
| 105|0x000000070fe00000, 0x000000070fe00000, 0x0000000710000000|  0%| F|  |TAMS 0x000000070fe00000| PB 0x000000070fe00000| Untracked 
| 106|0x0000000710000000, 0x0000000710000000, 0x0000000710200000|  0%| F|  |TAMS 0x0000000710000000| PB 0x0000000710000000| Untracked 
| 107|0x0000000710200000, 0x0000000710200000, 0x0000000710400000|  0%| F|  |TAMS 0x0000000710200000| PB 0x0000000710200000| Untracked 
| 108|0x0000000710400000, 0x0000000710400000, 0x0000000710600000|  0%| F|  |TAMS 0x0000000710400000| PB 0x0000000710400000| Untracked 
| 109|0x0000000710600000, 0x0000000710600000, 0x0000000710800000|  0%| F|  |TAMS 0x0000000710600000| PB 0x0000000710600000| Untracked 
| 110|0x0000000710800000, 0x0000000710800000, 0x0000000710a00000|  0%| F|  |TAMS 0x0000000710800000| PB 0x0000000710800000| Untracked 
| 111|0x0000000710a00000, 0x0000000710a00000, 0x0000000710c00000|  0%| F|  |TAMS 0x0000000710a00000| PB 0x0000000710a00000| Untracked 
| 112|0x0000000710c00000, 0x0000000710c00000, 0x0000000710e00000|  0%| F|  |TAMS 0x0000000710c00000| PB 0x0000000710c00000| Untracked 
| 113|0x0000000710e00000, 0x0000000710e00000, 0x0000000711000000|  0%| F|  |TAMS 0x0000000710e00000| PB 0x0000000710e00000| Untracked 
| 114|0x0000000711000000, 0x0000000711000000, 0x0000000711200000|  0%| F|  |TAMS 0x0000000711000000| PB 0x0000000711000000| Untracked 
| 115|0x0000000711200000, 0x0000000711200000, 0x0000000711400000|  0%| F|  |TAMS 0x0000000711200000| PB 0x0000000711200000| Untracked 
| 116|0x0000000711400000, 0x0000000711400000, 0x0000000711600000|  0%| F|  |TAMS 0x0000000711400000| PB 0x0000000711400000| Untracked 
| 117|0x0000000711600000, 0x0000000711600000, 0x0000000711800000|  0%| F|  |TAMS 0x0000000711600000| PB 0x0000000711600000| Untracked 
| 118|0x0000000711800000, 0x0000000711800000, 0x0000000711a00000|  0%| F|  |TAMS 0x0000000711800000| PB 0x0000000711800000| Untracked 
| 119|0x0000000711a00000, 0x0000000711a00000, 0x0000000711c00000|  0%| F|  |TAMS 0x0000000711a00000| PB 0x0000000711a00000| Untracked 
| 120|0x0000000711c00000, 0x0000000711c00000, 0x0000000711e00000|  0%| F|  |TAMS 0x0000000711c00000| PB 0x0000000711c00000| Untracked 
| 121|0x0000000711e00000, 0x0000000711e00000, 0x0000000712000000|  0%| F|  |TAMS 0x0000000711e00000| PB 0x0000000711e00000| Untracked 
| 122|0x0000000712000000, 0x0000000712000000, 0x0000000712200000|  0%| F|  |TAMS 0x0000000712000000| PB 0x0000000712000000| Untracked 
| 123|0x0000000712200000, 0x0000000712200000, 0x0000000712400000|  0%| F|  |TAMS 0x0000000712200000| PB 0x0000000712200000| Untracked 
| 124|0x0000000712400000, 0x0000000712400000, 0x0000000712600000|  0%| F|  |TAMS 0x0000000712400000| PB 0x0000000712400000| Untracked 
| 125|0x0000000712600000, 0x0000000712600000, 0x0000000712800000|  0%| F|  |TAMS 0x0000000712600000| PB 0x0000000712600000| Untracked 
| 126|0x0000000712800000, 0x0000000712800000, 0x0000000712a00000|  0%| F|  |TAMS 0x0000000712800000| PB 0x0000000712800000| Untracked 
| 127|0x0000000712a00000, 0x0000000712a00000, 0x0000000712c00000|  0%| F|  |TAMS 0x0000000712a00000| PB 0x0000000712a00000| Untracked 
| 128|0x0000000712c00000, 0x0000000712c00000, 0x0000000712e00000|  0%| F|  |TAMS 0x0000000712c00000| PB 0x0000000712c00000| Untracked 
| 129|0x0000000712e00000, 0x0000000712e00000, 0x0000000713000000|  0%| F|  |TAMS 0x0000000712e00000| PB 0x0000000712e00000| Untracked 
| 130|0x0000000713000000, 0x0000000713000000, 0x0000000713200000|  0%| F|  |TAMS 0x0000000713000000| PB 0x0000000713000000| Untracked 
| 131|0x0000000713200000, 0x0000000713200000, 0x0000000713400000|  0%| F|  |TAMS 0x0000000713200000| PB 0x0000000713200000| Untracked 
| 132|0x0000000713400000, 0x0000000713400000, 0x0000000713600000|  0%| F|  |TAMS 0x0000000713400000| PB 0x0000000713400000| Untracked 
| 133|0x0000000713600000, 0x0000000713600000, 0x0000000713800000|  0%| F|  |TAMS 0x0000000713600000| PB 0x0000000713600000| Untracked 
| 134|0x0000000713800000, 0x0000000713800000, 0x0000000713a00000|  0%| F|  |TAMS 0x0000000713800000| PB 0x0000000713800000| Untracked 
| 135|0x0000000713a00000, 0x0000000713a00000, 0x0000000713c00000|  0%| F|  |TAMS 0x0000000713a00000| PB 0x0000000713a00000| Untracked 
| 136|0x0000000713c00000, 0x0000000713c00000, 0x0000000713e00000|  0%| F|  |TAMS 0x0000000713c00000| PB 0x0000000713c00000| Untracked 
| 137|0x0000000713e00000, 0x0000000713e00000, 0x0000000714000000|  0%| F|  |TAMS 0x0000000713e00000| PB 0x0000000713e00000| Untracked 
| 138|0x0000000714000000, 0x0000000714000000, 0x0000000714200000|  0%| F|  |TAMS 0x0000000714000000| PB 0x0000000714000000| Untracked 
| 139|0x0000000714200000, 0x0000000714200000, 0x0000000714400000|  0%| F|  |TAMS 0x0000000714200000| PB 0x0000000714200000| Untracked 
| 140|0x0000000714400000, 0x0000000714400000, 0x0000000714600000|  0%| F|  |TAMS 0x0000000714400000| PB 0x0000000714400000| Untracked 
| 141|0x0000000714600000, 0x0000000714600000, 0x0000000714800000|  0%| F|  |TAMS 0x0000000714600000| PB 0x0000000714600000| Untracked 
| 142|0x0000000714800000, 0x0000000714800000, 0x0000000714a00000|  0%| F|  |TAMS 0x0000000714800000| PB 0x0000000714800000| Untracked 
| 143|0x0000000714a00000, 0x0000000714a00000, 0x0000000714c00000|  0%| F|  |TAMS 0x0000000714a00000| PB 0x0000000714a00000| Untracked 
| 144|0x0000000714c00000, 0x0000000714c00000, 0x0000000714e00000|  0%| F|  |TAMS 0x0000000714c00000| PB 0x0000000714c00000| Untracked 
| 145|0x0000000714e00000, 0x0000000714e00000, 0x0000000715000000|  0%| F|  |TAMS 0x0000000714e00000| PB 0x0000000714e00000| Untracked 
| 146|0x0000000715000000, 0x0000000715000000, 0x0000000715200000|  0%| F|  |TAMS 0x0000000715000000| PB 0x0000000715000000| Untracked 
| 147|0x0000000715200000, 0x0000000715200000, 0x0000000715400000|  0%| F|  |TAMS 0x0000000715200000| PB 0x0000000715200000| Untracked 
| 148|0x0000000715400000, 0x0000000715400000, 0x0000000715600000|  0%| F|  |TAMS 0x0000000715400000| PB 0x0000000715400000| Untracked 
| 149|0x0000000715600000, 0x0000000715600000, 0x0000000715800000|  0%| F|  |TAMS 0x0000000715600000| PB 0x0000000715600000| Untracked 
| 150|0x0000000715800000, 0x0000000715800000, 0x0000000715a00000|  0%| F|  |TAMS 0x0000000715800000| PB 0x0000000715800000| Untracked 
| 151|0x0000000715a00000, 0x0000000715a00000, 0x0000000715c00000|  0%| F|  |TAMS 0x0000000715a00000| PB 0x0000000715a00000| Untracked 
| 152|0x0000000715c00000, 0x0000000715c00000, 0x0000000715e00000|  0%| F|  |TAMS 0x0000000715c00000| PB 0x0000000715c00000| Untracked 
| 153|0x0000000715e00000, 0x0000000715e00000, 0x0000000716000000|  0%| F|  |TAMS 0x0000000715e00000| PB 0x0000000715e00000| Untracked 
| 154|0x0000000716000000, 0x0000000716000000, 0x0000000716200000|  0%| F|  |TAMS 0x0000000716000000| PB 0x0000000716000000| Untracked 
| 155|0x0000000716200000, 0x0000000716200000, 0x0000000716400000|  0%| F|  |TAMS 0x0000000716200000| PB 0x0000000716200000| Untracked 
| 156|0x0000000716400000, 0x0000000716400000, 0x0000000716600000|  0%| F|  |TAMS 0x0000000716400000| PB 0x0000000716400000| Untracked 
| 157|0x0000000716600000, 0x0000000716600000, 0x0000000716800000|  0%| F|  |TAMS 0x0000000716600000| PB 0x0000000716600000| Untracked 
| 158|0x0000000716800000, 0x0000000716800000, 0x0000000716a00000|  0%| F|  |TAMS 0x0000000716800000| PB 0x0000000716800000| Untracked 
| 159|0x0000000716a00000, 0x0000000716a00000, 0x0000000716c00000|  0%| F|  |TAMS 0x0000000716a00000| PB 0x0000000716a00000| Untracked 
| 160|0x0000000716c00000, 0x0000000716c00000, 0x0000000716e00000|  0%| F|  |TAMS 0x0000000716c00000| PB 0x0000000716c00000| Untracked 
| 161|0x0000000716e00000, 0x0000000716e00000, 0x0000000717000000|  0%| F|  |TAMS 0x0000000716e00000| PB 0x0000000716e00000| Untracked 
| 162|0x0000000717000000, 0x0000000717000000, 0x0000000717200000|  0%| F|  |TAMS 0x0000000717000000| PB 0x0000000717000000| Untracked 
| 163|0x0000000717200000, 0x0000000717200000, 0x0000000717400000|  0%| F|  |TAMS 0x0000000717200000| PB 0x0000000717200000| Untracked 
| 164|0x0000000717400000, 0x0000000717400000, 0x0000000717600000|  0%| F|  |TAMS 0x0000000717400000| PB 0x0000000717400000| Untracked 
| 165|0x0000000717600000, 0x0000000717600000, 0x0000000717800000|  0%| F|  |TAMS 0x0000000717600000| PB 0x0000000717600000| Untracked 
| 166|0x0000000717800000, 0x0000000717800000, 0x0000000717a00000|  0%| F|  |TAMS 0x0000000717800000| PB 0x0000000717800000| Untracked 
| 167|0x0000000717a00000, 0x0000000717a00000, 0x0000000717c00000|  0%| F|  |TAMS 0x0000000717a00000| PB 0x0000000717a00000| Untracked 
| 168|0x0000000717c00000, 0x0000000717c00000, 0x0000000717e00000|  0%| F|  |TAMS 0x0000000717c00000| PB 0x0000000717c00000| Untracked 
| 169|0x0000000717e00000, 0x0000000717e00000, 0x0000000718000000|  0%| F|  |TAMS 0x0000000717e00000| PB 0x0000000717e00000| Untracked 
| 170|0x0000000718000000, 0x0000000718000000, 0x0000000718200000|  0%| F|  |TAMS 0x0000000718000000| PB 0x0000000718000000| Untracked 
| 171|0x0000000718200000, 0x0000000718200000, 0x0000000718400000|  0%| F|  |TAMS 0x0000000718200000| PB 0x0000000718200000| Untracked 
| 172|0x0000000718400000, 0x0000000718400000, 0x0000000718600000|  0%| F|  |TAMS 0x0000000718400000| PB 0x0000000718400000| Untracked 
| 173|0x0000000718600000, 0x0000000718600000, 0x0000000718800000|  0%| F|  |TAMS 0x0000000718600000| PB 0x0000000718600000| Untracked 
| 174|0x0000000718800000, 0x0000000718800000, 0x0000000718a00000|  0%| F|  |TAMS 0x0000000718800000| PB 0x0000000718800000| Untracked 
| 175|0x0000000718a00000, 0x0000000718a00000, 0x0000000718c00000|  0%| F|  |TAMS 0x0000000718a00000| PB 0x0000000718a00000| Untracked 
| 176|0x0000000718c00000, 0x0000000718c00000, 0x0000000718e00000|  0%| F|  |TAMS 0x0000000718c00000| PB 0x0000000718c00000| Untracked 
| 177|0x0000000718e00000, 0x0000000718e00000, 0x0000000719000000|  0%| F|  |TAMS 0x0000000718e00000| PB 0x0000000718e00000| Untracked 
| 178|0x0000000719000000, 0x0000000719000000, 0x0000000719200000|  0%| F|  |TAMS 0x0000000719000000| PB 0x0000000719000000| Untracked 
| 179|0x0000000719200000, 0x0000000719200000, 0x0000000719400000|  0%| F|  |TAMS 0x0000000719200000| PB 0x0000000719200000| Untracked 
| 180|0x0000000719400000, 0x0000000719400000, 0x0000000719600000|  0%| F|  |TAMS 0x0000000719400000| PB 0x0000000719400000| Untracked 
| 181|0x0000000719600000, 0x0000000719600000, 0x0000000719800000|  0%| F|  |TAMS 0x0000000719600000| PB 0x0000000719600000| Untracked 
| 182|0x0000000719800000, 0x0000000719800000, 0x0000000719a00000|  0%| F|  |TAMS 0x0000000719800000| PB 0x0000000719800000| Untracked 
| 183|0x0000000719a00000, 0x0000000719a00000, 0x0000000719c00000|  0%| F|  |TAMS 0x0000000719a00000| PB 0x0000000719a00000| Untracked 
| 184|0x0000000719c00000, 0x0000000719c00000, 0x0000000719e00000|  0%| F|  |TAMS 0x0000000719c00000| PB 0x0000000719c00000| Untracked 
| 185|0x0000000719e00000, 0x0000000719e00000, 0x000000071a000000|  0%| F|  |TAMS 0x0000000719e00000| PB 0x0000000719e00000| Untracked 
| 186|0x000000071a000000, 0x000000071a000000, 0x000000071a200000|  0%| F|  |TAMS 0x000000071a000000| PB 0x000000071a000000| Untracked 
| 187|0x000000071a200000, 0x000000071a200000, 0x000000071a400000|  0%| F|  |TAMS 0x000000071a200000| PB 0x000000071a200000| Untracked 
| 188|0x000000071a400000, 0x000000071a400000, 0x000000071a600000|  0%| F|  |TAMS 0x000000071a400000| PB 0x000000071a400000| Untracked 
| 189|0x000000071a600000, 0x000000071a600000, 0x000000071a800000|  0%| F|  |TAMS 0x000000071a600000| PB 0x000000071a600000| Untracked 
| 190|0x000000071a800000, 0x000000071a800000, 0x000000071aa00000|  0%| F|  |TAMS 0x000000071a800000| PB 0x000000071a800000| Untracked 
| 191|0x000000071aa00000, 0x000000071aa00000, 0x000000071ac00000|  0%| F|  |TAMS 0x000000071aa00000| PB 0x000000071aa00000| Untracked 
| 192|0x000000071ac00000, 0x000000071ac00000, 0x000000071ae00000|  0%| F|  |TAMS 0x000000071ac00000| PB 0x000000071ac00000| Untracked 
| 193|0x000000071ae00000, 0x000000071ae00000, 0x000000071b000000|  0%| F|  |TAMS 0x000000071ae00000| PB 0x000000071ae00000| Untracked 
| 194|0x000000071b000000, 0x000000071b000000, 0x000000071b200000|  0%| F|  |TAMS 0x000000071b000000| PB 0x000000071b000000| Untracked 
| 195|0x000000071b200000, 0x000000071b200000, 0x000000071b400000|  0%| F|  |TAMS 0x000000071b200000| PB 0x000000071b200000| Untracked 
| 196|0x000000071b400000, 0x000000071b400000, 0x000000071b600000|  0%| F|  |TAMS 0x000000071b400000| PB 0x000000071b400000| Untracked 
| 197|0x000000071b600000, 0x000000071b600000, 0x000000071b800000|  0%| F|  |TAMS 0x000000071b600000| PB 0x000000071b600000| Untracked 
| 198|0x000000071b800000, 0x000000071b800000, 0x000000071ba00000|  0%| F|  |TAMS 0x000000071b800000| PB 0x000000071b800000| Untracked 
| 199|0x000000071ba00000, 0x000000071ba00000, 0x000000071bc00000|  0%| F|  |TAMS 0x000000071ba00000| PB 0x000000071ba00000| Untracked 
| 200|0x000000071bc00000, 0x000000071bc00000, 0x000000071be00000|  0%| F|  |TAMS 0x000000071bc00000| PB 0x000000071bc00000| Untracked 
| 201|0x000000071be00000, 0x000000071be00000, 0x000000071c000000|  0%| F|  |TAMS 0x000000071be00000| PB 0x000000071be00000| Untracked 
| 202|0x000000071c000000, 0x000000071c000000, 0x000000071c200000|  0%| F|  |TAMS 0x000000071c000000| PB 0x000000071c000000| Untracked 
| 203|0x000000071c200000, 0x000000071c200000, 0x000000071c400000|  0%| F|  |TAMS 0x000000071c200000| PB 0x000000071c200000| Untracked 
| 204|0x000000071c400000, 0x000000071c400000, 0x000000071c600000|  0%| F|  |TAMS 0x000000071c400000| PB 0x000000071c400000| Untracked 
| 205|0x000000071c600000, 0x000000071c600000, 0x000000071c800000|  0%| F|  |TAMS 0x000000071c600000| PB 0x000000071c600000| Untracked 
| 206|0x000000071c800000, 0x000000071c800000, 0x000000071ca00000|  0%| F|  |TAMS 0x000000071c800000| PB 0x000000071c800000| Untracked 
| 207|0x000000071ca00000, 0x000000071ca00000, 0x000000071cc00000|  0%| F|  |TAMS 0x000000071ca00000| PB 0x000000071ca00000| Untracked 
| 208|0x000000071cc00000, 0x000000071cc00000, 0x000000071ce00000|  0%| F|  |TAMS 0x000000071cc00000| PB 0x000000071cc00000| Untracked 
| 209|0x000000071ce00000, 0x000000071ce00000, 0x000000071d000000|  0%| F|  |TAMS 0x000000071ce00000| PB 0x000000071ce00000| Untracked 
| 210|0x000000071d000000, 0x000000071d000000, 0x000000071d200000|  0%| F|  |TAMS 0x000000071d000000| PB 0x000000071d000000| Untracked 
| 211|0x000000071d200000, 0x000000071d200000, 0x000000071d400000|  0%| F|  |TAMS 0x000000071d200000| PB 0x000000071d200000| Untracked 
| 212|0x000000071d400000, 0x000000071d400000, 0x000000071d600000|  0%| F|  |TAMS 0x000000071d400000| PB 0x000000071d400000| Untracked 
| 213|0x000000071d600000, 0x000000071d600000, 0x000000071d800000|  0%| F|  |TAMS 0x000000071d600000| PB 0x000000071d600000| Untracked 
| 214|0x000000071d800000, 0x000000071d800000, 0x000000071da00000|  0%| F|  |TAMS 0x000000071d800000| PB 0x000000071d800000| Untracked 
| 215|0x000000071da00000, 0x000000071da00000, 0x000000071dc00000|  0%| F|  |TAMS 0x000000071da00000| PB 0x000000071da00000| Untracked 
| 216|0x000000071dc00000, 0x000000071dc00000, 0x000000071de00000|  0%| F|  |TAMS 0x000000071dc00000| PB 0x000000071dc00000| Untracked 
| 217|0x000000071de00000, 0x000000071de00000, 0x000000071e000000|  0%| F|  |TAMS 0x000000071de00000| PB 0x000000071de00000| Untracked 
| 218|0x000000071e000000, 0x000000071e000000, 0x000000071e200000|  0%| F|  |TAMS 0x000000071e000000| PB 0x000000071e000000| Untracked 
| 219|0x000000071e200000, 0x000000071e200000, 0x000000071e400000|  0%| F|  |TAMS 0x000000071e200000| PB 0x000000071e200000| Untracked 
| 220|0x000000071e400000, 0x000000071e400000, 0x000000071e600000|  0%| F|  |TAMS 0x000000071e400000| PB 0x000000071e400000| Untracked 
| 221|0x000000071e600000, 0x000000071e600000, 0x000000071e800000|  0%| F|  |TAMS 0x000000071e600000| PB 0x000000071e600000| Untracked 
| 222|0x000000071e800000, 0x000000071e800000, 0x000000071ea00000|  0%| F|  |TAMS 0x000000071e800000| PB 0x000000071e800000| Untracked 
| 223|0x000000071ea00000, 0x000000071ea00000, 0x000000071ec00000|  0%| F|  |TAMS 0x000000071ea00000| PB 0x000000071ea00000| Untracked 
| 224|0x000000071ec00000, 0x000000071ec00000, 0x000000071ee00000|  0%| F|  |TAMS 0x000000071ec00000| PB 0x000000071ec00000| Untracked 
| 225|0x000000071ee00000, 0x000000071ee00000, 0x000000071f000000|  0%| F|  |TAMS 0x000000071ee00000| PB 0x000000071ee00000| Untracked 
| 226|0x000000071f000000, 0x000000071f000000, 0x000000071f200000|  0%| F|  |TAMS 0x000000071f000000| PB 0x000000071f000000| Untracked 
| 227|0x000000071f200000, 0x000000071f200000, 0x000000071f400000|  0%| F|  |TAMS 0x000000071f200000| PB 0x000000071f200000| Untracked 
| 228|0x000000071f400000, 0x000000071f400000, 0x000000071f600000|  0%| F|  |TAMS 0x000000071f400000| PB 0x000000071f400000| Untracked 
| 229|0x000000071f600000, 0x000000071f600000, 0x000000071f800000|  0%| F|  |TAMS 0x000000071f600000| PB 0x000000071f600000| Untracked 
| 230|0x000000071f800000, 0x000000071f800000, 0x000000071fa00000|  0%| F|  |TAMS 0x000000071f800000| PB 0x000000071f800000| Untracked 
| 231|0x000000071fa00000, 0x000000071fa00000, 0x000000071fc00000|  0%| F|  |TAMS 0x000000071fa00000| PB 0x000000071fa00000| Untracked 
| 232|0x000000071fc00000, 0x000000071fc00000, 0x000000071fe00000|  0%| F|  |TAMS 0x000000071fc00000| PB 0x000000071fc00000| Untracked 
| 233|0x000000071fe00000, 0x000000071fe00000, 0x0000000720000000|  0%| F|  |TAMS 0x000000071fe00000| PB 0x000000071fe00000| Untracked 
| 234|0x0000000720000000, 0x0000000720000000, 0x0000000720200000|  0%| F|  |TAMS 0x0000000720000000| PB 0x0000000720000000| Untracked 
| 235|0x0000000720200000, 0x0000000720200000, 0x0000000720400000|  0%| F|  |TAMS 0x0000000720200000| PB 0x0000000720200000| Untracked 
| 236|0x0000000720400000, 0x0000000720400000, 0x0000000720600000|  0%| F|  |TAMS 0x0000000720400000| PB 0x0000000720400000| Untracked 
| 237|0x0000000720600000, 0x0000000720600000, 0x0000000720800000|  0%| F|  |TAMS 0x0000000720600000| PB 0x0000000720600000| Untracked 
| 238|0x0000000720800000, 0x0000000720800000, 0x0000000720a00000|  0%| F|  |TAMS 0x0000000720800000| PB 0x0000000720800000| Untracked 
| 239|0x0000000720a00000, 0x0000000720a00000, 0x0000000720c00000|  0%| F|  |TAMS 0x0000000720a00000| PB 0x0000000720a00000| Untracked 
| 240|0x0000000720c00000, 0x0000000720c00000, 0x0000000720e00000|  0%| F|  |TAMS 0x0000000720c00000| PB 0x0000000720c00000| Untracked 
| 241|0x0000000720e00000, 0x0000000720e00000, 0x0000000721000000|  0%| F|  |TAMS 0x0000000720e00000| PB 0x0000000720e00000| Untracked 
| 242|0x0000000721000000, 0x0000000721000000, 0x0000000721200000|  0%| F|  |TAMS 0x0000000721000000| PB 0x0000000721000000| Untracked 
| 243|0x0000000721200000, 0x0000000721200000, 0x0000000721400000|  0%| F|  |TAMS 0x0000000721200000| PB 0x0000000721200000| Untracked 
| 244|0x0000000721400000, 0x0000000721400000, 0x0000000721600000|  0%| F|  |TAMS 0x0000000721400000| PB 0x0000000721400000| Untracked 
| 245|0x0000000721600000, 0x0000000721600000, 0x0000000721800000|  0%| F|  |TAMS 0x0000000721600000| PB 0x0000000721600000| Untracked 
| 246|0x0000000721800000, 0x0000000721800000, 0x0000000721a00000|  0%| F|  |TAMS 0x0000000721800000| PB 0x0000000721800000| Untracked 
| 247|0x0000000721a00000, 0x0000000721a00000, 0x0000000721c00000|  0%| F|  |TAMS 0x0000000721a00000| PB 0x0000000721a00000| Untracked 
| 248|0x0000000721c00000, 0x0000000721c00000, 0x0000000721e00000|  0%| F|  |TAMS 0x0000000721c00000| PB 0x0000000721c00000| Untracked 
| 249|0x0000000721e00000, 0x0000000721e00000, 0x0000000722000000|  0%| F|  |TAMS 0x0000000721e00000| PB 0x0000000721e00000| Untracked 
| 250|0x0000000722000000, 0x0000000722000000, 0x0000000722200000|  0%| F|  |TAMS 0x0000000722000000| PB 0x0000000722000000| Untracked 
| 251|0x0000000722200000, 0x0000000722200000, 0x0000000722400000|  0%| F|  |TAMS 0x0000000722200000| PB 0x0000000722200000| Untracked 
| 252|0x0000000722400000, 0x0000000722400000, 0x0000000722600000|  0%| F|  |TAMS 0x0000000722400000| PB 0x0000000722400000| Untracked 
| 253|0x0000000722600000, 0x0000000722600000, 0x0000000722800000|  0%| F|  |TAMS 0x0000000722600000| PB 0x0000000722600000| Untracked 
| 254|0x0000000722800000, 0x0000000722800000, 0x0000000722a00000|  0%| F|  |TAMS 0x0000000722800000| PB 0x0000000722800000| Untracked 
| 255|0x0000000722a00000, 0x0000000722a00000, 0x0000000722c00000|  0%| F|  |TAMS 0x0000000722a00000| PB 0x0000000722a00000| Untracked 
| 256|0x0000000722c00000, 0x0000000722c00000, 0x0000000722e00000|  0%| F|  |TAMS 0x0000000722c00000| PB 0x0000000722c00000| Untracked 
| 257|0x0000000722e00000, 0x0000000722e00000, 0x0000000723000000|  0%| F|  |TAMS 0x0000000722e00000| PB 0x0000000722e00000| Untracked 
| 258|0x0000000723000000, 0x0000000723000000, 0x0000000723200000|  0%| F|  |TAMS 0x0000000723000000| PB 0x0000000723000000| Untracked 
| 259|0x0000000723200000, 0x0000000723200000, 0x0000000723400000|  0%| F|  |TAMS 0x0000000723200000| PB 0x0000000723200000| Untracked 
| 260|0x0000000723400000, 0x0000000723400000, 0x0000000723600000|  0%| F|  |TAMS 0x0000000723400000| PB 0x0000000723400000| Untracked 
| 261|0x0000000723600000, 0x0000000723600000, 0x0000000723800000|  0%| F|  |TAMS 0x0000000723600000| PB 0x0000000723600000| Untracked 
| 262|0x0000000723800000, 0x0000000723800000, 0x0000000723a00000|  0%| F|  |TAMS 0x0000000723800000| PB 0x0000000723800000| Untracked 
| 263|0x0000000723a00000, 0x0000000723a00000, 0x0000000723c00000|  0%| F|  |TAMS 0x0000000723a00000| PB 0x0000000723a00000| Untracked 
| 264|0x0000000723c00000, 0x0000000723c00000, 0x0000000723e00000|  0%| F|  |TAMS 0x0000000723c00000| PB 0x0000000723c00000| Untracked 
| 265|0x0000000723e00000, 0x0000000723e00000, 0x0000000724000000|  0%| F|  |TAMS 0x0000000723e00000| PB 0x0000000723e00000| Untracked 
| 266|0x0000000724000000, 0x0000000724000000, 0x0000000724200000|  0%| F|  |TAMS 0x0000000724000000| PB 0x0000000724000000| Untracked 
| 267|0x0000000724200000, 0x0000000724200000, 0x0000000724400000|  0%| F|  |TAMS 0x0000000724200000| PB 0x0000000724200000| Untracked 
| 268|0x0000000724400000, 0x0000000724400000, 0x0000000724600000|  0%| F|  |TAMS 0x0000000724400000| PB 0x0000000724400000| Untracked 
| 269|0x0000000724600000, 0x0000000724600000, 0x0000000724800000|  0%| F|  |TAMS 0x0000000724600000| PB 0x0000000724600000| Untracked 
| 270|0x0000000724800000, 0x0000000724800000, 0x0000000724a00000|  0%| F|  |TAMS 0x0000000724800000| PB 0x0000000724800000| Untracked 
| 271|0x0000000724a00000, 0x0000000724a00000, 0x0000000724c00000|  0%| F|  |TAMS 0x0000000724a00000| PB 0x0000000724a00000| Untracked 
| 272|0x0000000724c00000, 0x0000000724c00000, 0x0000000724e00000|  0%| F|  |TAMS 0x0000000724c00000| PB 0x0000000724c00000| Untracked 
| 273|0x0000000724e00000, 0x0000000724e00000, 0x0000000725000000|  0%| F|  |TAMS 0x0000000724e00000| PB 0x0000000724e00000| Untracked 
| 274|0x0000000725000000, 0x0000000725000000, 0x0000000725200000|  0%| F|  |TAMS 0x0000000725000000| PB 0x0000000725000000| Untracked 
| 275|0x0000000725200000, 0x0000000725200000, 0x0000000725400000|  0%| F|  |TAMS 0x0000000725200000| PB 0x0000000725200000| Untracked 
| 276|0x0000000725400000, 0x0000000725400000, 0x0000000725600000|  0%| F|  |TAMS 0x0000000725400000| PB 0x0000000725400000| Untracked 
| 277|0x0000000725600000, 0x0000000725600000, 0x0000000725800000|  0%| F|  |TAMS 0x0000000725600000| PB 0x0000000725600000| Untracked 
| 278|0x0000000725800000, 0x0000000725800000, 0x0000000725a00000|  0%| F|  |TAMS 0x0000000725800000| PB 0x0000000725800000| Untracked 
| 279|0x0000000725a00000, 0x0000000725a00000, 0x0000000725c00000|  0%| F|  |TAMS 0x0000000725a00000| PB 0x0000000725a00000| Untracked 
| 280|0x0000000725c00000, 0x0000000725c00000, 0x0000000725e00000|  0%| F|  |TAMS 0x0000000725c00000| PB 0x0000000725c00000| Untracked 
| 281|0x0000000725e00000, 0x0000000725e00000, 0x0000000726000000|  0%| F|  |TAMS 0x0000000725e00000| PB 0x0000000725e00000| Untracked 
| 282|0x0000000726000000, 0x0000000726000000, 0x0000000726200000|  0%| F|  |TAMS 0x0000000726000000| PB 0x0000000726000000| Untracked 
| 283|0x0000000726200000, 0x0000000726200000, 0x0000000726400000|  0%| F|  |TAMS 0x0000000726200000| PB 0x0000000726200000| Untracked 
| 284|0x0000000726400000, 0x0000000726400000, 0x0000000726600000|  0%| F|  |TAMS 0x0000000726400000| PB 0x0000000726400000| Untracked 
| 285|0x0000000726600000, 0x0000000726600000, 0x0000000726800000|  0%| F|  |TAMS 0x0000000726600000| PB 0x0000000726600000| Untracked 
| 286|0x0000000726800000, 0x0000000726800000, 0x0000000726a00000|  0%| F|  |TAMS 0x0000000726800000| PB 0x0000000726800000| Untracked 
| 287|0x0000000726a00000, 0x0000000726a00000, 0x0000000726c00000|  0%| F|  |TAMS 0x0000000726a00000| PB 0x0000000726a00000| Untracked 
| 288|0x0000000726c00000, 0x0000000726c00000, 0x0000000726e00000|  0%| F|  |TAMS 0x0000000726c00000| PB 0x0000000726c00000| Untracked 
| 289|0x0000000726e00000, 0x0000000726e00000, 0x0000000727000000|  0%| F|  |TAMS 0x0000000726e00000| PB 0x0000000726e00000| Untracked 
| 290|0x0000000727000000, 0x0000000727000000, 0x0000000727200000|  0%| F|  |TAMS 0x0000000727000000| PB 0x0000000727000000| Untracked 
| 291|0x0000000727200000, 0x0000000727200000, 0x0000000727400000|  0%| F|  |TAMS 0x0000000727200000| PB 0x0000000727200000| Untracked 
| 292|0x0000000727400000, 0x0000000727400000, 0x0000000727600000|  0%| F|  |TAMS 0x0000000727400000| PB 0x0000000727400000| Untracked 
| 293|0x0000000727600000, 0x0000000727600000, 0x0000000727800000|  0%| F|  |TAMS 0x0000000727600000| PB 0x0000000727600000| Untracked 
| 294|0x0000000727800000, 0x0000000727800000, 0x0000000727a00000|  0%| F|  |TAMS 0x0000000727800000| PB 0x0000000727800000| Untracked 
| 295|0x0000000727a00000, 0x0000000727a00000, 0x0000000727c00000|  0%| F|  |TAMS 0x0000000727a00000| PB 0x0000000727a00000| Untracked 
| 296|0x0000000727c00000, 0x0000000727c00000, 0x0000000727e00000|  0%| F|  |TAMS 0x0000000727c00000| PB 0x0000000727c00000| Untracked 
| 297|0x0000000727e00000, 0x0000000727e00000, 0x0000000728000000|  0%| F|  |TAMS 0x0000000727e00000| PB 0x0000000727e00000| Untracked 
| 298|0x0000000728000000, 0x0000000728000000, 0x0000000728200000|  0%| F|  |TAMS 0x0000000728000000| PB 0x0000000728000000| Untracked 
| 299|0x0000000728200000, 0x0000000728200000, 0x0000000728400000|  0%| F|  |TAMS 0x0000000728200000| PB 0x0000000728200000| Untracked 
| 300|0x0000000728400000, 0x0000000728400000, 0x0000000728600000|  0%| F|  |TAMS 0x0000000728400000| PB 0x0000000728400000| Untracked 
| 301|0x0000000728600000, 0x0000000728600000, 0x0000000728800000|  0%| F|  |TAMS 0x0000000728600000| PB 0x0000000728600000| Untracked 
| 302|0x0000000728800000, 0x0000000728800000, 0x0000000728a00000|  0%| F|  |TAMS 0x0000000728800000| PB 0x0000000728800000| Untracked 
| 303|0x0000000728a00000, 0x0000000728a00000, 0x0000000728c00000|  0%| F|  |TAMS 0x0000000728a00000| PB 0x0000000728a00000| Untracked 
| 304|0x0000000728c00000, 0x0000000728c00000, 0x0000000728e00000|  0%| F|  |TAMS 0x0000000728c00000| PB 0x0000000728c00000| Untracked 
| 305|0x0000000728e00000, 0x0000000728e00000, 0x0000000729000000|  0%| F|  |TAMS 0x0000000728e00000| PB 0x0000000728e00000| Untracked 
| 306|0x0000000729000000, 0x0000000729000000, 0x0000000729200000|  0%| F|  |TAMS 0x0000000729000000| PB 0x0000000729000000| Untracked 
| 307|0x0000000729200000, 0x0000000729200000, 0x0000000729400000|  0%| F|  |TAMS 0x0000000729200000| PB 0x0000000729200000| Untracked 
| 308|0x0000000729400000, 0x0000000729400000, 0x0000000729600000|  0%| F|  |TAMS 0x0000000729400000| PB 0x0000000729400000| Untracked 
| 309|0x0000000729600000, 0x0000000729600000, 0x0000000729800000|  0%| F|  |TAMS 0x0000000729600000| PB 0x0000000729600000| Untracked 
| 310|0x0000000729800000, 0x0000000729800000, 0x0000000729a00000|  0%| F|  |TAMS 0x0000000729800000| PB 0x0000000729800000| Untracked 
| 311|0x0000000729a00000, 0x0000000729a00000, 0x0000000729c00000|  0%| F|  |TAMS 0x0000000729a00000| PB 0x0000000729a00000| Untracked 
| 312|0x0000000729c00000, 0x0000000729c00000, 0x0000000729e00000|  0%| F|  |TAMS 0x0000000729c00000| PB 0x0000000729c00000| Untracked 
| 313|0x0000000729e00000, 0x0000000729e00000, 0x000000072a000000|  0%| F|  |TAMS 0x0000000729e00000| PB 0x0000000729e00000| Untracked 
| 314|0x000000072a000000, 0x000000072a000000, 0x000000072a200000|  0%| F|  |TAMS 0x000000072a000000| PB 0x000000072a000000| Untracked 
| 315|0x000000072a200000, 0x000000072a200000, 0x000000072a400000|  0%| F|  |TAMS 0x000000072a200000| PB 0x000000072a200000| Untracked 
| 316|0x000000072a400000, 0x000000072a400000, 0x000000072a600000|  0%| F|  |TAMS 0x000000072a400000| PB 0x000000072a400000| Untracked 
| 317|0x000000072a600000, 0x000000072a600000, 0x000000072a800000|  0%| F|  |TAMS 0x000000072a600000| PB 0x000000072a600000| Untracked 
| 318|0x000000072a800000, 0x000000072a800000, 0x000000072aa00000|  0%| F|  |TAMS 0x000000072a800000| PB 0x000000072a800000| Untracked 
| 319|0x000000072aa00000, 0x000000072aa00000, 0x000000072ac00000|  0%| F|  |TAMS 0x000000072aa00000| PB 0x000000072aa00000| Untracked 
| 320|0x000000072ac00000, 0x000000072ac00000, 0x000000072ae00000|  0%| F|  |TAMS 0x000000072ac00000| PB 0x000000072ac00000| Untracked 
| 321|0x000000072ae00000, 0x000000072af050e0, 0x000000072b000000| 50%| S|CS|TAMS 0x000000072ae00000| PB 0x000000072ae00000| Complete 
| 322|0x000000072b000000, 0x000000072b200000, 0x000000072b200000|100%| S|CS|TAMS 0x000000072b000000| PB 0x000000072b000000| Complete 
| 323|0x000000072b200000, 0x000000072b200000, 0x000000072b400000|  0%| F|  |TAMS 0x000000072b200000| PB 0x000000072b200000| Untracked 
| 324|0x000000072b400000, 0x000000072b400000, 0x000000072b600000|  0%| F|  |TAMS 0x000000072b400000| PB 0x000000072b400000| Untracked 
| 325|0x000000072b600000, 0x000000072b600000, 0x000000072b800000|  0%| F|  |TAMS 0x000000072b600000| PB 0x000000072b600000| Untracked 
| 326|0x000000072b800000, 0x000000072b800000, 0x000000072ba00000|  0%| F|  |TAMS 0x000000072b800000| PB 0x000000072b800000| Untracked 
| 327|0x000000072ba00000, 0x000000072ba00000, 0x000000072bc00000|  0%| F|  |TAMS 0x000000072ba00000| PB 0x000000072ba00000| Untracked 
| 328|0x000000072bc00000, 0x000000072bc00000, 0x000000072be00000|  0%| F|  |TAMS 0x000000072bc00000| PB 0x000000072bc00000| Untracked 
| 329|0x000000072be00000, 0x000000072be00000, 0x000000072c000000|  0%| F|  |TAMS 0x000000072be00000| PB 0x000000072be00000| Untracked 
| 330|0x000000072c000000, 0x000000072c000000, 0x000000072c200000|  0%| F|  |TAMS 0x000000072c000000| PB 0x000000072c000000| Untracked 
| 331|0x000000072c200000, 0x000000072c200000, 0x000000072c400000|  0%| F|  |TAMS 0x000000072c200000| PB 0x000000072c200000| Untracked 
| 332|0x000000072c400000, 0x000000072c400000, 0x000000072c600000|  0%| F|  |TAMS 0x000000072c400000| PB 0x000000072c400000| Untracked 
| 333|0x000000072c600000, 0x000000072c600000, 0x000000072c800000|  0%| F|  |TAMS 0x000000072c600000| PB 0x000000072c600000| Untracked 
| 334|0x000000072c800000, 0x000000072c800000, 0x000000072ca00000|  0%| F|  |TAMS 0x000000072c800000| PB 0x000000072c800000| Untracked 
| 335|0x000000072ca00000, 0x000000072ca00000, 0x000000072cc00000|  0%| F|  |TAMS 0x000000072ca00000| PB 0x000000072ca00000| Untracked 
| 336|0x000000072cc00000, 0x000000072cc00000, 0x000000072ce00000|  0%| F|  |TAMS 0x000000072cc00000| PB 0x000000072cc00000| Untracked 
| 337|0x000000072ce00000, 0x000000072ce00000, 0x000000072d000000|  0%| F|  |TAMS 0x000000072ce00000| PB 0x000000072ce00000| Untracked 
| 338|0x000000072d000000, 0x000000072d000000, 0x000000072d200000|  0%| F|  |TAMS 0x000000072d000000| PB 0x000000072d000000| Untracked 
| 339|0x000000072d200000, 0x000000072d200000, 0x000000072d400000|  0%| F|  |TAMS 0x000000072d200000| PB 0x000000072d200000| Untracked 
| 340|0x000000072d400000, 0x000000072d400000, 0x000000072d600000|  0%| F|  |TAMS 0x000000072d400000| PB 0x000000072d400000| Untracked 
| 341|0x000000072d600000, 0x000000072d600000, 0x000000072d800000|  0%| F|  |TAMS 0x000000072d600000| PB 0x000000072d600000| Untracked 
| 342|0x000000072d800000, 0x000000072d800000, 0x000000072da00000|  0%| F|  |TAMS 0x000000072d800000| PB 0x000000072d800000| Untracked 
| 343|0x000000072da00000, 0x000000072da00000, 0x000000072dc00000|  0%| F|  |TAMS 0x000000072da00000| PB 0x000000072da00000| Untracked 
| 344|0x000000072dc00000, 0x000000072dc00000, 0x000000072de00000|  0%| F|  |TAMS 0x000000072dc00000| PB 0x000000072dc00000| Untracked 
| 345|0x000000072de00000, 0x000000072de00000, 0x000000072e000000|  0%| F|  |TAMS 0x000000072de00000| PB 0x000000072de00000| Untracked 
| 346|0x000000072e000000, 0x000000072e000000, 0x000000072e200000|  0%| F|  |TAMS 0x000000072e000000| PB 0x000000072e000000| Untracked 
| 347|0x000000072e200000, 0x000000072e200000, 0x000000072e400000|  0%| F|  |TAMS 0x000000072e200000| PB 0x000000072e200000| Untracked 
| 348|0x000000072e400000, 0x000000072e400000, 0x000000072e600000|  0%| F|  |TAMS 0x000000072e400000| PB 0x000000072e400000| Untracked 
| 349|0x000000072e600000, 0x000000072e600000, 0x000000072e800000|  0%| F|  |TAMS 0x000000072e600000| PB 0x000000072e600000| Untracked 
| 350|0x000000072e800000, 0x000000072e800000, 0x000000072ea00000|  0%| F|  |TAMS 0x000000072e800000| PB 0x000000072e800000| Untracked 
| 351|0x000000072ea00000, 0x000000072ea00000, 0x000000072ec00000|  0%| F|  |TAMS 0x000000072ea00000| PB 0x000000072ea00000| Untracked 
| 352|0x000000072ec00000, 0x000000072ec00000, 0x000000072ee00000|  0%| F|  |TAMS 0x000000072ec00000| PB 0x000000072ec00000| Untracked 
| 353|0x000000072ee00000, 0x000000072ee00000, 0x000000072f000000|  0%| F|  |TAMS 0x000000072ee00000| PB 0x000000072ee00000| Untracked 
| 354|0x000000072f000000, 0x000000072f000000, 0x000000072f200000|  0%| F|  |TAMS 0x000000072f000000| PB 0x000000072f000000| Untracked 
| 355|0x000000072f200000, 0x000000072f200000, 0x000000072f400000|  0%| F|  |TAMS 0x000000072f200000| PB 0x000000072f200000| Untracked 
| 356|0x000000072f400000, 0x000000072f400000, 0x000000072f600000|  0%| F|  |TAMS 0x000000072f400000| PB 0x000000072f400000| Untracked 
| 357|0x000000072f600000, 0x000000072f600000, 0x000000072f800000|  0%| F|  |TAMS 0x000000072f600000| PB 0x000000072f600000| Untracked 
| 358|0x000000072f800000, 0x000000072f800000, 0x000000072fa00000|  0%| F|  |TAMS 0x000000072f800000| PB 0x000000072f800000| Untracked 
| 359|0x000000072fa00000, 0x000000072fa00000, 0x000000072fc00000|  0%| F|  |TAMS 0x000000072fa00000| PB 0x000000072fa00000| Untracked 
| 360|0x000000072fc00000, 0x000000072fc00000, 0x000000072fe00000|  0%| F|  |TAMS 0x000000072fc00000| PB 0x000000072fc00000| Untracked 
| 361|0x000000072fe00000, 0x000000072fe00000, 0x0000000730000000|  0%| F|  |TAMS 0x000000072fe00000| PB 0x000000072fe00000| Untracked 
| 362|0x0000000730000000, 0x0000000730000000, 0x0000000730200000|  0%| F|  |TAMS 0x0000000730000000| PB 0x0000000730000000| Untracked 
| 363|0x0000000730200000, 0x0000000730200000, 0x0000000730400000|  0%| F|  |TAMS 0x0000000730200000| PB 0x0000000730200000| Untracked 
| 364|0x0000000730400000, 0x0000000730400000, 0x0000000730600000|  0%| F|  |TAMS 0x0000000730400000| PB 0x0000000730400000| Untracked 
| 365|0x0000000730600000, 0x0000000730600000, 0x0000000730800000|  0%| F|  |TAMS 0x0000000730600000| PB 0x0000000730600000| Untracked 
| 366|0x0000000730800000, 0x0000000730800000, 0x0000000730a00000|  0%| F|  |TAMS 0x0000000730800000| PB 0x0000000730800000| Untracked 
| 367|0x0000000730a00000, 0x0000000730a00000, 0x0000000730c00000|  0%| F|  |TAMS 0x0000000730a00000| PB 0x0000000730a00000| Untracked 
| 368|0x0000000730c00000, 0x0000000730c00000, 0x0000000730e00000|  0%| F|  |TAMS 0x0000000730c00000| PB 0x0000000730c00000| Untracked 
| 369|0x0000000730e00000, 0x0000000730e00000, 0x0000000731000000|  0%| F|  |TAMS 0x0000000730e00000| PB 0x0000000730e00000| Untracked 
| 370|0x0000000731000000, 0x0000000731000000, 0x0000000731200000|  0%| F|  |TAMS 0x0000000731000000| PB 0x0000000731000000| Untracked 
| 371|0x0000000731200000, 0x0000000731200000, 0x0000000731400000|  0%| F|  |TAMS 0x0000000731200000| PB 0x0000000731200000| Untracked 
| 372|0x0000000731400000, 0x0000000731400000, 0x0000000731600000|  0%| F|  |TAMS 0x0000000731400000| PB 0x0000000731400000| Untracked 
| 373|0x0000000731600000, 0x0000000731600000, 0x0000000731800000|  0%| F|  |TAMS 0x0000000731600000| PB 0x0000000731600000| Untracked 
| 374|0x0000000731800000, 0x0000000731800000, 0x0000000731a00000|  0%| F|  |TAMS 0x0000000731800000| PB 0x0000000731800000| Untracked 
| 375|0x0000000731a00000, 0x0000000731a00000, 0x0000000731c00000|  0%| F|  |TAMS 0x0000000731a00000| PB 0x0000000731a00000| Untracked 
| 376|0x0000000731c00000, 0x0000000731c00000, 0x0000000731e00000|  0%| F|  |TAMS 0x0000000731c00000| PB 0x0000000731c00000| Untracked 
| 377|0x0000000731e00000, 0x0000000731e00000, 0x0000000732000000|  0%| F|  |TAMS 0x0000000731e00000| PB 0x0000000731e00000| Untracked 
| 378|0x0000000732000000, 0x0000000732000000, 0x0000000732200000|  0%| F|  |TAMS 0x0000000732000000| PB 0x0000000732000000| Untracked 
| 379|0x0000000732200000, 0x0000000732200000, 0x0000000732400000|  0%| F|  |TAMS 0x0000000732200000| PB 0x0000000732200000| Untracked 
| 380|0x0000000732400000, 0x0000000732400000, 0x0000000732600000|  0%| F|  |TAMS 0x0000000732400000| PB 0x0000000732400000| Untracked 
| 381|0x0000000732600000, 0x0000000732600000, 0x0000000732800000|  0%| F|  |TAMS 0x0000000732600000| PB 0x0000000732600000| Untracked 
| 382|0x0000000732800000, 0x0000000732800000, 0x0000000732a00000|  0%| F|  |TAMS 0x0000000732800000| PB 0x0000000732800000| Untracked 
| 383|0x0000000732a00000, 0x0000000732a00000, 0x0000000732c00000|  0%| F|  |TAMS 0x0000000732a00000| PB 0x0000000732a00000| Untracked 
| 384|0x0000000732c00000, 0x0000000732c00000, 0x0000000732e00000|  0%| F|  |TAMS 0x0000000732c00000| PB 0x0000000732c00000| Untracked 
| 385|0x0000000732e00000, 0x0000000732e00000, 0x0000000733000000|  0%| F|  |TAMS 0x0000000732e00000| PB 0x0000000732e00000| Untracked 
| 386|0x0000000733000000, 0x0000000733000000, 0x0000000733200000|  0%| F|  |TAMS 0x0000000733000000| PB 0x0000000733000000| Untracked 
| 387|0x0000000733200000, 0x0000000733200000, 0x0000000733400000|  0%| F|  |TAMS 0x0000000733200000| PB 0x0000000733200000| Untracked 
| 388|0x0000000733400000, 0x0000000733400000, 0x0000000733600000|  0%| F|  |TAMS 0x0000000733400000| PB 0x0000000733400000| Untracked 
| 389|0x0000000733600000, 0x0000000733600000, 0x0000000733800000|  0%| F|  |TAMS 0x0000000733600000| PB 0x0000000733600000| Untracked 
| 390|0x0000000733800000, 0x0000000733800000, 0x0000000733a00000|  0%| F|  |TAMS 0x0000000733800000| PB 0x0000000733800000| Untracked 
| 391|0x0000000733a00000, 0x0000000733a00000, 0x0000000733c00000|  0%| F|  |TAMS 0x0000000733a00000| PB 0x0000000733a00000| Untracked 
| 392|0x0000000733c00000, 0x0000000733c00000, 0x0000000733e00000|  0%| F|  |TAMS 0x0000000733c00000| PB 0x0000000733c00000| Untracked 
| 393|0x0000000733e00000, 0x0000000733e00000, 0x0000000734000000|  0%| F|  |TAMS 0x0000000733e00000| PB 0x0000000733e00000| Untracked 
| 394|0x0000000734000000, 0x0000000734000000, 0x0000000734200000|  0%| F|  |TAMS 0x0000000734000000| PB 0x0000000734000000| Untracked 
| 395|0x0000000734200000, 0x0000000734200000, 0x0000000734400000|  0%| F|  |TAMS 0x0000000734200000| PB 0x0000000734200000| Untracked 
| 396|0x0000000734400000, 0x0000000734400000, 0x0000000734600000|  0%| F|  |TAMS 0x0000000734400000| PB 0x0000000734400000| Untracked 
| 397|0x0000000734600000, 0x0000000734600000, 0x0000000734800000|  0%| F|  |TAMS 0x0000000734600000| PB 0x0000000734600000| Untracked 
| 398|0x0000000734800000, 0x0000000734800000, 0x0000000734a00000|  0%| F|  |TAMS 0x0000000734800000| PB 0x0000000734800000| Untracked 
| 399|0x0000000734a00000, 0x0000000734a00000, 0x0000000734c00000|  0%| F|  |TAMS 0x0000000734a00000| PB 0x0000000734a00000| Untracked 
| 400|0x0000000734c00000, 0x0000000734c00000, 0x0000000734e00000|  0%| F|  |TAMS 0x0000000734c00000| PB 0x0000000734c00000| Untracked 
| 401|0x0000000734e00000, 0x0000000734e00000, 0x0000000735000000|  0%| F|  |TAMS 0x0000000734e00000| PB 0x0000000734e00000| Untracked 
| 402|0x0000000735000000, 0x0000000735000000, 0x0000000735200000|  0%| F|  |TAMS 0x0000000735000000| PB 0x0000000735000000| Untracked 
| 403|0x0000000735200000, 0x0000000735200000, 0x0000000735400000|  0%| F|  |TAMS 0x0000000735200000| PB 0x0000000735200000| Untracked 
| 404|0x0000000735400000, 0x0000000735400000, 0x0000000735600000|  0%| F|  |TAMS 0x0000000735400000| PB 0x0000000735400000| Untracked 
| 405|0x0000000735600000, 0x0000000735600000, 0x0000000735800000|  0%| F|  |TAMS 0x0000000735600000| PB 0x0000000735600000| Untracked 
| 406|0x0000000735800000, 0x0000000735800000, 0x0000000735a00000|  0%| F|  |TAMS 0x0000000735800000| PB 0x0000000735800000| Untracked 
| 407|0x0000000735a00000, 0x0000000735a00000, 0x0000000735c00000|  0%| F|  |TAMS 0x0000000735a00000| PB 0x0000000735a00000| Untracked 
| 408|0x0000000735c00000, 0x0000000735c00000, 0x0000000735e00000|  0%| F|  |TAMS 0x0000000735c00000| PB 0x0000000735c00000| Untracked 
| 409|0x0000000735e00000, 0x0000000735e00000, 0x0000000736000000|  0%| F|  |TAMS 0x0000000735e00000| PB 0x0000000735e00000| Untracked 
| 410|0x0000000736000000, 0x0000000736000000, 0x0000000736200000|  0%| F|  |TAMS 0x0000000736000000| PB 0x0000000736000000| Untracked 
| 411|0x0000000736200000, 0x0000000736200000, 0x0000000736400000|  0%| F|  |TAMS 0x0000000736200000| PB 0x0000000736200000| Untracked 
| 412|0x0000000736400000, 0x0000000736400000, 0x0000000736600000|  0%| F|  |TAMS 0x0000000736400000| PB 0x0000000736400000| Untracked 
| 413|0x0000000736600000, 0x0000000736600000, 0x0000000736800000|  0%| F|  |TAMS 0x0000000736600000| PB 0x0000000736600000| Untracked 
| 414|0x0000000736800000, 0x0000000736800000, 0x0000000736a00000|  0%| F|  |TAMS 0x0000000736800000| PB 0x0000000736800000| Untracked 
| 415|0x0000000736a00000, 0x0000000736a00000, 0x0000000736c00000|  0%| F|  |TAMS 0x0000000736a00000| PB 0x0000000736a00000| Untracked 
| 416|0x0000000736c00000, 0x0000000736c00000, 0x0000000736e00000|  0%| F|  |TAMS 0x0000000736c00000| PB 0x0000000736c00000| Untracked 
| 417|0x0000000736e00000, 0x0000000736e00000, 0x0000000737000000|  0%| F|  |TAMS 0x0000000736e00000| PB 0x0000000736e00000| Untracked 
| 418|0x0000000737000000, 0x0000000737000000, 0x0000000737200000|  0%| F|  |TAMS 0x0000000737000000| PB 0x0000000737000000| Untracked 
| 419|0x0000000737200000, 0x0000000737200000, 0x0000000737400000|  0%| F|  |TAMS 0x0000000737200000| PB 0x0000000737200000| Untracked 
| 420|0x0000000737400000, 0x0000000737400000, 0x0000000737600000|  0%| F|  |TAMS 0x0000000737400000| PB 0x0000000737400000| Untracked 
| 421|0x0000000737600000, 0x0000000737600000, 0x0000000737800000|  0%| F|  |TAMS 0x0000000737600000| PB 0x0000000737600000| Untracked 
| 422|0x0000000737800000, 0x0000000737800000, 0x0000000737a00000|  0%| F|  |TAMS 0x0000000737800000| PB 0x0000000737800000| Untracked 
| 423|0x0000000737a00000, 0x0000000737a00000, 0x0000000737c00000|  0%| F|  |TAMS 0x0000000737a00000| PB 0x0000000737a00000| Untracked 
| 424|0x0000000737c00000, 0x0000000737c00000, 0x0000000737e00000|  0%| F|  |TAMS 0x0000000737c00000| PB 0x0000000737c00000| Untracked 
| 425|0x0000000737e00000, 0x0000000737e00000, 0x0000000738000000|  0%| F|  |TAMS 0x0000000737e00000| PB 0x0000000737e00000| Untracked 
| 426|0x0000000738000000, 0x0000000738000000, 0x0000000738200000|  0%| F|  |TAMS 0x0000000738000000| PB 0x0000000738000000| Untracked 
| 427|0x0000000738200000, 0x0000000738200000, 0x0000000738400000|  0%| F|  |TAMS 0x0000000738200000| PB 0x0000000738200000| Untracked 
| 428|0x0000000738400000, 0x0000000738400000, 0x0000000738600000|  0%| F|  |TAMS 0x0000000738400000| PB 0x0000000738400000| Untracked 
| 429|0x0000000738600000, 0x0000000738600000, 0x0000000738800000|  0%| F|  |TAMS 0x0000000738600000| PB 0x0000000738600000| Untracked 
| 430|0x0000000738800000, 0x0000000738800000, 0x0000000738a00000|  0%| F|  |TAMS 0x0000000738800000| PB 0x0000000738800000| Untracked 
| 431|0x0000000738a00000, 0x0000000738a00000, 0x0000000738c00000|  0%| F|  |TAMS 0x0000000738a00000| PB 0x0000000738a00000| Untracked 
| 432|0x0000000738c00000, 0x0000000738c00000, 0x0000000738e00000|  0%| F|  |TAMS 0x0000000738c00000| PB 0x0000000738c00000| Untracked 
| 433|0x0000000738e00000, 0x0000000738e00000, 0x0000000739000000|  0%| F|  |TAMS 0x0000000738e00000| PB 0x0000000738e00000| Untracked 
| 434|0x0000000739000000, 0x0000000739000000, 0x0000000739200000|  0%| F|  |TAMS 0x0000000739000000| PB 0x0000000739000000| Untracked 
| 435|0x0000000739200000, 0x0000000739200000, 0x0000000739400000|  0%| F|  |TAMS 0x0000000739200000| PB 0x0000000739200000| Untracked 
| 436|0x0000000739400000, 0x0000000739400000, 0x0000000739600000|  0%| F|  |TAMS 0x0000000739400000| PB 0x0000000739400000| Untracked 
| 437|0x0000000739600000, 0x0000000739600000, 0x0000000739800000|  0%| F|  |TAMS 0x0000000739600000| PB 0x0000000739600000| Untracked 
| 438|0x0000000739800000, 0x0000000739800000, 0x0000000739a00000|  0%| F|  |TAMS 0x0000000739800000| PB 0x0000000739800000| Untracked 
| 439|0x0000000739a00000, 0x0000000739a00000, 0x0000000739c00000|  0%| F|  |TAMS 0x0000000739a00000| PB 0x0000000739a00000| Untracked 
| 440|0x0000000739c00000, 0x0000000739c00000, 0x0000000739e00000|  0%| F|  |TAMS 0x0000000739c00000| PB 0x0000000739c00000| Untracked 
| 441|0x0000000739e00000, 0x0000000739e00000, 0x000000073a000000|  0%| F|  |TAMS 0x0000000739e00000| PB 0x0000000739e00000| Untracked 
| 442|0x000000073a000000, 0x000000073a000000, 0x000000073a200000|  0%| F|  |TAMS 0x000000073a000000| PB 0x000000073a000000| Untracked 
| 443|0x000000073a200000, 0x000000073a200000, 0x000000073a400000|  0%| F|  |TAMS 0x000000073a200000| PB 0x000000073a200000| Untracked 
| 444|0x000000073a400000, 0x000000073a400000, 0x000000073a600000|  0%| F|  |TAMS 0x000000073a400000| PB 0x000000073a400000| Untracked 
| 445|0x000000073a600000, 0x000000073a600000, 0x000000073a800000|  0%| F|  |TAMS 0x000000073a600000| PB 0x000000073a600000| Untracked 
| 446|0x000000073a800000, 0x000000073a800000, 0x000000073aa00000|  0%| F|  |TAMS 0x000000073a800000| PB 0x000000073a800000| Untracked 
| 447|0x000000073aa00000, 0x000000073aa00000, 0x000000073ac00000|  0%| F|  |TAMS 0x000000073aa00000| PB 0x000000073aa00000| Untracked 
| 448|0x000000073ac00000, 0x000000073ac00000, 0x000000073ae00000|  0%| F|  |TAMS 0x000000073ac00000| PB 0x000000073ac00000| Untracked 
| 449|0x000000073ae00000, 0x000000073ae00000, 0x000000073b000000|  0%| F|  |TAMS 0x000000073ae00000| PB 0x000000073ae00000| Untracked 
| 450|0x000000073b000000, 0x000000073b000000, 0x000000073b200000|  0%| F|  |TAMS 0x000000073b000000| PB 0x000000073b000000| Untracked 
| 451|0x000000073b200000, 0x000000073b200000, 0x000000073b400000|  0%| F|  |TAMS 0x000000073b200000| PB 0x000000073b200000| Untracked 
| 452|0x000000073b400000, 0x000000073b400000, 0x000000073b600000|  0%| F|  |TAMS 0x000000073b400000| PB 0x000000073b400000| Untracked 
| 453|0x000000073b600000, 0x000000073b600000, 0x000000073b800000|  0%| F|  |TAMS 0x000000073b600000| PB 0x000000073b600000| Untracked 
| 454|0x000000073b800000, 0x000000073b800000, 0x000000073ba00000|  0%| F|  |TAMS 0x000000073b800000| PB 0x000000073b800000| Untracked 
| 455|0x000000073ba00000, 0x000000073ba00000, 0x000000073bc00000|  0%| F|  |TAMS 0x000000073ba00000| PB 0x000000073ba00000| Untracked 
| 456|0x000000073bc00000, 0x000000073bc00000, 0x000000073be00000|  0%| F|  |TAMS 0x000000073bc00000| PB 0x000000073bc00000| Untracked 
| 457|0x000000073be00000, 0x000000073be00000, 0x000000073c000000|  0%| F|  |TAMS 0x000000073be00000| PB 0x000000073be00000| Untracked 
| 458|0x000000073c000000, 0x000000073c000000, 0x000000073c200000|  0%| F|  |TAMS 0x000000073c000000| PB 0x000000073c000000| Untracked 
| 459|0x000000073c200000, 0x000000073c200000, 0x000000073c400000|  0%| F|  |TAMS 0x000000073c200000| PB 0x000000073c200000| Untracked 
| 460|0x000000073c400000, 0x000000073c400000, 0x000000073c600000|  0%| F|  |TAMS 0x000000073c400000| PB 0x000000073c400000| Untracked 
| 461|0x000000073c600000, 0x000000073c600000, 0x000000073c800000|  0%| F|  |TAMS 0x000000073c600000| PB 0x000000073c600000| Untracked 
| 462|0x000000073c800000, 0x000000073c800000, 0x000000073ca00000|  0%| F|  |TAMS 0x000000073c800000| PB 0x000000073c800000| Untracked 
| 463|0x000000073ca00000, 0x000000073ca00000, 0x000000073cc00000|  0%| F|  |TAMS 0x000000073ca00000| PB 0x000000073ca00000| Untracked 
| 464|0x000000073cc00000, 0x000000073cc00000, 0x000000073ce00000|  0%| F|  |TAMS 0x000000073cc00000| PB 0x000000073cc00000| Untracked 
| 465|0x000000073ce00000, 0x000000073ce00000, 0x000000073d000000|  0%| F|  |TAMS 0x000000073ce00000| PB 0x000000073ce00000| Untracked 
| 466|0x000000073d000000, 0x000000073d000000, 0x000000073d200000|  0%| F|  |TAMS 0x000000073d000000| PB 0x000000073d000000| Untracked 
| 467|0x000000073d200000, 0x000000073d200000, 0x000000073d400000|  0%| F|  |TAMS 0x000000073d200000| PB 0x000000073d200000| Untracked 
| 468|0x000000073d400000, 0x000000073d400000, 0x000000073d600000|  0%| F|  |TAMS 0x000000073d400000| PB 0x000000073d400000| Untracked 
| 469|0x000000073d600000, 0x000000073d600000, 0x000000073d800000|  0%| F|  |TAMS 0x000000073d600000| PB 0x000000073d600000| Untracked 
| 470|0x000000073d800000, 0x000000073d800000, 0x000000073da00000|  0%| F|  |TAMS 0x000000073d800000| PB 0x000000073d800000| Untracked 
| 471|0x000000073da00000, 0x000000073da00000, 0x000000073dc00000|  0%| F|  |TAMS 0x000000073da00000| PB 0x000000073da00000| Untracked 
| 472|0x000000073dc00000, 0x000000073dc00000, 0x000000073de00000|  0%| F|  |TAMS 0x000000073dc00000| PB 0x000000073dc00000| Untracked 
| 473|0x000000073de00000, 0x000000073de00000, 0x000000073e000000|  0%| F|  |TAMS 0x000000073de00000| PB 0x000000073de00000| Untracked 
| 474|0x000000073e000000, 0x000000073e000000, 0x000000073e200000|  0%| F|  |TAMS 0x000000073e000000| PB 0x000000073e000000| Untracked 
| 475|0x000000073e200000, 0x000000073e200000, 0x000000073e400000|  0%| F|  |TAMS 0x000000073e200000| PB 0x000000073e200000| Untracked 
| 476|0x000000073e400000, 0x000000073e400000, 0x000000073e600000|  0%| F|  |TAMS 0x000000073e400000| PB 0x000000073e400000| Untracked 
| 477|0x000000073e600000, 0x000000073e600000, 0x000000073e800000|  0%| F|  |TAMS 0x000000073e600000| PB 0x000000073e600000| Untracked 
| 478|0x000000073e800000, 0x000000073e800000, 0x000000073ea00000|  0%| F|  |TAMS 0x000000073e800000| PB 0x000000073e800000| Untracked 
| 479|0x000000073ea00000, 0x000000073ea00000, 0x000000073ec00000|  0%| F|  |TAMS 0x000000073ea00000| PB 0x000000073ea00000| Untracked 
| 480|0x000000073ec00000, 0x000000073ec00000, 0x000000073ee00000|  0%| F|  |TAMS 0x000000073ec00000| PB 0x000000073ec00000| Untracked 
| 481|0x000000073ee00000, 0x000000073ef56660, 0x000000073f000000| 66%| E|  |TAMS 0x000000073ee00000| PB 0x000000073ee00000| Complete 
| 482|0x000000073f000000, 0x000000073f200000, 0x000000073f200000|100%| E|CS|TAMS 0x000000073f000000| PB 0x000000073f000000| Complete 
| 483|0x000000073f200000, 0x000000073f400000, 0x000000073f400000|100%| E|CS|TAMS 0x000000073f200000| PB 0x000000073f200000| Complete 
| 484|0x000000073f400000, 0x000000073f600000, 0x000000073f600000|100%| E|CS|TAMS 0x000000073f400000| PB 0x000000073f400000| Complete 
| 485|0x000000073f600000, 0x000000073f800000, 0x000000073f800000|100%| E|CS|TAMS 0x000000073f600000| PB 0x000000073f600000| Complete 
| 486|0x000000073f800000, 0x000000073fa00000, 0x000000073fa00000|100%| E|CS|TAMS 0x000000073f800000| PB 0x000000073f800000| Complete 
| 487|0x000000073fa00000, 0x000000073fc00000, 0x000000073fc00000|100%| E|CS|TAMS 0x000000073fa00000| PB 0x000000073fa00000| Complete 
| 488|0x000000073fc00000, 0x000000073fe00000, 0x000000073fe00000|100%| E|CS|TAMS 0x000000073fc00000| PB 0x000000073fc00000| Complete 
| 489|0x000000073fe00000, 0x0000000740000000, 0x0000000740000000|100%| E|CS|TAMS 0x000000073fe00000| PB 0x000000073fe00000| Complete 
| 490|0x0000000740000000, 0x0000000740200000, 0x0000000740200000|100%| E|CS|TAMS 0x0000000740000000| PB 0x0000000740000000| Complete 
| 491|0x0000000740200000, 0x0000000740400000, 0x0000000740400000|100%| E|CS|TAMS 0x0000000740200000| PB 0x0000000740200000| Complete 
| 492|0x0000000740400000, 0x0000000740600000, 0x0000000740600000|100%| E|CS|TAMS 0x0000000740400000| PB 0x0000000740400000| Complete 
| 493|0x0000000740600000, 0x0000000740800000, 0x0000000740800000|100%| E|CS|TAMS 0x0000000740600000| PB 0x0000000740600000| Complete 
| 494|0x0000000740800000, 0x0000000740a00000, 0x0000000740a00000|100%| E|CS|TAMS 0x0000000740800000| PB 0x0000000740800000| Complete 
| 495|0x0000000740a00000, 0x0000000740c00000, 0x0000000740c00000|100%| E|CS|TAMS 0x0000000740a00000| PB 0x0000000740a00000| Complete 
| 496|0x0000000740c00000, 0x0000000740e00000, 0x0000000740e00000|100%| E|CS|TAMS 0x0000000740c00000| PB 0x0000000740c00000| Complete 
| 497|0x0000000740e00000, 0x0000000741000000, 0x0000000741000000|100%| E|CS|TAMS 0x0000000740e00000| PB 0x0000000740e00000| Complete 
| 498|0x0000000741000000, 0x0000000741200000, 0x0000000741200000|100%| E|CS|TAMS 0x0000000741000000| PB 0x0000000741000000| Complete 
| 499|0x0000000741200000, 0x0000000741400000, 0x0000000741400000|100%| E|CS|TAMS 0x0000000741200000| PB 0x0000000741200000| Complete 
| 500|0x0000000741400000, 0x0000000741600000, 0x0000000741600000|100%| E|CS|TAMS 0x0000000741400000| PB 0x0000000741400000| Complete 
| 501|0x0000000741600000, 0x0000000741800000, 0x0000000741800000|100%| E|CS|TAMS 0x0000000741600000| PB 0x0000000741600000| Complete 
| 502|0x0000000741800000, 0x0000000741a00000, 0x0000000741a00000|100%| E|CS|TAMS 0x0000000741800000| PB 0x0000000741800000| Complete 
| 503|0x0000000741a00000, 0x0000000741c00000, 0x0000000741c00000|100%| E|CS|TAMS 0x0000000741a00000| PB 0x0000000741a00000| Complete 
| 504|0x0000000741c00000, 0x0000000741e00000, 0x0000000741e00000|100%| E|CS|TAMS 0x0000000741c00000| PB 0x0000000741c00000| Complete 
| 505|0x0000000741e00000, 0x0000000742000000, 0x0000000742000000|100%| E|CS|TAMS 0x0000000741e00000| PB 0x0000000741e00000| Complete 
| 506|0x0000000742000000, 0x0000000742200000, 0x0000000742200000|100%| E|CS|TAMS 0x0000000742000000| PB 0x0000000742000000| Complete 
| 507|0x0000000742200000, 0x0000000742400000, 0x0000000742400000|100%| E|CS|TAMS 0x0000000742200000| PB 0x0000000742200000| Complete 
| 508|0x0000000742400000, 0x0000000742600000, 0x0000000742600000|100%| E|CS|TAMS 0x0000000742400000| PB 0x0000000742400000| Complete 
| 509|0x0000000742600000, 0x0000000742800000, 0x0000000742800000|100%| E|CS|TAMS 0x0000000742600000| PB 0x0000000742600000| Complete 
| 510|0x0000000742800000, 0x0000000742a00000, 0x0000000742a00000|100%| E|CS|TAMS 0x0000000742800000| PB 0x0000000742800000| Complete 
| 511|0x0000000742a00000, 0x0000000742c00000, 0x0000000742c00000|100%| E|CS|TAMS 0x0000000742a00000| PB 0x0000000742a00000| Complete 
| 512|0x0000000742c00000, 0x0000000742e00000, 0x0000000742e00000|100%| E|CS|TAMS 0x0000000742c00000| PB 0x0000000742c00000| Complete 
| 513|0x0000000742e00000, 0x0000000743000000, 0x0000000743000000|100%| E|CS|TAMS 0x0000000742e00000| PB 0x0000000742e00000| Complete 
| 514|0x0000000743000000, 0x0000000743200000, 0x0000000743200000|100%| E|CS|TAMS 0x0000000743000000| PB 0x0000000743000000| Complete 
| 515|0x0000000743200000, 0x0000000743400000, 0x0000000743400000|100%| E|CS|TAMS 0x0000000743200000| PB 0x0000000743200000| Complete 
| 516|0x0000000743400000, 0x0000000743600000, 0x0000000743600000|100%| E|CS|TAMS 0x0000000743400000| PB 0x0000000743400000| Complete 
| 517|0x0000000743600000, 0x0000000743800000, 0x0000000743800000|100%| E|CS|TAMS 0x0000000743600000| PB 0x0000000743600000| Complete 
| 518|0x0000000743800000, 0x0000000743a00000, 0x0000000743a00000|100%| E|CS|TAMS 0x0000000743800000| PB 0x0000000743800000| Complete 
| 519|0x0000000743a00000, 0x0000000743c00000, 0x0000000743c00000|100%| E|CS|TAMS 0x0000000743a00000| PB 0x0000000743a00000| Complete 
| 520|0x0000000743c00000, 0x0000000743e00000, 0x0000000743e00000|100%| E|CS|TAMS 0x0000000743c00000| PB 0x0000000743c00000| Complete 
| 521|0x0000000743e00000, 0x0000000744000000, 0x0000000744000000|100%| E|CS|TAMS 0x0000000743e00000| PB 0x0000000743e00000| Complete 
| 522|0x0000000744000000, 0x0000000744200000, 0x0000000744200000|100%| E|CS|TAMS 0x0000000744000000| PB 0x0000000744000000| Complete 
| 523|0x0000000744200000, 0x0000000744400000, 0x0000000744400000|100%| E|CS|TAMS 0x0000000744200000| PB 0x0000000744200000| Complete 
| 524|0x0000000744400000, 0x0000000744600000, 0x0000000744600000|100%| E|CS|TAMS 0x0000000744400000| PB 0x0000000744400000| Complete 
| 525|0x0000000744600000, 0x0000000744800000, 0x0000000744800000|100%| E|CS|TAMS 0x0000000744600000| PB 0x0000000744600000| Complete 
| 526|0x0000000744800000, 0x0000000744a00000, 0x0000000744a00000|100%| E|CS|TAMS 0x0000000744800000| PB 0x0000000744800000| Complete 
| 527|0x0000000744a00000, 0x0000000744c00000, 0x0000000744c00000|100%| E|CS|TAMS 0x0000000744a00000| PB 0x0000000744a00000| Complete 
| 528|0x0000000744c00000, 0x0000000744e00000, 0x0000000744e00000|100%| E|CS|TAMS 0x0000000744c00000| PB 0x0000000744c00000| Complete 
| 529|0x0000000744e00000, 0x0000000745000000, 0x0000000745000000|100%| E|CS|TAMS 0x0000000744e00000| PB 0x0000000744e00000| Complete 
| 530|0x0000000745000000, 0x0000000745200000, 0x0000000745200000|100%| E|CS|TAMS 0x0000000745000000| PB 0x0000000745000000| Complete 
| 531|0x0000000745200000, 0x0000000745400000, 0x0000000745400000|100%| E|CS|TAMS 0x0000000745200000| PB 0x0000000745200000| Complete 
| 532|0x0000000745400000, 0x0000000745600000, 0x0000000745600000|100%| E|CS|TAMS 0x0000000745400000| PB 0x0000000745400000| Complete 
| 533|0x0000000745600000, 0x0000000745800000, 0x0000000745800000|100%| E|CS|TAMS 0x0000000745600000| PB 0x0000000745600000| Complete 
| 534|0x0000000745800000, 0x0000000745a00000, 0x0000000745a00000|100%| E|CS|TAMS 0x0000000745800000| PB 0x0000000745800000| Complete 
| 535|0x0000000745a00000, 0x0000000745c00000, 0x0000000745c00000|100%| E|CS|TAMS 0x0000000745a00000| PB 0x0000000745a00000| Complete 
| 536|0x0000000745c00000, 0x0000000745e00000, 0x0000000745e00000|100%| E|CS|TAMS 0x0000000745c00000| PB 0x0000000745c00000| Complete 
| 537|0x0000000745e00000, 0x0000000746000000, 0x0000000746000000|100%| E|CS|TAMS 0x0000000745e00000| PB 0x0000000745e00000| Complete 
| 538|0x0000000746000000, 0x0000000746200000, 0x0000000746200000|100%| E|CS|TAMS 0x0000000746000000| PB 0x0000000746000000| Complete 
| 539|0x0000000746200000, 0x0000000746400000, 0x0000000746400000|100%| E|CS|TAMS 0x0000000746200000| PB 0x0000000746200000| Complete 
| 540|0x0000000746400000, 0x0000000746600000, 0x0000000746600000|100%| E|CS|TAMS 0x0000000746400000| PB 0x0000000746400000| Complete 
| 541|0x0000000746600000, 0x0000000746800000, 0x0000000746800000|100%| E|CS|TAMS 0x0000000746600000| PB 0x0000000746600000| Complete 
| 542|0x0000000746800000, 0x0000000746a00000, 0x0000000746a00000|100%| E|CS|TAMS 0x0000000746800000| PB 0x0000000746800000| Complete 
| 543|0x0000000746a00000, 0x0000000746c00000, 0x0000000746c00000|100%| E|CS|TAMS 0x0000000746a00000| PB 0x0000000746a00000| Complete 
| 544|0x0000000746c00000, 0x0000000746e00000, 0x0000000746e00000|100%| E|CS|TAMS 0x0000000746c00000| PB 0x0000000746c00000| Complete 
| 545|0x0000000746e00000, 0x0000000747000000, 0x0000000747000000|100%| E|CS|TAMS 0x0000000746e00000| PB 0x0000000746e00000| Complete 
| 546|0x0000000747000000, 0x0000000747200000, 0x0000000747200000|100%| E|CS|TAMS 0x0000000747000000| PB 0x0000000747000000| Complete 
| 547|0x0000000747200000, 0x0000000747400000, 0x0000000747400000|100%| E|CS|TAMS 0x0000000747200000| PB 0x0000000747200000| Complete 
| 548|0x0000000747400000, 0x0000000747600000, 0x0000000747600000|100%| E|CS|TAMS 0x0000000747400000| PB 0x0000000747400000| Complete 
| 549|0x0000000747600000, 0x0000000747800000, 0x0000000747800000|100%| E|CS|TAMS 0x0000000747600000| PB 0x0000000747600000| Complete 
| 550|0x0000000747800000, 0x0000000747a00000, 0x0000000747a00000|100%| E|CS|TAMS 0x0000000747800000| PB 0x0000000747800000| Complete 
| 551|0x0000000747a00000, 0x0000000747c00000, 0x0000000747c00000|100%| E|CS|TAMS 0x0000000747a00000| PB 0x0000000747a00000| Complete 
| 552|0x0000000747c00000, 0x0000000747e00000, 0x0000000747e00000|100%| E|CS|TAMS 0x0000000747c00000| PB 0x0000000747c00000| Complete 
| 553|0x0000000747e00000, 0x0000000748000000, 0x0000000748000000|100%| E|CS|TAMS 0x0000000747e00000| PB 0x0000000747e00000| Complete 
| 554|0x0000000748000000, 0x0000000748200000, 0x0000000748200000|100%| E|CS|TAMS 0x0000000748000000| PB 0x0000000748000000| Complete 
| 555|0x0000000748200000, 0x0000000748400000, 0x0000000748400000|100%| E|CS|TAMS 0x0000000748200000| PB 0x0000000748200000| Complete 
| 556|0x0000000748400000, 0x0000000748600000, 0x0000000748600000|100%| E|CS|TAMS 0x0000000748400000| PB 0x0000000748400000| Complete 
| 557|0x0000000748600000, 0x0000000748800000, 0x0000000748800000|100%| E|CS|TAMS 0x0000000748600000| PB 0x0000000748600000| Complete 
| 558|0x0000000748800000, 0x0000000748a00000, 0x0000000748a00000|100%| E|CS|TAMS 0x0000000748800000| PB 0x0000000748800000| Complete 
| 559|0x0000000748a00000, 0x0000000748c00000, 0x0000000748c00000|100%| E|CS|TAMS 0x0000000748a00000| PB 0x0000000748a00000| Complete 
| 560|0x0000000748c00000, 0x0000000748e00000, 0x0000000748e00000|100%| E|CS|TAMS 0x0000000748c00000| PB 0x0000000748c00000| Complete 
| 561|0x0000000748e00000, 0x0000000749000000, 0x0000000749000000|100%| E|CS|TAMS 0x0000000748e00000| PB 0x0000000748e00000| Complete 
| 562|0x0000000749000000, 0x0000000749200000, 0x0000000749200000|100%| E|CS|TAMS 0x0000000749000000| PB 0x0000000749000000| Complete 
| 563|0x0000000749200000, 0x0000000749400000, 0x0000000749400000|100%| E|CS|TAMS 0x0000000749200000| PB 0x0000000749200000| Complete 
| 564|0x0000000749400000, 0x0000000749600000, 0x0000000749600000|100%| E|CS|TAMS 0x0000000749400000| PB 0x0000000749400000| Complete 
| 565|0x0000000749600000, 0x0000000749800000, 0x0000000749800000|100%| E|CS|TAMS 0x0000000749600000| PB 0x0000000749600000| Complete 
| 566|0x0000000749800000, 0x0000000749a00000, 0x0000000749a00000|100%| E|CS|TAMS 0x0000000749800000| PB 0x0000000749800000| Complete 
| 567|0x0000000749a00000, 0x0000000749c00000, 0x0000000749c00000|100%| E|CS|TAMS 0x0000000749a00000| PB 0x0000000749a00000| Complete 
| 568|0x0000000749c00000, 0x0000000749e00000, 0x0000000749e00000|100%| E|CS|TAMS 0x0000000749c00000| PB 0x0000000749c00000| Complete 
| 569|0x0000000749e00000, 0x000000074a000000, 0x000000074a000000|100%| E|CS|TAMS 0x0000000749e00000| PB 0x0000000749e00000| Complete 
| 570|0x000000074a000000, 0x000000074a200000, 0x000000074a200000|100%| E|CS|TAMS 0x000000074a000000| PB 0x000000074a000000| Complete 
| 571|0x000000074a200000, 0x000000074a400000, 0x000000074a400000|100%| E|CS|TAMS 0x000000074a200000| PB 0x000000074a200000| Complete 
| 572|0x000000074a400000, 0x000000074a600000, 0x000000074a600000|100%| E|CS|TAMS 0x000000074a400000| PB 0x000000074a400000| Complete 
| 573|0x000000074a600000, 0x000000074a800000, 0x000000074a800000|100%| E|CS|TAMS 0x000000074a600000| PB 0x000000074a600000| Complete 
| 574|0x000000074a800000, 0x000000074aa00000, 0x000000074aa00000|100%| E|CS|TAMS 0x000000074a800000| PB 0x000000074a800000| Complete 
| 575|0x000000074aa00000, 0x000000074ac00000, 0x000000074ac00000|100%| E|CS|TAMS 0x000000074aa00000| PB 0x000000074aa00000| Complete 
| 576|0x000000074ac00000, 0x000000074ae00000, 0x000000074ae00000|100%| E|CS|TAMS 0x000000074ac00000| PB 0x000000074ac00000| Complete 
| 577|0x000000074ae00000, 0x000000074b000000, 0x000000074b000000|100%| E|CS|TAMS 0x000000074ae00000| PB 0x000000074ae00000| Complete 
| 578|0x000000074b000000, 0x000000074b200000, 0x000000074b200000|100%| E|CS|TAMS 0x000000074b000000| PB 0x000000074b000000| Complete 
| 579|0x000000074b200000, 0x000000074b400000, 0x000000074b400000|100%| E|CS|TAMS 0x000000074b200000| PB 0x000000074b200000| Complete 
| 580|0x000000074b400000, 0x000000074b600000, 0x000000074b600000|100%| E|CS|TAMS 0x000000074b400000| PB 0x000000074b400000| Complete 
| 581|0x000000074b600000, 0x000000074b800000, 0x000000074b800000|100%| E|CS|TAMS 0x000000074b600000| PB 0x000000074b600000| Complete 
| 582|0x000000074b800000, 0x000000074ba00000, 0x000000074ba00000|100%| E|CS|TAMS 0x000000074b800000| PB 0x000000074b800000| Complete 
| 583|0x000000074ba00000, 0x000000074bc00000, 0x000000074bc00000|100%| E|CS|TAMS 0x000000074ba00000| PB 0x000000074ba00000| Complete 
| 584|0x000000074bc00000, 0x000000074be00000, 0x000000074be00000|100%| E|CS|TAMS 0x000000074bc00000| PB 0x000000074bc00000| Complete 
| 585|0x000000074be00000, 0x000000074c000000, 0x000000074c000000|100%| E|CS|TAMS 0x000000074be00000| PB 0x000000074be00000| Complete 
| 586|0x000000074c000000, 0x000000074c200000, 0x000000074c200000|100%| E|CS|TAMS 0x000000074c000000| PB 0x000000074c000000| Complete 
| 587|0x000000074c200000, 0x000000074c400000, 0x000000074c400000|100%| E|CS|TAMS 0x000000074c200000| PB 0x000000074c200000| Complete 
| 588|0x000000074c400000, 0x000000074c600000, 0x000000074c600000|100%| E|CS|TAMS 0x000000074c400000| PB 0x000000074c400000| Complete 
| 589|0x000000074c600000, 0x000000074c800000, 0x000000074c800000|100%| E|CS|TAMS 0x000000074c600000| PB 0x000000074c600000| Complete 
| 590|0x000000074c800000, 0x000000074ca00000, 0x000000074ca00000|100%| E|CS|TAMS 0x000000074c800000| PB 0x000000074c800000| Complete 
| 591|0x000000074ca00000, 0x000000074cc00000, 0x000000074cc00000|100%| E|CS|TAMS 0x000000074ca00000| PB 0x000000074ca00000| Complete 
| 592|0x000000074cc00000, 0x000000074ce00000, 0x000000074ce00000|100%| E|CS|TAMS 0x000000074cc00000| PB 0x000000074cc00000| Complete 
| 593|0x000000074ce00000, 0x000000074d000000, 0x000000074d000000|100%| E|CS|TAMS 0x000000074ce00000| PB 0x000000074ce00000| Complete 
| 594|0x000000074d000000, 0x000000074d200000, 0x000000074d200000|100%| E|CS|TAMS 0x000000074d000000| PB 0x000000074d000000| Complete 
| 595|0x000000074d200000, 0x000000074d400000, 0x000000074d400000|100%| E|CS|TAMS 0x000000074d200000| PB 0x000000074d200000| Complete 
| 596|0x000000074d400000, 0x000000074d600000, 0x000000074d600000|100%| E|CS|TAMS 0x000000074d400000| PB 0x000000074d400000| Complete 
| 597|0x000000074d600000, 0x000000074d800000, 0x000000074d800000|100%| E|CS|TAMS 0x000000074d600000| PB 0x000000074d600000| Complete 
| 598|0x000000074d800000, 0x000000074da00000, 0x000000074da00000|100%| E|CS|TAMS 0x000000074d800000| PB 0x000000074d800000| Complete 
| 599|0x000000074da00000, 0x000000074dc00000, 0x000000074dc00000|100%| E|CS|TAMS 0x000000074da00000| PB 0x000000074da00000| Complete 
| 600|0x000000074dc00000, 0x000000074de00000, 0x000000074de00000|100%| E|CS|TAMS 0x000000074dc00000| PB 0x000000074dc00000| Complete 
| 601|0x000000074de00000, 0x000000074e000000, 0x000000074e000000|100%| E|CS|TAMS 0x000000074de00000| PB 0x000000074de00000| Complete 
| 602|0x000000074e000000, 0x000000074e200000, 0x000000074e200000|100%| E|CS|TAMS 0x000000074e000000| PB 0x000000074e000000| Complete 
| 603|0x000000074e200000, 0x000000074e400000, 0x000000074e400000|100%| E|CS|TAMS 0x000000074e200000| PB 0x000000074e200000| Complete 
| 604|0x000000074e400000, 0x000000074e600000, 0x000000074e600000|100%| E|CS|TAMS 0x000000074e400000| PB 0x000000074e400000| Complete 
| 605|0x000000074e600000, 0x000000074e800000, 0x000000074e800000|100%| E|CS|TAMS 0x000000074e600000| PB 0x000000074e600000| Complete 
| 606|0x000000074e800000, 0x000000074ea00000, 0x000000074ea00000|100%| E|CS|TAMS 0x000000074e800000| PB 0x000000074e800000| Complete 
| 607|0x000000074ea00000, 0x000000074ec00000, 0x000000074ec00000|100%| E|CS|TAMS 0x000000074ea00000| PB 0x000000074ea00000| Complete 
| 608|0x000000074ec00000, 0x000000074ee00000, 0x000000074ee00000|100%| E|CS|TAMS 0x000000074ec00000| PB 0x000000074ec00000| Complete 
| 609|0x000000074ee00000, 0x000000074f000000, 0x000000074f000000|100%| E|CS|TAMS 0x000000074ee00000| PB 0x000000074ee00000| Complete 
| 610|0x000000074f000000, 0x000000074f200000, 0x000000074f200000|100%| E|CS|TAMS 0x000000074f000000| PB 0x000000074f000000| Complete 
| 611|0x000000074f200000, 0x000000074f400000, 0x000000074f400000|100%| E|CS|TAMS 0x000000074f200000| PB 0x000000074f200000| Complete 
| 612|0x000000074f400000, 0x000000074f600000, 0x000000074f600000|100%| E|CS|TAMS 0x000000074f400000| PB 0x000000074f400000| Complete 
| 613|0x000000074f600000, 0x000000074f800000, 0x000000074f800000|100%| E|CS|TAMS 0x000000074f600000| PB 0x000000074f600000| Complete 
| 614|0x000000074f800000, 0x000000074fa00000, 0x000000074fa00000|100%| E|CS|TAMS 0x000000074f800000| PB 0x000000074f800000| Complete 
| 615|0x000000074fa00000, 0x000000074fc00000, 0x000000074fc00000|100%| E|CS|TAMS 0x000000074fa00000| PB 0x000000074fa00000| Complete 
| 616|0x000000074fc00000, 0x000000074fe00000, 0x000000074fe00000|100%| E|CS|TAMS 0x000000074fc00000| PB 0x000000074fc00000| Complete 
| 617|0x000000074fe00000, 0x0000000750000000, 0x0000000750000000|100%| E|CS|TAMS 0x000000074fe00000| PB 0x000000074fe00000| Complete 
| 618|0x0000000750000000, 0x0000000750200000, 0x0000000750200000|100%| E|CS|TAMS 0x0000000750000000| PB 0x0000000750000000| Complete 
| 619|0x0000000750200000, 0x0000000750400000, 0x0000000750400000|100%| E|CS|TAMS 0x0000000750200000| PB 0x0000000750200000| Complete 
| 620|0x0000000750400000, 0x0000000750600000, 0x0000000750600000|100%| E|CS|TAMS 0x0000000750400000| PB 0x0000000750400000| Complete 
| 621|0x0000000750600000, 0x0000000750800000, 0x0000000750800000|100%| E|CS|TAMS 0x0000000750600000| PB 0x0000000750600000| Complete 
| 622|0x0000000750800000, 0x0000000750a00000, 0x0000000750a00000|100%| E|CS|TAMS 0x0000000750800000| PB 0x0000000750800000| Complete 
| 623|0x0000000750a00000, 0x0000000750c00000, 0x0000000750c00000|100%| E|CS|TAMS 0x0000000750a00000| PB 0x0000000750a00000| Complete 
| 624|0x0000000750c00000, 0x0000000750e00000, 0x0000000750e00000|100%| E|CS|TAMS 0x0000000750c00000| PB 0x0000000750c00000| Complete 
| 625|0x0000000750e00000, 0x0000000751000000, 0x0000000751000000|100%| E|CS|TAMS 0x0000000750e00000| PB 0x0000000750e00000| Complete 
| 626|0x0000000751000000, 0x0000000751200000, 0x0000000751200000|100%| E|CS|TAMS 0x0000000751000000| PB 0x0000000751000000| Complete 
| 627|0x0000000751200000, 0x0000000751400000, 0x0000000751400000|100%| E|CS|TAMS 0x0000000751200000| PB 0x0000000751200000| Complete 
| 628|0x0000000751400000, 0x0000000751600000, 0x0000000751600000|100%| E|CS|TAMS 0x0000000751400000| PB 0x0000000751400000| Complete 
| 629|0x0000000751600000, 0x0000000751800000, 0x0000000751800000|100%| E|CS|TAMS 0x0000000751600000| PB 0x0000000751600000| Complete 
| 630|0x0000000751800000, 0x0000000751a00000, 0x0000000751a00000|100%| E|CS|TAMS 0x0000000751800000| PB 0x0000000751800000| Complete 
| 631|0x0000000751a00000, 0x0000000751c00000, 0x0000000751c00000|100%| E|CS|TAMS 0x0000000751a00000| PB 0x0000000751a00000| Complete 
| 632|0x0000000751c00000, 0x0000000751e00000, 0x0000000751e00000|100%| E|CS|TAMS 0x0000000751c00000| PB 0x0000000751c00000| Complete 
| 633|0x0000000751e00000, 0x0000000752000000, 0x0000000752000000|100%| E|CS|TAMS 0x0000000751e00000| PB 0x0000000751e00000| Complete 
| 634|0x0000000752000000, 0x0000000752200000, 0x0000000752200000|100%| E|CS|TAMS 0x0000000752000000| PB 0x0000000752000000| Complete 
| 635|0x0000000752200000, 0x0000000752400000, 0x0000000752400000|100%| E|CS|TAMS 0x0000000752200000| PB 0x0000000752200000| Complete 
| 636|0x0000000752400000, 0x0000000752600000, 0x0000000752600000|100%| E|CS|TAMS 0x0000000752400000| PB 0x0000000752400000| Complete 
| 637|0x0000000752600000, 0x0000000752800000, 0x0000000752800000|100%| E|CS|TAMS 0x0000000752600000| PB 0x0000000752600000| Complete 
| 638|0x0000000752800000, 0x0000000752a00000, 0x0000000752a00000|100%| E|CS|TAMS 0x0000000752800000| PB 0x0000000752800000| Complete 
| 639|0x0000000752a00000, 0x0000000752c00000, 0x0000000752c00000|100%| E|CS|TAMS 0x0000000752a00000| PB 0x0000000752a00000| Complete 
| 640|0x0000000752c00000, 0x0000000752e00000, 0x0000000752e00000|100%| E|CS|TAMS 0x0000000752c00000| PB 0x0000000752c00000| Complete 
| 641|0x0000000752e00000, 0x0000000753000000, 0x0000000753000000|100%| E|CS|TAMS 0x0000000752e00000| PB 0x0000000752e00000| Complete 
| 642|0x0000000753000000, 0x0000000753200000, 0x0000000753200000|100%| E|CS|TAMS 0x0000000753000000| PB 0x0000000753000000| Complete 
| 643|0x0000000753200000, 0x0000000753400000, 0x0000000753400000|100%| E|CS|TAMS 0x0000000753200000| PB 0x0000000753200000| Complete 
| 644|0x0000000753400000, 0x0000000753600000, 0x0000000753600000|100%| E|CS|TAMS 0x0000000753400000| PB 0x0000000753400000| Complete 
| 645|0x0000000753600000, 0x0000000753800000, 0x0000000753800000|100%| E|CS|TAMS 0x0000000753600000| PB 0x0000000753600000| Complete 
| 646|0x0000000753800000, 0x0000000753a00000, 0x0000000753a00000|100%| E|CS|TAMS 0x0000000753800000| PB 0x0000000753800000| Complete 
| 647|0x0000000753a00000, 0x0000000753c00000, 0x0000000753c00000|100%| E|CS|TAMS 0x0000000753a00000| PB 0x0000000753a00000| Complete 
| 648|0x0000000753c00000, 0x0000000753e00000, 0x0000000753e00000|100%| E|CS|TAMS 0x0000000753c00000| PB 0x0000000753c00000| Complete 
| 649|0x0000000753e00000, 0x0000000754000000, 0x0000000754000000|100%| E|CS|TAMS 0x0000000753e00000| PB 0x0000000753e00000| Complete 
| 650|0x0000000754000000, 0x0000000754200000, 0x0000000754200000|100%| E|CS|TAMS 0x0000000754000000| PB 0x0000000754000000| Complete 
| 651|0x0000000754200000, 0x0000000754400000, 0x0000000754400000|100%| E|CS|TAMS 0x0000000754200000| PB 0x0000000754200000| Complete 
| 652|0x0000000754400000, 0x0000000754600000, 0x0000000754600000|100%| E|CS|TAMS 0x0000000754400000| PB 0x0000000754400000| Complete 
| 653|0x0000000754600000, 0x0000000754800000, 0x0000000754800000|100%| E|CS|TAMS 0x0000000754600000| PB 0x0000000754600000| Complete 
| 654|0x0000000754800000, 0x0000000754a00000, 0x0000000754a00000|100%| E|CS|TAMS 0x0000000754800000| PB 0x0000000754800000| Complete 
| 655|0x0000000754a00000, 0x0000000754c00000, 0x0000000754c00000|100%| E|CS|TAMS 0x0000000754a00000| PB 0x0000000754a00000| Complete 
| 656|0x0000000754c00000, 0x0000000754e00000, 0x0000000754e00000|100%| E|CS|TAMS 0x0000000754c00000| PB 0x0000000754c00000| Complete 
| 657|0x0000000754e00000, 0x0000000755000000, 0x0000000755000000|100%| E|CS|TAMS 0x0000000754e00000| PB 0x0000000754e00000| Complete 
| 658|0x0000000755000000, 0x0000000755200000, 0x0000000755200000|100%| E|CS|TAMS 0x0000000755000000| PB 0x0000000755000000| Complete 
| 659|0x0000000755200000, 0x0000000755400000, 0x0000000755400000|100%| E|CS|TAMS 0x0000000755200000| PB 0x0000000755200000| Complete 
| 660|0x0000000755400000, 0x0000000755600000, 0x0000000755600000|100%| E|CS|TAMS 0x0000000755400000| PB 0x0000000755400000| Complete 
| 661|0x0000000755600000, 0x0000000755800000, 0x0000000755800000|100%| E|CS|TAMS 0x0000000755600000| PB 0x0000000755600000| Complete 
| 662|0x0000000755800000, 0x0000000755a00000, 0x0000000755a00000|100%| E|CS|TAMS 0x0000000755800000| PB 0x0000000755800000| Complete 
| 663|0x0000000755a00000, 0x0000000755c00000, 0x0000000755c00000|100%| E|CS|TAMS 0x0000000755a00000| PB 0x0000000755a00000| Complete 
| 664|0x0000000755c00000, 0x0000000755e00000, 0x0000000755e00000|100%| E|CS|TAMS 0x0000000755c00000| PB 0x0000000755c00000| Complete 
| 665|0x0000000755e00000, 0x0000000756000000, 0x0000000756000000|100%| E|CS|TAMS 0x0000000755e00000| PB 0x0000000755e00000| Complete 
| 666|0x0000000756000000, 0x0000000756200000, 0x0000000756200000|100%| E|CS|TAMS 0x0000000756000000| PB 0x0000000756000000| Complete 
| 667|0x0000000756200000, 0x0000000756400000, 0x0000000756400000|100%| E|CS|TAMS 0x0000000756200000| PB 0x0000000756200000| Complete 
| 668|0x0000000756400000, 0x0000000756600000, 0x0000000756600000|100%| E|CS|TAMS 0x0000000756400000| PB 0x0000000756400000| Complete 
| 669|0x0000000756600000, 0x0000000756800000, 0x0000000756800000|100%| E|CS|TAMS 0x0000000756600000| PB 0x0000000756600000| Complete 
| 670|0x0000000756800000, 0x0000000756a00000, 0x0000000756a00000|100%| E|CS|TAMS 0x0000000756800000| PB 0x0000000756800000| Complete 
| 671|0x0000000756a00000, 0x0000000756c00000, 0x0000000756c00000|100%| E|CS|TAMS 0x0000000756a00000| PB 0x0000000756a00000| Complete 
| 672|0x0000000756c00000, 0x0000000756e00000, 0x0000000756e00000|100%| E|CS|TAMS 0x0000000756c00000| PB 0x0000000756c00000| Complete 
| 673|0x0000000756e00000, 0x0000000757000000, 0x0000000757000000|100%| E|CS|TAMS 0x0000000756e00000| PB 0x0000000756e00000| Complete 
| 674|0x0000000757000000, 0x0000000757200000, 0x0000000757200000|100%| E|CS|TAMS 0x0000000757000000| PB 0x0000000757000000| Complete 
| 675|0x0000000757200000, 0x0000000757400000, 0x0000000757400000|100%| E|CS|TAMS 0x0000000757200000| PB 0x0000000757200000| Complete 
| 676|0x0000000757400000, 0x0000000757600000, 0x0000000757600000|100%| E|CS|TAMS 0x0000000757400000| PB 0x0000000757400000| Complete 
| 677|0x0000000757600000, 0x0000000757800000, 0x0000000757800000|100%| E|CS|TAMS 0x0000000757600000| PB 0x0000000757600000| Complete 
| 678|0x0000000757800000, 0x0000000757a00000, 0x0000000757a00000|100%| E|CS|TAMS 0x0000000757800000| PB 0x0000000757800000| Complete 
| 679|0x0000000757a00000, 0x0000000757c00000, 0x0000000757c00000|100%| E|CS|TAMS 0x0000000757a00000| PB 0x0000000757a00000| Complete 
| 680|0x0000000757c00000, 0x0000000757e00000, 0x0000000757e00000|100%| E|CS|TAMS 0x0000000757c00000| PB 0x0000000757c00000| Complete 
| 681|0x0000000757e00000, 0x0000000758000000, 0x0000000758000000|100%| E|CS|TAMS 0x0000000757e00000| PB 0x0000000757e00000| Complete 
| 682|0x0000000758000000, 0x0000000758200000, 0x0000000758200000|100%| E|CS|TAMS 0x0000000758000000| PB 0x0000000758000000| Complete 
| 683|0x0000000758200000, 0x0000000758400000, 0x0000000758400000|100%| E|CS|TAMS 0x0000000758200000| PB 0x0000000758200000| Complete 
| 684|0x0000000758400000, 0x0000000758600000, 0x0000000758600000|100%| E|CS|TAMS 0x0000000758400000| PB 0x0000000758400000| Complete 
| 685|0x0000000758600000, 0x0000000758800000, 0x0000000758800000|100%| E|CS|TAMS 0x0000000758600000| PB 0x0000000758600000| Complete 
| 686|0x0000000758800000, 0x0000000758a00000, 0x0000000758a00000|100%| E|CS|TAMS 0x0000000758800000| PB 0x0000000758800000| Complete 
| 687|0x0000000758a00000, 0x0000000758c00000, 0x0000000758c00000|100%| E|CS|TAMS 0x0000000758a00000| PB 0x0000000758a00000| Complete 
| 688|0x0000000758c00000, 0x0000000758e00000, 0x0000000758e00000|100%| E|CS|TAMS 0x0000000758c00000| PB 0x0000000758c00000| Complete 
| 689|0x0000000758e00000, 0x0000000759000000, 0x0000000759000000|100%| E|CS|TAMS 0x0000000758e00000| PB 0x0000000758e00000| Complete 
| 690|0x0000000759000000, 0x0000000759200000, 0x0000000759200000|100%| E|CS|TAMS 0x0000000759000000| PB 0x0000000759000000| Complete 
| 691|0x0000000759200000, 0x0000000759400000, 0x0000000759400000|100%| E|CS|TAMS 0x0000000759200000| PB 0x0000000759200000| Complete 
| 692|0x0000000759400000, 0x0000000759600000, 0x0000000759600000|100%| E|CS|TAMS 0x0000000759400000| PB 0x0000000759400000| Complete 
| 693|0x0000000759600000, 0x0000000759800000, 0x0000000759800000|100%| E|CS|TAMS 0x0000000759600000| PB 0x0000000759600000| Complete 
| 694|0x0000000759800000, 0x0000000759a00000, 0x0000000759a00000|100%| E|CS|TAMS 0x0000000759800000| PB 0x0000000759800000| Complete 
| 695|0x0000000759a00000, 0x0000000759c00000, 0x0000000759c00000|100%| E|CS|TAMS 0x0000000759a00000| PB 0x0000000759a00000| Complete 
| 696|0x0000000759c00000, 0x0000000759e00000, 0x0000000759e00000|100%| E|CS|TAMS 0x0000000759c00000| PB 0x0000000759c00000| Complete 
| 697|0x0000000759e00000, 0x000000075a000000, 0x000000075a000000|100%| E|CS|TAMS 0x0000000759e00000| PB 0x0000000759e00000| Complete 
| 698|0x000000075a000000, 0x000000075a200000, 0x000000075a200000|100%| E|CS|TAMS 0x000000075a000000| PB 0x000000075a000000| Complete 
| 699|0x000000075a200000, 0x000000075a400000, 0x000000075a400000|100%| E|CS|TAMS 0x000000075a200000| PB 0x000000075a200000| Complete 
| 700|0x000000075a400000, 0x000000075a600000, 0x000000075a600000|100%| E|CS|TAMS 0x000000075a400000| PB 0x000000075a400000| Complete 
| 701|0x000000075a600000, 0x000000075a800000, 0x000000075a800000|100%| E|CS|TAMS 0x000000075a600000| PB 0x000000075a600000| Complete 
| 702|0x000000075a800000, 0x000000075aa00000, 0x000000075aa00000|100%| E|CS|TAMS 0x000000075a800000| PB 0x000000075a800000| Complete 
| 703|0x000000075aa00000, 0x000000075ac00000, 0x000000075ac00000|100%| E|CS|TAMS 0x000000075aa00000| PB 0x000000075aa00000| Complete 
| 704|0x000000075ac00000, 0x000000075ae00000, 0x000000075ae00000|100%| E|CS|TAMS 0x000000075ac00000| PB 0x000000075ac00000| Complete 
| 705|0x000000075ae00000, 0x000000075b000000, 0x000000075b000000|100%| E|CS|TAMS 0x000000075ae00000| PB 0x000000075ae00000| Complete 
| 706|0x000000075b000000, 0x000000075b200000, 0x000000075b200000|100%| E|CS|TAMS 0x000000075b000000| PB 0x000000075b000000| Complete 
| 707|0x000000075b200000, 0x000000075b400000, 0x000000075b400000|100%| E|CS|TAMS 0x000000075b200000| PB 0x000000075b200000| Complete 
| 708|0x000000075b400000, 0x000000075b600000, 0x000000075b600000|100%| E|CS|TAMS 0x000000075b400000| PB 0x000000075b400000| Complete 
| 709|0x000000075b600000, 0x000000075b800000, 0x000000075b800000|100%| E|CS|TAMS 0x000000075b600000| PB 0x000000075b600000| Complete 
| 710|0x000000075b800000, 0x000000075ba00000, 0x000000075ba00000|100%| E|CS|TAMS 0x000000075b800000| PB 0x000000075b800000| Complete 
| 711|0x000000075ba00000, 0x000000075bc00000, 0x000000075bc00000|100%| E|CS|TAMS 0x000000075ba00000| PB 0x000000075ba00000| Complete 
| 712|0x000000075bc00000, 0x000000075be00000, 0x000000075be00000|100%| E|CS|TAMS 0x000000075bc00000| PB 0x000000075bc00000| Complete 
| 713|0x000000075be00000, 0x000000075c000000, 0x000000075c000000|100%| E|CS|TAMS 0x000000075be00000| PB 0x000000075be00000| Complete 
| 714|0x000000075c000000, 0x000000075c200000, 0x000000075c200000|100%| E|CS|TAMS 0x000000075c000000| PB 0x000000075c000000| Complete 
| 715|0x000000075c200000, 0x000000075c400000, 0x000000075c400000|100%| E|CS|TAMS 0x000000075c200000| PB 0x000000075c200000| Complete 
| 716|0x000000075c400000, 0x000000075c600000, 0x000000075c600000|100%| E|CS|TAMS 0x000000075c400000| PB 0x000000075c400000| Complete 
| 717|0x000000075c600000, 0x000000075c800000, 0x000000075c800000|100%| E|CS|TAMS 0x000000075c600000| PB 0x000000075c600000| Complete 
| 718|0x000000075c800000, 0x000000075ca00000, 0x000000075ca00000|100%| E|CS|TAMS 0x000000075c800000| PB 0x000000075c800000| Complete 
| 719|0x000000075ca00000, 0x000000075cc00000, 0x000000075cc00000|100%| E|CS|TAMS 0x000000075ca00000| PB 0x000000075ca00000| Complete 
| 720|0x000000075cc00000, 0x000000075ce00000, 0x000000075ce00000|100%| E|CS|TAMS 0x000000075cc00000| PB 0x000000075cc00000| Complete 
| 721|0x000000075ce00000, 0x000000075d000000, 0x000000075d000000|100%| E|CS|TAMS 0x000000075ce00000| PB 0x000000075ce00000| Complete 
| 722|0x000000075d000000, 0x000000075d200000, 0x000000075d200000|100%| E|CS|TAMS 0x000000075d000000| PB 0x000000075d000000| Complete 
| 723|0x000000075d200000, 0x000000075d400000, 0x000000075d400000|100%| E|CS|TAMS 0x000000075d200000| PB 0x000000075d200000| Complete 
| 724|0x000000075d400000, 0x000000075d600000, 0x000000075d600000|100%| E|CS|TAMS 0x000000075d400000| PB 0x000000075d400000| Complete 
| 725|0x000000075d600000, 0x000000075d800000, 0x000000075d800000|100%| E|CS|TAMS 0x000000075d600000| PB 0x000000075d600000| Complete 
| 726|0x000000075d800000, 0x000000075da00000, 0x000000075da00000|100%| E|CS|TAMS 0x000000075d800000| PB 0x000000075d800000| Complete 
| 727|0x000000075da00000, 0x000000075dc00000, 0x000000075dc00000|100%| E|CS|TAMS 0x000000075da00000| PB 0x000000075da00000| Complete 
| 728|0x000000075dc00000, 0x000000075de00000, 0x000000075de00000|100%| E|CS|TAMS 0x000000075dc00000| PB 0x000000075dc00000| Complete 
| 729|0x000000075de00000, 0x000000075e000000, 0x000000075e000000|100%| E|CS|TAMS 0x000000075de00000| PB 0x000000075de00000| Complete 
| 730|0x000000075e000000, 0x000000075e200000, 0x000000075e200000|100%| E|CS|TAMS 0x000000075e000000| PB 0x000000075e000000| Complete 
| 731|0x000000075e200000, 0x000000075e400000, 0x000000075e400000|100%| E|CS|TAMS 0x000000075e200000| PB 0x000000075e200000| Complete 
| 732|0x000000075e400000, 0x000000075e600000, 0x000000075e600000|100%| E|CS|TAMS 0x000000075e400000| PB 0x000000075e400000| Complete 
| 733|0x000000075e600000, 0x000000075e800000, 0x000000075e800000|100%| E|CS|TAMS 0x000000075e600000| PB 0x000000075e600000| Complete 
| 734|0x000000075e800000, 0x000000075ea00000, 0x000000075ea00000|100%| E|CS|TAMS 0x000000075e800000| PB 0x000000075e800000| Complete 
| 735|0x000000075ea00000, 0x000000075ec00000, 0x000000075ec00000|100%| E|CS|TAMS 0x000000075ea00000| PB 0x000000075ea00000| Complete 
| 736|0x000000075ec00000, 0x000000075ee00000, 0x000000075ee00000|100%| E|CS|TAMS 0x000000075ec00000| PB 0x000000075ec00000| Complete 
| 737|0x000000075ee00000, 0x000000075f000000, 0x000000075f000000|100%| E|CS|TAMS 0x000000075ee00000| PB 0x000000075ee00000| Complete 
| 738|0x000000075f000000, 0x000000075f200000, 0x000000075f200000|100%| E|CS|TAMS 0x000000075f000000| PB 0x000000075f000000| Complete 
| 739|0x000000075f200000, 0x000000075f400000, 0x000000075f400000|100%| E|CS|TAMS 0x000000075f200000| PB 0x000000075f200000| Complete 
| 740|0x000000075f400000, 0x000000075f600000, 0x000000075f600000|100%| E|CS|TAMS 0x000000075f400000| PB 0x000000075f400000| Complete 
| 741|0x000000075f600000, 0x000000075f800000, 0x000000075f800000|100%| E|CS|TAMS 0x000000075f600000| PB 0x000000075f600000| Complete 
| 742|0x000000075f800000, 0x000000075fa00000, 0x000000075fa00000|100%| E|CS|TAMS 0x000000075f800000| PB 0x000000075f800000| Complete 
| 743|0x000000075fa00000, 0x000000075fc00000, 0x000000075fc00000|100%| E|CS|TAMS 0x000000075fa00000| PB 0x000000075fa00000| Complete 
| 744|0x000000075fc00000, 0x000000075fe00000, 0x000000075fe00000|100%| E|CS|TAMS 0x000000075fc00000| PB 0x000000075fc00000| Complete 
| 745|0x000000075fe00000, 0x0000000760000000, 0x0000000760000000|100%| E|CS|TAMS 0x000000075fe00000| PB 0x000000075fe00000| Complete 
| 746|0x0000000760000000, 0x0000000760200000, 0x0000000760200000|100%| E|CS|TAMS 0x0000000760000000| PB 0x0000000760000000| Complete 
| 747|0x0000000760200000, 0x0000000760400000, 0x0000000760400000|100%| E|CS|TAMS 0x0000000760200000| PB 0x0000000760200000| Complete 
| 748|0x0000000760400000, 0x0000000760600000, 0x0000000760600000|100%| E|CS|TAMS 0x0000000760400000| PB 0x0000000760400000| Complete 
| 749|0x0000000760600000, 0x0000000760800000, 0x0000000760800000|100%| E|CS|TAMS 0x0000000760600000| PB 0x0000000760600000| Complete 
| 750|0x0000000760800000, 0x0000000760a00000, 0x0000000760a00000|100%| E|CS|TAMS 0x0000000760800000| PB 0x0000000760800000| Complete 
| 751|0x0000000760a00000, 0x0000000760c00000, 0x0000000760c00000|100%| E|CS|TAMS 0x0000000760a00000| PB 0x0000000760a00000| Complete 
| 752|0x0000000760c00000, 0x0000000760e00000, 0x0000000760e00000|100%| E|CS|TAMS 0x0000000760c00000| PB 0x0000000760c00000| Complete 
| 753|0x0000000760e00000, 0x0000000761000000, 0x0000000761000000|100%| E|CS|TAMS 0x0000000760e00000| PB 0x0000000760e00000| Complete 
| 754|0x0000000761000000, 0x0000000761200000, 0x0000000761200000|100%| E|CS|TAMS 0x0000000761000000| PB 0x0000000761000000| Complete 
| 755|0x0000000761200000, 0x0000000761400000, 0x0000000761400000|100%| E|CS|TAMS 0x0000000761200000| PB 0x0000000761200000| Complete 
| 756|0x0000000761400000, 0x0000000761600000, 0x0000000761600000|100%| E|CS|TAMS 0x0000000761400000| PB 0x0000000761400000| Complete 
| 757|0x0000000761600000, 0x0000000761800000, 0x0000000761800000|100%| E|CS|TAMS 0x0000000761600000| PB 0x0000000761600000| Complete 
| 758|0x0000000761800000, 0x0000000761a00000, 0x0000000761a00000|100%| E|CS|TAMS 0x0000000761800000| PB 0x0000000761800000| Complete 
| 759|0x0000000761a00000, 0x0000000761c00000, 0x0000000761c00000|100%| E|CS|TAMS 0x0000000761a00000| PB 0x0000000761a00000| Complete 
| 760|0x0000000761c00000, 0x0000000761e00000, 0x0000000761e00000|100%| E|CS|TAMS 0x0000000761c00000| PB 0x0000000761c00000| Complete 
| 761|0x0000000761e00000, 0x0000000762000000, 0x0000000762000000|100%| E|CS|TAMS 0x0000000761e00000| PB 0x0000000761e00000| Complete 
| 762|0x0000000762000000, 0x0000000762200000, 0x0000000762200000|100%| E|CS|TAMS 0x0000000762000000| PB 0x0000000762000000| Complete 
| 763|0x0000000762200000, 0x0000000762400000, 0x0000000762400000|100%| E|CS|TAMS 0x0000000762200000| PB 0x0000000762200000| Complete 
| 764|0x0000000762400000, 0x0000000762600000, 0x0000000762600000|100%| E|CS|TAMS 0x0000000762400000| PB 0x0000000762400000| Complete 
| 765|0x0000000762600000, 0x0000000762800000, 0x0000000762800000|100%| E|CS|TAMS 0x0000000762600000| PB 0x0000000762600000| Complete 
| 766|0x0000000762800000, 0x0000000762a00000, 0x0000000762a00000|100%| E|CS|TAMS 0x0000000762800000| PB 0x0000000762800000| Complete 
| 767|0x0000000762a00000, 0x0000000762c00000, 0x0000000762c00000|100%| E|CS|TAMS 0x0000000762a00000| PB 0x0000000762a00000| Complete 
| 768|0x0000000762c00000, 0x0000000762e00000, 0x0000000762e00000|100%| E|CS|TAMS 0x0000000762c00000| PB 0x0000000762c00000| Complete 
| 769|0x0000000762e00000, 0x0000000763000000, 0x0000000763000000|100%| E|CS|TAMS 0x0000000762e00000| PB 0x0000000762e00000| Complete 
| 770|0x0000000763000000, 0x0000000763200000, 0x0000000763200000|100%| E|CS|TAMS 0x0000000763000000| PB 0x0000000763000000| Complete 
| 771|0x0000000763200000, 0x0000000763400000, 0x0000000763400000|100%| E|CS|TAMS 0x0000000763200000| PB 0x0000000763200000| Complete 
| 772|0x0000000763400000, 0x0000000763600000, 0x0000000763600000|100%| E|CS|TAMS 0x0000000763400000| PB 0x0000000763400000| Complete 
| 773|0x0000000763600000, 0x0000000763800000, 0x0000000763800000|100%| E|CS|TAMS 0x0000000763600000| PB 0x0000000763600000| Complete 
| 774|0x0000000763800000, 0x0000000763a00000, 0x0000000763a00000|100%| E|CS|TAMS 0x0000000763800000| PB 0x0000000763800000| Complete 
| 775|0x0000000763a00000, 0x0000000763c00000, 0x0000000763c00000|100%| E|CS|TAMS 0x0000000763a00000| PB 0x0000000763a00000| Complete 
| 776|0x0000000763c00000, 0x0000000763e00000, 0x0000000763e00000|100%| E|CS|TAMS 0x0000000763c00000| PB 0x0000000763c00000| Complete 
| 777|0x0000000763e00000, 0x0000000764000000, 0x0000000764000000|100%| E|CS|TAMS 0x0000000763e00000| PB 0x0000000763e00000| Complete 
| 778|0x0000000764000000, 0x0000000764200000, 0x0000000764200000|100%| E|CS|TAMS 0x0000000764000000| PB 0x0000000764000000| Complete 
| 779|0x0000000764200000, 0x0000000764400000, 0x0000000764400000|100%| E|CS|TAMS 0x0000000764200000| PB 0x0000000764200000| Complete 
| 780|0x0000000764400000, 0x0000000764600000, 0x0000000764600000|100%| E|CS|TAMS 0x0000000764400000| PB 0x0000000764400000| Complete 
| 781|0x0000000764600000, 0x0000000764800000, 0x0000000764800000|100%| E|CS|TAMS 0x0000000764600000| PB 0x0000000764600000| Complete 
| 782|0x0000000764800000, 0x0000000764a00000, 0x0000000764a00000|100%| E|CS|TAMS 0x0000000764800000| PB 0x0000000764800000| Complete 
| 783|0x0000000764a00000, 0x0000000764c00000, 0x0000000764c00000|100%| E|CS|TAMS 0x0000000764a00000| PB 0x0000000764a00000| Complete 
| 784|0x0000000764c00000, 0x0000000764e00000, 0x0000000764e00000|100%| E|CS|TAMS 0x0000000764c00000| PB 0x0000000764c00000| Complete 
| 785|0x0000000764e00000, 0x0000000765000000, 0x0000000765000000|100%| E|CS|TAMS 0x0000000764e00000| PB 0x0000000764e00000| Complete 
| 786|0x0000000765000000, 0x0000000765200000, 0x0000000765200000|100%| E|CS|TAMS 0x0000000765000000| PB 0x0000000765000000| Complete 
| 787|0x0000000765200000, 0x0000000765400000, 0x0000000765400000|100%| E|CS|TAMS 0x0000000765200000| PB 0x0000000765200000| Complete 
| 788|0x0000000765400000, 0x0000000765600000, 0x0000000765600000|100%| E|CS|TAMS 0x0000000765400000| PB 0x0000000765400000| Complete 
| 789|0x0000000765600000, 0x0000000765800000, 0x0000000765800000|100%| E|CS|TAMS 0x0000000765600000| PB 0x0000000765600000| Complete 
| 790|0x0000000765800000, 0x0000000765a00000, 0x0000000765a00000|100%| E|CS|TAMS 0x0000000765800000| PB 0x0000000765800000| Complete 
| 791|0x0000000765a00000, 0x0000000765c00000, 0x0000000765c00000|100%| E|CS|TAMS 0x0000000765a00000| PB 0x0000000765a00000| Complete 
| 792|0x0000000765c00000, 0x0000000765e00000, 0x0000000765e00000|100%| E|CS|TAMS 0x0000000765c00000| PB 0x0000000765c00000| Complete 
| 793|0x0000000765e00000, 0x0000000766000000, 0x0000000766000000|100%| E|CS|TAMS 0x0000000765e00000| PB 0x0000000765e00000| Complete 
| 794|0x0000000766000000, 0x0000000766200000, 0x0000000766200000|100%| E|CS|TAMS 0x0000000766000000| PB 0x0000000766000000| Complete 
| 795|0x0000000766200000, 0x0000000766400000, 0x0000000766400000|100%| E|CS|TAMS 0x0000000766200000| PB 0x0000000766200000| Complete 
| 796|0x0000000766400000, 0x0000000766600000, 0x0000000766600000|100%| E|CS|TAMS 0x0000000766400000| PB 0x0000000766400000| Complete 
| 797|0x0000000766600000, 0x0000000766800000, 0x0000000766800000|100%| E|CS|TAMS 0x0000000766600000| PB 0x0000000766600000| Complete 
| 798|0x0000000766800000, 0x0000000766a00000, 0x0000000766a00000|100%| E|CS|TAMS 0x0000000766800000| PB 0x0000000766800000| Complete 

Card table byte_map: [0x000001b430120000,0x000001b430910000] _byte_map_base: 0x000001b42c90a000

Marking Bits: (CMBitMap*) 0x000001b415fa2960
 Bits: [0x000001b430910000, 0x000001b434860000)

Polling page: 0x000001b415c60000

Metaspace:

Usage:
  Non-class:      3.39 MB used.
      Class:    367.98 KB used.
       Both:      3.75 MB used.

Virtual space:
  Non-class space:       64.00 MB reserved,       3.56 MB (  6%) committed,  1 nodes.
      Class space:        1.00 GB reserved,     512.00 KB ( <1%) committed,  1 nodes.
             Both:        1.06 GB reserved,       4.06 MB ( <1%) committed. 

Chunk freelists:
   Non-Class:  11.20 MB
       Class:  15.53 MB
        Both:  26.73 MB

MaxMetaspaceSize: unlimited
CompressedClassSpaceSize: 1.00 GB
Initial GC threshold: 21.00 MB
Current GC threshold: 21.00 MB
CDS: on
 - commit_granule_bytes: 65536.
 - commit_granule_words: 8192.
 - virtual_space_node_default_size: 8388608.
 - enlarge_chunks_in_place: 1.
 - use_allocation_guard: 0.


Internal statistics:

num_allocs_failed_limit: 0.
num_arena_births: 324.
num_arena_deaths: 0.
num_vsnodes_births: 2.
num_vsnodes_deaths: 0.
num_space_committed: 65.
num_space_uncommitted: 0.
num_chunks_returned_to_freelist: 0.
num_chunks_taken_from_freelist: 488.
num_chunk_merges: 0.
num_chunk_splits: 260.
num_chunks_enlarged: 54.
num_inconsistent_stats: 0.

CodeHeap 'non-profiled nmethods': size=119168Kb used=2536Kb max_used=2536Kb free=116631Kb
 bounds [0x000001b427510000, 0x000001b427790000, 0x000001b42e970000]
CodeHeap 'profiled nmethods': size=119104Kb used=4262Kb max_used=4262Kb free=114842Kb
 bounds [0x000001b41f970000, 0x000001b41fda0000, 0x000001b426dc0000]
CodeHeap 'non-nmethods': size=7488Kb used=1374Kb max_used=3109Kb free=6113Kb
 bounds [0x000001b426dc0000, 0x000001b4270e0000, 0x000001b427510000]
 total_blobs=2945 nmethods=2468 adapters=382
 compilation: enabled
              stopped_count=0, restarted_count=0
 full_count=0

Compilation events (20 events):
Event: 3884.157 Thread 0x000001b437a39ae0 2463       4       java.io.PrintStream::print (9 bytes)
Event: 3884.162 Thread 0x000001b437a39ae0 nmethod 2463 0x000001b427787310 code [0x000001b4277874a0, 0x000001b427787578]
Event: 3902.158 Thread 0x000001b437a39ae0 2464       4       game.integration_project1_zaroc.model.ai.HeadlessArena$BoardSnapshot::<init> (15 bytes)
Event: 3902.162 Thread 0x000001b437a39ae0 nmethod 2464 0x000001b427787690 code [0x000001b427787820, 0x000001b427787990]
Event: 3913.566 Thread 0x000001b437a39ae0 2465       4       jdk.internal.module.ModuleReferenceImpl::hashCode (56 bytes)
Event: 3913.567 Thread 0x000001b437a39ae0 nmethod 2465 0x000001b427787a10 code [0x000001b427787ba0, 0x000001b427787c48]
Event: 3983.217 Thread 0x000001b437a39ae0 2466       4       sun.nio.fs.WindowsFileAttributes::isDirectory (25 bytes)
Event: 3983.218 Thread 0x000001b437a39ae0 nmethod 2466 0x000001b427787d10 code [0x000001b427787ea0, 0x000001b427787f60]
Event: 4017.664 Thread 0x000001b437a3af60 2467       3       java.io.OutputStreamWriter::close (8 bytes)
Event: 4017.671 Thread 0x000001b437a3af60 nmethod 2467 0x000001b41fd98e90 code [0x000001b41fd99040, 0x000001b41fd99188]
Event: 4108.521 Thread 0x000001b437a39ae0 2468       4       java.util.Optional::orElse (16 bytes)
Event: 4108.522 Thread 0x000001b437a39ae0 nmethod 2468 0x000001b427788010 code [0x000001b4277881a0, 0x000001b427788240]
Event: 4170.347 Thread 0x000001b437a3af60 2469   !   3       java.io.PrintWriter::implClose (29 bytes)
Event: 4170.351 Thread 0x000001b437a3af60 nmethod 2469 0x000001b41fd99290 code [0x000001b41fd99440, 0x000001b41fd99700]
Event: 4282.934 Thread 0x000001b437a39ae0 2470       4       java.util.Optional::of (12 bytes)
Event: 4282.938 Thread 0x000001b437a39ae0 nmethod 2470 0x000001b427788310 code [0x000001b4277884a0, 0x000001b427788618]
Event: 4307.992 Thread 0x000001b437a39ae0 2471       4       game.integration_project1_zaroc.model.boardinfo.Board::setupStart (111 bytes)
Event: 4308.051 Thread 0x000001b437a39ae0 nmethod 2471 0x000001b427788710 code [0x000001b427788920, 0x000001b427789958]
Event: 4848.693 Thread 0x000001b437a39ae0 2472       4       sun.nio.fs.WindowsFileAttributes::isReparsePoint (14 bytes)
Event: 4848.695 Thread 0x000001b437a39ae0 nmethod 2472 0x000001b427789f10 code [0x000001b42778a080, 0x000001b42778a0f0]

GC Heap History (20 events):
Event: 4978.098 GC heap before
{Heap before GC invocations=48134 (full 0):
 garbage-first heap   total 1636352K, used 1088890K [0x0000000702c00000, 0x0000000800000000)
  region size 2048K, 479 young (980992K), 3 survivors (6144K)
 Metaspace       used 3836K, committed 4160K, reserved 1114112K
  class space    used 366K, committed 512K, reserved 1048576K
}
Event: 4978.099 GC heap after
{Heap after GC invocations=48135 (full 0):
 garbage-first heap   total 1636352K, used 112318K [0x0000000702c00000, 0x0000000800000000)
  region size 2048K, 1 young (2048K), 1 survivors (2048K)
 Metaspace       used 3836K, committed 4160K, reserved 1114112K
  class space    used 366K, committed 512K, reserved 1048576K
}
Event: 4978.181 GC heap before
{Heap before GC invocations=48135 (full 0):
 garbage-first heap   total 1636352K, used 1091262K [0x0000000702c00000, 0x0000000800000000)
  region size 2048K, 479 young (980992K), 1 survivors (2048K)
 Metaspace       used 3836K, committed 4160K, reserved 1114112K
  class space    used 366K, committed 512K, reserved 1048576K
}
Event: 4978.183 GC heap after
{Heap after GC invocations=48136 (full 0):
 garbage-first heap   total 1636352K, used 115478K [0x0000000702c00000, 0x0000000800000000)
  region size 2048K, 3 young (6144K), 3 survivors (6144K)
 Metaspace       used 3836K, committed 4160K, reserved 1114112K
  class space    used 366K, committed 512K, reserved 1048576K
}
Event: 4978.330 GC heap before
{Heap before GC invocations=48136 (full 0):
 garbage-first heap   total 1636352K, used 1088278K [0x0000000702c00000, 0x0000000800000000)
  region size 2048K, 479 young (980992K), 3 survivors (6144K)
 Metaspace       used 3836K, committed 4160K, reserved 1114112K
  class space    used 366K, committed 512K, reserved 1048576K
}
Event: 4978.331 GC heap after
{Heap after GC invocations=48137 (full 0):
 garbage-first heap   total 1636352K, used 112023K [0x0000000702c00000, 0x0000000800000000)
  region size 2048K, 1 young (2048K), 1 survivors (2048K)
 Metaspace       used 3836K, committed 4160K, reserved 1114112K
  class space    used 366K, committed 512K, reserved 1048576K
}
Event: 4978.411 GC heap before
{Heap before GC invocations=48137 (full 0):
 garbage-first heap   total 1636352K, used 1088919K [0x0000000702c00000, 0x0000000800000000)
  region size 2048K, 479 young (980992K), 1 survivors (2048K)
 Metaspace       used 3836K, committed 4160K, reserved 1114112K
  class space    used 366K, committed 512K, reserved 1048576K
}
Event: 4978.413 GC heap after
{Heap after GC invocations=48138 (full 0):
 garbage-first heap   total 1636352K, used 115196K [0x0000000702c00000, 0x0000000800000000)
  region size 2048K, 3 young (6144K), 3 survivors (6144K)
 Metaspace       used 3836K, committed 4160K, reserved 1114112K
  class space    used 366K, committed 512K, reserved 1048576K
}
Event: 4978.554 GC heap before
{Heap before GC invocations=48138 (full 0):
 garbage-first heap   total 1636352K, used 1087996K [0x0000000702c00000, 0x0000000800000000)
  region size 2048K, 479 young (980992K), 3 survivors (6144K)
 Metaspace       used 3836K, committed 4160K, reserved 1114112K
  class space    used 366K, committed 512K, reserved 1048576K
}
Event: 4978.555 GC heap after
{Heap after GC invocations=48139 (full 0):
 garbage-first heap   total 1636352K, used 111891K [0x0000000702c00000, 0x0000000800000000)
  region size 2048K, 1 young (2048K), 1 survivors (2048K)
 Metaspace       used 3836K, committed 4160K, reserved 1114112K
  class space    used 366K, committed 512K, reserved 1048576K
}
Event: 4985.698 GC heap before
{Heap before GC invocations=48139 (full 0):
 garbage-first heap   total 1636352K, used 1088787K [0x0000000702c00000, 0x0000000800000000)
  region size 2048K, 479 young (980992K), 1 survivors (2048K)
 Metaspace       used 3837K, committed 4160K, reserved 1114112K
  class space    used 366K, committed 512K, reserved 1048576K
}
Event: 4985.701 GC heap after
{Heap after GC invocations=48140 (full 0):
 garbage-first heap   total 1636352K, used 114108K [0x0000000702c00000, 0x0000000800000000)
  region size 2048K, 2 young (4096K), 2 survivors (4096K)
 Metaspace       used 3837K, committed 4160K, reserved 1114112K
  class space    used 366K, committed 512K, reserved 1048576K
}
Event: 4986.834 GC heap before
{Heap before GC invocations=48140 (full 0):
 garbage-first heap   total 1636352K, used 1088956K [0x0000000702c00000, 0x0000000800000000)
  region size 2048K, 479 young (980992K), 2 survivors (4096K)
 Metaspace       used 3841K, committed 4160K, reserved 1114112K
  class space    used 367K, committed 512K, reserved 1048576K
}
Event: 4986.837 GC heap after
{Heap after GC invocations=48141 (full 0):
 garbage-first heap   total 1636352K, used 112447K [0x0000000702c00000, 0x0000000800000000)
  region size 2048K, 1 young (2048K), 1 survivors (2048K)
 Metaspace       used 3841K, committed 4160K, reserved 1114112K
  class space    used 367K, committed 512K, reserved 1048576K
}
Event: 4986.970 GC heap before
{Heap before GC invocations=48141 (full 0):
 garbage-first heap   total 1636352K, used 1091391K [0x0000000702c00000, 0x0000000800000000)
  region size 2048K, 479 young (980992K), 1 survivors (2048K)
 Metaspace       used 3841K, committed 4160K, reserved 1114112K
  class space    used 367K, committed 512K, reserved 1048576K
}
Event: 4986.972 GC heap after
{Heap after GC invocations=48142 (full 0):
 garbage-first heap   total 1636352K, used 111905K [0x0000000702c00000, 0x0000000800000000)
  region size 2048K, 1 young (2048K), 1 survivors (2048K)
 Metaspace       used 3841K, committed 4160K, reserved 1114112K
  class space    used 367K, committed 512K, reserved 1048576K
}
Event: 4987.054 GC heap before
{Heap before GC invocations=48142 (full 0):
 garbage-first heap   total 1636352K, used 1090849K [0x0000000702c00000, 0x0000000800000000)
  region size 2048K, 479 young (980992K), 1 survivors (2048K)
 Metaspace       used 3841K, committed 4160K, reserved 1114112K
  class space    used 367K, committed 512K, reserved 1048576K
}
Event: 4987.056 GC heap after
{Heap after GC invocations=48143 (full 0):
 garbage-first heap   total 1636352K, used 114795K [0x0000000702c00000, 0x0000000800000000)
  region size 2048K, 3 young (6144K), 3 survivors (6144K)
 Metaspace       used 3841K, committed 4160K, reserved 1114112K
  class space    used 367K, committed 512K, reserved 1048576K
}
Event: 4988.129 GC heap before
{Heap before GC invocations=48143 (full 0):
 garbage-first heap   total 1636352K, used 1089643K [0x0000000702c00000, 0x0000000800000000)
  region size 2048K, 479 young (980992K), 3 survivors (6144K)
 Metaspace       used 3841K, committed 4160K, reserved 1114112K
  class space    used 367K, committed 512K, reserved 1048576K
}
Event: 4988.131 GC heap after
{Heap after GC invocations=48144 (full 0):
 garbage-first heap   total 1636352K, used 113624K [0x0000000702c00000, 0x0000000800000000)
  region size 2048K, 2 young (4096K), 2 survivors (4096K)
 Metaspace       used 3841K, committed 4160K, reserved 1114112K
  class space    used 367K, committed 512K, reserved 1048576K
}

Dll operation events (10 events):
Event: 0.007 Loaded shared library C:\Program Files\Java\jdk-21\bin\java.dll
Event: 0.033 Loaded shared library C:\Program Files\Java\jdk-21\bin\jsvml.dll
Event: 0.061 Loaded shared library C:\Program Files\Java\jdk-21\bin\net.dll
Event: 0.062 Loaded shared library C:\Program Files\Java\jdk-21\bin\nio.dll
Event: 0.066 Loaded shared library C:\Program Files\Java\jdk-21\bin\zip.dll
Event: 0.213 Loaded shared library C:\Program Files\Java\jdk-21\bin\zip.dll
Event: 0.216 Loaded shared library C:\Program Files\Java\jdk-21\bin\instrument.dll
Event: 0.263 Loaded shared library C:\Program Files\Java\jdk-21\bin\jimage.dll
Event: 0.416 Loaded shared library C:\Users\aless\AppData\Local\Temp\onnxruntime-java3576046314701000493\onnxruntime.dll
Event: 0.421 Loaded shared library C:\Users\aless\AppData\Local\Temp\onnxruntime-java3576046314701000493\onnxruntime4j_jni.dll

Deoptimization events (20 events):
Event: 1364.581 Thread 0x000001b770560450 Uncommon trap: trap_request=0xffffff45 fr.pc=0x000001b4275d2fc4 relative=0x0000000000000524
Event: 1364.581 Thread 0x000001b770560450 Uncommon trap: reason=unstable_if action=reinterpret pc=0x000001b4275d2fc4 method=java.util.Random.nextInt(I)I @ 58 c2
Event: 1364.581 Thread 0x000001b770560450 DEOPT PACKING pc=0x000001b4275d2fc4 sp=0x0000000d7d5fee40
Event: 1364.581 Thread 0x000001b770560450 DEOPT UNPACKING pc=0x000001b426e146a2 sp=0x0000000d7d5fed58 mode 2
Event: 1450.022 Thread 0x000001b415aa7f00 Uncommon trap: trap_request=0xffffff45 fr.pc=0x000001b4277203cc relative=0x000000000000164c
Event: 1450.022 Thread 0x000001b415aa7f00 Uncommon trap: reason=unstable_if action=reinterpret pc=0x000001b4277203cc method=java.util.TimSort.mergeLo(IIII)V @ 105 c2
Event: 1450.022 Thread 0x000001b415aa7f00 DEOPT PACKING pc=0x000001b4277203cc sp=0x0000000d7beff080
Event: 1450.022 Thread 0x000001b415aa7f00 DEOPT UNPACKING pc=0x000001b426e146a2 sp=0x0000000d7beff048 mode 2
Event: 1843.887 Thread 0x000001b415aa7f00 Uncommon trap: trap_request=0xffffff45 fr.pc=0x000001b4276da244 relative=0x0000000000000644
Event: 1843.888 Thread 0x000001b415aa7f00 Uncommon trap: reason=unstable_if action=reinterpret pc=0x000001b4276da244 method=java.util.concurrent.FutureTask.awaitDone(ZJ)I @ 23 c2
Event: 1843.889 Thread 0x000001b415aa7f00 DEOPT PACKING pc=0x000001b4276da244 sp=0x0000000d7beff080
Event: 1843.889 Thread 0x000001b415aa7f00 DEOPT UNPACKING pc=0x000001b426e146a2 sp=0x0000000d7befeff8 mode 2
Event: 2420.307 Thread 0x000001b415aa7f00 Uncommon trap: trap_request=0xffffff45 fr.pc=0x000001b427749e4c relative=0x000000000000038c
Event: 2420.309 Thread 0x000001b415aa7f00 Uncommon trap: reason=unstable_if action=reinterpret pc=0x000001b427749e4c method=java.util.HashMap.valuesToArray([Ljava/lang/Object;)[Ljava/lang/Object; @ 9 c2
Event: 2420.310 Thread 0x000001b415aa7f00 DEOPT PACKING pc=0x000001b427749e4c sp=0x0000000d7beff060
Event: 2420.311 Thread 0x000001b415aa7f00 DEOPT UNPACKING pc=0x000001b426e146a2 sp=0x0000000d7befefa8 mode 2
Event: 2420.311 Thread 0x000001b415aa7f00 Uncommon trap: trap_request=0xffffff45 fr.pc=0x000001b4276ce428 relative=0x0000000000002d68
Event: 2420.312 Thread 0x000001b415aa7f00 Uncommon trap: reason=unstable_if action=reinterpret pc=0x000001b4276ce428 method=java.util.ArrayList.<init>(Ljava/util/Collection;)V @ 18 c2
Event: 2420.313 Thread 0x000001b415aa7f00 DEOPT PACKING pc=0x000001b4276ce428 sp=0x0000000d7beff0e0
Event: 2420.313 Thread 0x000001b415aa7f00 DEOPT UNPACKING pc=0x000001b426e146a2 sp=0x0000000d7beff040 mode 2

Classes loaded (20 events):
Event: 0.545 Loading class java/util/stream/MatchOps$1MatchSink
Event: 0.545 Loading class java/util/stream/MatchOps$1MatchSink done
Event: 0.563 Loading class java/util/stream/ReduceOps$2
Event: 0.563 Loading class java/util/stream/ReduceOps$2 done
Event: 0.563 Loading class java/util/stream/ReduceOps$2ReducingSink
Event: 0.563 Loading class java/util/stream/ReduceOps$2ReducingSink done
Event: 1.415 Loading class java/lang/InterruptedException
Event: 1.415 Loading class java/lang/InterruptedException done
Event: 1.498 Loading class java/lang/foreign/MemorySegment
Event: 1.498 Loading class java/lang/foreign/MemorySegment done
Event: 2.718 Loading class jdk/internal/foreign/MemorySessionImpl
Event: 2.718 Loading class java/lang/foreign/MemorySegment$Scope
Event: 2.718 Loading class java/lang/foreign/MemorySegment$Scope done
Event: 2.718 Loading class jdk/internal/foreign/MemorySessionImpl done
Event: 7.609 Loading class java/io/PrintWriter
Event: 7.609 Loading class java/io/PrintWriter done
Event: 7.610 Loading class java/io/PrintWriter$1
Event: 7.610 Loading class jdk/internal/access/JavaIOPrintWriterAccess
Event: 7.610 Loading class jdk/internal/access/JavaIOPrintWriterAccess done
Event: 7.610 Loading class java/io/PrintWriter$1 done

Classes unloaded (0 events):
No events

Classes redefined (0 events):
No events

Internal exceptions (20 events):
Event: 4.102 Thread 0x000001b415aa7f00 Exception <a 'java/lang/ClassCastException'{0x000000071d61f6a0}> (0x000000071d61f6a0) 
thrown [s\open\src\hotspot\share\runtime\sharedRuntime.cpp, line 625]
Event: 4.102 Thread 0x000001b415aa7f00 Exception <a 'java/lang/ClassCastException'{0x000000071d622a80}> (0x000000071d622a80) 
thrown [s\open\src\hotspot\share\runtime\sharedRuntime.cpp, line 625]
Event: 4.102 Thread 0x000001b415aa7f00 Exception <a 'java/lang/ClassCastException'{0x000000071d625e98}> (0x000000071d625e98) 
thrown [s\open\src\hotspot\share\runtime\sharedRuntime.cpp, line 625]
Event: 4.103 Thread 0x000001b415aa7f00 Exception <a 'java/lang/ClassCastException'{0x000000071d629278}> (0x000000071d629278) 
thrown [s\open\src\hotspot\share\runtime\sharedRuntime.cpp, line 625]
Event: 4.103 Thread 0x000001b415aa7f00 Exception <a 'java/lang/ClassCastException'{0x000000071d62c658}> (0x000000071d62c658) 
thrown [s\open\src\hotspot\share\runtime\sharedRuntime.cpp, line 625]
Event: 4.103 Thread 0x000001b415aa7f00 Exception <a 'java/lang/ClassCastException'{0x000000071d62fc88}> (0x000000071d62fc88) 
thrown [s\open\src\hotspot\share\runtime\sharedRuntime.cpp, line 625]
Event: 4.103 Thread 0x000001b415aa7f00 Exception <a 'java/lang/ClassCastException'{0x000000071d633068}> (0x000000071d633068) 
thrown [s\open\src\hotspot\share\runtime\sharedRuntime.cpp, line 625]
Event: 4.103 Thread 0x000001b415aa7f00 Exception <a 'java/lang/ClassCastException'{0x000000071d636448}> (0x000000071d636448) 
thrown [s\open\src\hotspot\share\runtime\sharedRuntime.cpp, line 625]
Event: 4.103 Thread 0x000001b415aa7f00 Exception <a 'java/lang/ClassCastException'{0x000000071d639860}> (0x000000071d639860) 
thrown [s\open\src\hotspot\share\runtime\sharedRuntime.cpp, line 625]
Event: 4.103 Thread 0x000001b415aa7f00 Exception <a 'java/lang/ClassCastException'{0x000000071d63cc78}> (0x000000071d63cc78) 
thrown [s\open\src\hotspot\share\runtime\sharedRuntime.cpp, line 625]
Event: 4.104 Thread 0x000001b415aa7f00 Exception <a 'java/lang/ClassCastException'{0x000000071d6402e0}> (0x000000071d6402e0) 
thrown [s\open\src\hotspot\share\runtime\sharedRuntime.cpp, line 625]
Event: 4.104 Thread 0x000001b415aa7f00 Exception <a 'java/lang/ClassCastException'{0x000000071d6436f8}> (0x000000071d6436f8) 
thrown [s\open\src\hotspot\share\runtime\sharedRuntime.cpp, line 625]
Event: 4.104 Thread 0x000001b415aa7f00 Exception <a 'java/lang/ClassCastException'{0x000000071d646b10}> (0x000000071d646b10) 
thrown [s\open\src\hotspot\share\runtime\sharedRuntime.cpp, line 625]
Event: 4.104 Thread 0x000001b415aa7f00 Exception <a 'java/lang/ClassCastException'{0x000000071d649f28}> (0x000000071d649f28) 
thrown [s\open\src\hotspot\share\runtime\sharedRuntime.cpp, line 625]
Event: 4.104 Thread 0x000001b415aa7f00 Exception <a 'java/lang/ClassCastException'{0x000000071d64d590}> (0x000000071d64d590) 
thrown [s\open\src\hotspot\share\runtime\sharedRuntime.cpp, line 625]
Event: 4.104 Thread 0x000001b415aa7f00 Exception <a 'java/lang/ClassCastException'{0x000000071d6509a8}> (0x000000071d6509a8) 
thrown [s\open\src\hotspot\share\runtime\sharedRuntime.cpp, line 625]
Event: 4.104 Thread 0x000001b415aa7f00 Exception <a 'java/lang/ClassCastException'{0x000000071d653dc0}> (0x000000071d653dc0) 
thrown [s\open\src\hotspot\share\runtime\sharedRuntime.cpp, line 625]
Event: 7.639 Thread 0x000001b415aa7f00 Implicit null exception at 0x000001b4275bf509 to 0x000001b4275c4f64
Event: 10.078 Thread 0x000001b415aa7f00 Implicit null exception at 0x000001b427644220 to 0x000001b427645d68
Event: 4985.789 Thread 0x000001bf606384f0 Exception <a 'ai/onnxruntime/OrtException'{0x000000072aa2b700}> (0x000000072aa2b700) 
thrown [s\open\src\hotspot\share\prims\jni.cpp, line 520]

ZGC Phase Switch (0 events):
No events

VM Operations (20 events):
Event: 4978.098 Executing VM operation: G1CollectForAllocation (G1 Evacuation Pause)
Event: 4978.099 Executing VM operation: G1CollectForAllocation (G1 Evacuation Pause) done
Event: 4978.181 Executing VM operation: G1CollectForAllocation (G1 Evacuation Pause)
Event: 4978.183 Executing VM operation: G1CollectForAllocation (G1 Evacuation Pause) done
Event: 4978.330 Executing VM operation: G1CollectForAllocation (G1 Evacuation Pause)
Event: 4978.331 Executing VM operation: G1CollectForAllocation (G1 Evacuation Pause) done
Event: 4978.411 Executing VM operation: G1CollectForAllocation (G1 Evacuation Pause)
Event: 4978.413 Executing VM operation: G1CollectForAllocation (G1 Evacuation Pause) done
Event: 4978.554 Executing VM operation: G1CollectForAllocation (G1 Evacuation Pause)
Event: 4978.555 Executing VM operation: G1CollectForAllocation (G1 Evacuation Pause) done
Event: 4985.697 Executing VM operation: G1CollectForAllocation (G1 Evacuation Pause)
Event: 4985.701 Executing VM operation: G1CollectForAllocation (G1 Evacuation Pause) done
Event: 4985.837 Executing VM operation: G1CollectForAllocation (G1 Evacuation Pause)
Event: 4986.837 Executing VM operation: G1CollectForAllocation (G1 Evacuation Pause) done
Event: 4986.970 Executing VM operation: G1CollectForAllocation (G1 Evacuation Pause)
Event: 4986.972 Executing VM operation: G1CollectForAllocation (G1 Evacuation Pause) done
Event: 4987.054 Executing VM operation: G1CollectForAllocation (G1 Evacuation Pause)
Event: 4987.056 Executing VM operation: G1CollectForAllocation (G1 Evacuation Pause) done
Event: 4988.129 Executing VM operation: G1CollectForAllocation (G1 Evacuation Pause)
Event: 4988.131 Executing VM operation: G1CollectForAllocation (G1 Evacuation Pause) done

Events (20 events):
Event: 4988.207 Thread 0x000001bf6063ac50 Thread added: 0x000001bf6063ac50
Event: 4988.207 Thread 0x000001bf6063b2e0 Thread added: 0x000001bf6063b2e0
Event: 4988.207 Thread 0x000001bf60639210 Thread added: 0x000001bf60639210
Event: 4988.207 Thread 0x000001bf606398a0 Thread added: 0x000001bf606398a0
Event: 4988.269 Thread 0x000001bf606384f0 Thread exited: 0x000001bf606384f0
Event: 4988.269 Thread 0x000001bf60635d90 Thread exited: 0x000001bf60635d90
Event: 4988.270 Thread 0x000001bf60635070 Thread exited: 0x000001bf60635070
Event: 4988.270 Thread 0x000001bf60639210 Thread exited: 0x000001bf60639210
Event: 4988.270 Thread 0x000001bf60639f30 Thread exited: 0x000001bf60639f30
Event: 4988.270 Thread 0x000001bf60636ab0 Thread exited: 0x000001bf60636ab0
Event: 4988.270 Thread 0x000001bf60637140 Thread exited: 0x000001bf60637140
Event: 4988.270 Thread 0x000001bf606377d0 Thread exited: 0x000001bf606377d0
Event: 4988.270 Thread 0x000001bf6063a5c0 Thread exited: 0x000001bf6063a5c0
Event: 4988.270 Thread 0x000001bf60638b80 Thread exited: 0x000001bf60638b80
Event: 4988.270 Thread 0x000001bf60635700 Thread exited: 0x000001bf60635700
Event: 4988.270 Thread 0x000001bf60637e60 Thread exited: 0x000001bf60637e60
Event: 4988.270 Thread 0x000001bf60636420 Thread exited: 0x000001bf60636420
Event: 4988.270 Thread 0x000001bf6063b2e0 Thread exited: 0x000001bf6063b2e0
Event: 4988.270 Thread 0x000001bf6063ac50 Thread exited: 0x000001bf6063ac50
Event: 4988.270 Thread 0x000001bf606398a0 Thread exited: 0x000001bf606398a0


Dynamic libraries:
0x00007ff647440000 - 0x00007ff647450000 	C:\Program Files\Java\jdk-21\bin\java.exe
0x00007ffe96580000 - 0x00007ffe967e7000 	C:\Windows\SYSTEM32\ntdll.dll
0x00007ffe94ff0000 - 0x00007ffe950b9000 	C:\Windows\System32\KERNEL32.DLL
0x00007ffe92f00000 - 0x00007ffe932f4000 	C:\Windows\System32\KERNELBASE.dll
0x00007ffe93300000 - 0x00007ffe9344b000 	C:\Windows\System32\ucrtbase.dll
0x00007ffe89450000 - 0x00007ffe8946b000 	C:\Program Files\Java\jdk-21\bin\VCRUNTIME140.dll
0x00007ffe8ac60000 - 0x00007ffe8ac79000 	C:\Program Files\Java\jdk-21\bin\jli.dll
0x00007ffe95130000 - 0x00007ffe951e6000 	C:\Windows\System32\ADVAPI32.dll
0x00007ffe95fa0000 - 0x00007ffe96049000 	C:\Windows\System32\msvcrt.dll
0x00007ffe943b0000 - 0x00007ffe94457000 	C:\Windows\System32\sechost.dll
0x00007ffe96420000 - 0x00007ffe96538000 	C:\Windows\System32\RPCRT4.dll
0x00007ffe94950000 - 0x00007ffe94b15000 	C:\Windows\System32\USER32.dll
0x00007ffe79440000 - 0x00007ffe796d3000 	C:\Windows\WinSxS\amd64_microsoft.windows.common-controls_6595b64144ccf1df_6.0.26100.8115_none_3e075c82e3354f9c\COMCTL32.dll
0x00007ffe93450000 - 0x00007ffe93477000 	C:\Windows\System32\win32u.dll
0x00007ffe953b0000 - 0x00007ffe953db000 	C:\Windows\System32\GDI32.dll
0x00007ffe94130000 - 0x00007ffe9425b000 	C:\Windows\System32\gdi32full.dll
0x00007ffe92e50000 - 0x00007ffe92ef3000 	C:\Windows\System32\msvcp_win.dll
0x00007ffe8c600000 - 0x00007ffe8c60b000 	C:\Windows\SYSTEM32\VERSION.dll
0x00007ffe94b20000 - 0x00007ffe94b52000 	C:\Windows\System32\IMM32.DLL
0x00007ffe90230000 - 0x00007ffe9023c000 	C:\Program Files\Java\jdk-21\bin\vcruntime140_1.dll
0x00007ffe70390000 - 0x00007ffe7041e000 	C:\Program Files\Java\jdk-21\bin\msvcp140.dll
0x00007ffe213a0000 - 0x00007ffe220b3000 	C:\Program Files\Java\jdk-21\bin\server\jvm.dll
0x00007ffe95e30000 - 0x00007ffe95eb0000 	C:\Windows\System32\WS2_32.dll
0x00007ffe92cb0000 - 0x00007ffe92d0e000 	C:\Windows\SYSTEM32\POWRPROF.dll
0x00007ffe7ece0000 - 0x00007ffe7ed16000 	C:\Windows\SYSTEM32\WINMM.dll
0x00007ffe92c90000 - 0x00007ffe92ca4000 	C:\Windows\SYSTEM32\UMPDC.dll
0x00007ffe91bb0000 - 0x00007ffe91bcb000 	C:\Windows\SYSTEM32\kernel.appcore.dll
0x00007ffe8d020000 - 0x00007ffe8d02a000 	C:\Program Files\Java\jdk-21\bin\jimage.dll
0x00007ffe90de0000 - 0x00007ffe91022000 	C:\Windows\SYSTEM32\DBGHELP.DLL
0x00007ffe94460000 - 0x00007ffe947e2000 	C:\Windows\System32\combase.dll
0x00007ffe95ec0000 - 0x00007ffe95f98000 	C:\Windows\System32\OLEAUT32.dll
0x00007ffe6ca90000 - 0x00007ffe6cacb000 	C:\Windows\SYSTEM32\dbgcore.DLL
0x00007ffe94260000 - 0x00007ffe94305000 	C:\Windows\System32\bcryptPrimitives.dll
0x00007ffe8b0b0000 - 0x00007ffe8b0bf000 	C:\Program Files\Java\jdk-21\bin\instrument.dll
0x00007ffe89430000 - 0x00007ffe8944f000 	C:\Program Files\Java\jdk-21\bin\java.dll
0x00007ffe956a0000 - 0x00007ffe95e07000 	C:\Windows\System32\SHELL32.dll
0x00007ffe936c0000 - 0x00007ffe9382a000 	C:\Windows\System32\wintypes.dll
0x00007ffe93830000 - 0x00007ffe94098000 	C:\Windows\System32\windows.storage.dll
0x00007ffe951f0000 - 0x00007ffe952e8000 	C:\Windows\System32\SHCORE.dll
0x00007ffe94310000 - 0x00007ffe94376000 	C:\Windows\System32\shlwapi.dll
0x00007ffe92d70000 - 0x00007ffe92d99000 	C:\Windows\SYSTEM32\profapi.dll
0x00007ffe702b0000 - 0x00007ffe70387000 	C:\Program Files\Java\jdk-21\bin\jsvml.dll
0x00007ffe8ace0000 - 0x00007ffe8acf0000 	C:\Program Files\Java\jdk-21\bin\net.dll
0x00007ffe8c490000 - 0x00007ffe8c5bd000 	C:\Windows\SYSTEM32\WINHTTP.dll
0x00007ffe92110000 - 0x00007ffe9217c000 	C:\Windows\system32\mswsock.dll
0x00007ffe89150000 - 0x00007ffe89166000 	C:\Program Files\Java\jdk-21\bin\nio.dll
0x00007ffe79230000 - 0x00007ffe79248000 	C:\Program Files\Java\jdk-21\bin\zip.dll
0x00007ffe92430000 - 0x00007ffe9244b000 	C:\Windows\SYSTEM32\CRYPTSP.dll
0x00007ffe91b10000 - 0x00007ffe91b49000 	C:\Windows\system32\rsaenh.dll
0x00007ffe921e0000 - 0x00007ffe92213000 	C:\Windows\SYSTEM32\USERENV.dll
0x00007ffe92d40000 - 0x00007ffe92d6a000 	C:\Windows\SYSTEM32\bcrypt.dll
0x00007ffe92450000 - 0x00007ffe9245c000 	C:\Windows\SYSTEM32\CRYPTBASE.dll
0x00007ffe91580000 - 0x00007ffe915b2000 	C:\Windows\SYSTEM32\IPHLPAPI.DLL
0x00007ffe95e20000 - 0x00007ffe95e2a000 	C:\Windows\System32\NSI.dll
0x00007ffde4b60000 - 0x00007ffde55f7000 	C:\Users\aless\AppData\Local\Temp\onnxruntime-java3576046314701000493\onnxruntime.dll
0x00007ffe71c30000 - 0x00007ffe71c47000 	C:\Users\aless\AppData\Local\Temp\onnxruntime-java3576046314701000493\onnxruntime4j_jni.dll

dbghelp: loaded successfully - version: 4.0.5 - missing functions: none
symbol engine: initialized successfully - sym options: 0x614 - pdb path: .;C:\Program Files\Java\jdk-21\bin;C:\Windows\SYSTEM32;C:\Windows\WinSxS\amd64_microsoft.windows.common-controls_6595b64144ccf1df_6.0.26100.8115_none_3e075c82e3354f9c;C:\Program Files\Java\jdk-21\bin\server;C:\Users\aless\AppData\Local\Temp\onnxruntime-java3576046314701000493

VM Arguments:
jvm_args: -javaagent:C:\Program Files\JetBrains\IntelliJ IDEA 2025.2.1\lib\idea_rt.jar=59934 -Dfile.encoding=UTF-8 -Dsun.stdout.encoding=UTF-8 -Dsun.stderr.encoding=UTF-8 --module-path=C:\Users\aless\.m2\repository\org\openjfx\javafx-base\21.0.6\javafx-base-21.0.6-win.jar;C:\Users\aless\.m2\repository\org\openjfx\javafx-graphics\21.0.6\javafx-graphics-21.0.6-win.jar;C:\Users\aless\OneDrive\Documenten\integration1\game\integration_project1_zaroc\integration_project1_zaroc\target\classes;C:\Users\aless\.m2\repository\org\openjfx\javafx-controls\21.0.6\javafx-controls-21.0.6-win.jar;C:\Users\aless\.m2\repository\org\mindrot\jbcrypt\0.4\jbcrypt-0.4.jar;C:\Users\aless\.m2\repository\com\microsoft\onnxruntime\onnxruntime\1.17.1\onnxruntime-1.17.1.jar -Djdk.module.main=game.integration_project1_zaroc 
java_command: game.integration_project1_zaroc/game.integration_project1_zaroc.model.ai.HeadlessArena
java_class_path (initial): C:\Users\aless\.m2\repository\org\postgresql\postgresql\42.7.9\postgresql-42.7.9.jar;C:\Users\aless\.m2\repository\org\checkerframework\checker-qual\3.52.0\checker-qual-3.52.0.jar;C:\Users\aless\.m2\repository\org\openjfx\javafx-controls\21.0.6\javafx-controls-21.0.6.jar;C:\Users\aless\.m2\repository\org\openjfx\javafx-graphics\21.0.6\javafx-graphics-21.0.6.jar;C:\Users\aless\.m2\repository\org\openjfx\javafx-base\21.0.6\javafx-base-21.0.6.jar;C:\Users\aless\.m2\repository\org\openjfx\javafx-fxml\21.0.6\javafx-fxml-21.0.6.jar;C:\Users\aless\.m2\repository\org\openjfx\javafx-fxml\21.0.6\javafx-fxml-21.0.6-win.jar;C:\Users\aless\.m2\repository\org\jetbrains\annotations\13.0\annotations-13.0.jar
Launcher Type: SUN_STANDARD

[Global flags]
     intx CICompilerCount                          = 12                                        {product} {ergonomic}
     uint ConcGCThreads                            = 3                                         {product} {ergonomic}
     uint G1ConcRefinementThreads                  = 13                                        {product} {ergonomic}
   size_t G1HeapRegionSize                         = 2097152                                   {product} {ergonomic}
    uintx GCDrainStackTargetSize                   = 64                                        {product} {ergonomic}
   size_t InitialHeapSize                          = 266338304                                 {product} {ergonomic}
   size_t MarkStackSize                            = 4194304                                   {product} {ergonomic}
   size_t MaxHeapSize                              = 4248829952                                {product} {ergonomic}
   size_t MaxNewSize                               = 2548039680                                {product} {ergonomic}
   size_t MinHeapDeltaBytes                        = 2097152                                   {product} {ergonomic}
   size_t MinHeapSize                              = 8388608                                   {product} {ergonomic}
    uintx NonNMethodCodeHeapSize                   = 7602480                                {pd product} {ergonomic}
    uintx NonProfiledCodeHeapSize                  = 122027880                              {pd product} {ergonomic}
    uintx ProfiledCodeHeapSize                     = 122027880                              {pd product} {ergonomic}
    uintx ReservedCodeCacheSize                    = 251658240                              {pd product} {ergonomic}
     bool SegmentedCodeCache                       = true                                      {product} {ergonomic}
   size_t SoftMaxHeapSize                          = 4248829952                             {manageable} {ergonomic}
     bool UseCompressedOops                        = true                           {product lp64_product} {ergonomic}
     bool UseG1GC                                  = true                                      {product} {ergonomic}
     bool UseLargePagesIndividualAllocation        = false                                  {pd product} {ergonomic}

Logging:
Log output configuration:
 #0: stdout all=warning uptime,level,tags foldmultilines=false
 #1: stderr all=off uptime,level,tags foldmultilines=false

Environment Variables:
JAVA_HOME=C:\Program Files\Eclipse Adoptium\jdk-17.0.16.8-hotspot\
PATH=C:\Program Files\Common Files\Oracle\Java\javapath;C:\Program Files (x86)\Common Files\Oracle\Java\javapath;C:\Program Files\Eclipse Adoptium\jdk-17.0.16.8-hotspot\bin;C:\Windows\system32;C:\Windows;C:\Windows\System32\Wbem;C:\Windows\System32\WindowsPowerShell\v1.0\;C:\Windows\System32\OpenSSH\;C:\Program Files (x86)\NVIDIA Corporation\PhysX\Common;C:\Program Files\NVIDIA Corporation\NVIDIA NvDLISR;C:\Program Files\dotnet\;C:\Program Files\nodejs\;C:\Program Files\Git\cmd;C:\Program Files\Docker\Docker\resources\bin;C:\Users\aless\scoop\shims;C:\Users\aless\AppData\Local\Microsoft\WindowsApps;C:\Users\aless\AppData\Local\Programs\Microsoft VS Code\bin;C:\Users\aless\AppData\Roaming\npm;C:\Users\aless\AppData\Local\GitHubDesktop\bin;C:\Users\aless\AppData\Local\JetBrains\Toolbox\scripts;C:\Users\aless\arduino-cli_1.4.1_Windows_64bit;
USERNAME=aless
OS=Windows_NT
PROCESSOR_IDENTIFIER=AMD64 Family 25 Model 68 Stepping 1, AuthenticAMD
TMP=C:\Users\aless\AppData\Local\Temp
TEMP=C:\Users\aless\AppData\Local\Temp




---------------  S Y S T E M  ---------------

OS:
 Windows 11 , 64 bit Build 26100 (10.0.26100.8246)
OS uptime: 0 days 11:41 hours
Hyper-V role detected

CPU: total 16 (initial active 16) (16 cores per cpu, 2 threads per core) family 25 model 68 stepping 1 microcode 0xa404107, cx8, cmov, fxsr, ht, mmx, 3dnowpref, sse, sse2, sse3, ssse3, sse4a, sse4.1, sse4.2, popcnt, lzcnt, tsc, tscinvbit, avx, avx2, aes, erms, clmul, bmi1, bmi2, adx, sha, fma, vzeroupper, clflush, clflushopt, hv, rdtscp, rdpid, fsrm, f16c, cet_ss
Processor Information for processor 0
  Max Mhz: 3100, Current Mhz: 2469, Mhz Limit: 3100
Processor Information for processor 1
  Max Mhz: 3100, Current Mhz: 3100, Mhz Limit: 3100
Processor Information for processor 2
  Max Mhz: 3100, Current Mhz: 3100, Mhz Limit: 3100
Processor Information for processor 3
  Max Mhz: 3100, Current Mhz: 2469, Mhz Limit: 3100
Processor Information for processor 4
  Max Mhz: 3100, Current Mhz: 3100, Mhz Limit: 3100
Processor Information for processor 5
  Max Mhz: 3100, Current Mhz: 2469, Mhz Limit: 3100
Processor Information for processor 6
  Max Mhz: 3100, Current Mhz: 2469, Mhz Limit: 3100
Processor Information for processor 7
  Max Mhz: 3100, Current Mhz: 3100, Mhz Limit: 3100
Processor Information for processor 8
  Max Mhz: 3100, Current Mhz: 2469, Mhz Limit: 3100
Processor Information for processor 9
  Max Mhz: 3100, Current Mhz: 2469, Mhz Limit: 3100
Processor Information for processor 10
  Max Mhz: 3100, Current Mhz: 2469, Mhz Limit: 3100
Processor Information for processor 11
  Max Mhz: 3100, Current Mhz: 3100, Mhz Limit: 3100
Processor Information for processor 12
  Max Mhz: 3100, Current Mhz: 2469, Mhz Limit: 3100
Processor Information for processor 13
  Max Mhz: 3100, Current Mhz: 2469, Mhz Limit: 3100
Processor Information for processor 14
  Max Mhz: 3100, Current Mhz: 2469, Mhz Limit: 3100
Processor Information for processor 15
  Max Mhz: 3100, Current Mhz: 2469, Mhz Limit: 3100

Memory: 4k page, system-wide physical 16202M (440M free)
TotalPageFile size 65354M (AvailPageFile size 14M)
current process WorkingSet (physical memory assigned to process): 8742M, peak: 9305M
current process commit charge ("private bytes"): 45057M, peak: 45059M

vm_info: Java HotSpot(TM) 64-Bit Server VM (21+35-LTS-2513) for windows-amd64 JRE (21+35-LTS-2513), built on 2023-08-09T20:25:10Z by "mach5one" with MS VC++ 17.1 (VS2022)

END.
